--
-- PostgreSQL database dump
--

\restrict QfPgTEuZzayvLXgCUxt3Hsc8Fo7J5Lkog7GKBYXjszeh8Fk8rIWwbYFuP4oFZ1L

-- Dumped from database version 15.15
-- Dumped by pg_dump version 15.15

SET statement_timeout = 0;
SET lock_timeout = 0;
SET idle_in_transaction_session_timeout = 0;
SET client_encoding = 'UTF8';
SET standard_conforming_strings = on;
SELECT pg_catalog.set_config('search_path', '', false);
SET check_function_bodies = false;
SET xmloption = content;
SET client_min_messages = warning;
SET row_security = off;

SET default_tablespace = '';

SET default_table_access_method = heap;

--
-- Name: auth_group; Type: TABLE; Schema: public; Owner: postgres
--

CREATE TABLE public.auth_group (
    id integer NOT NULL,
    name character varying(150) NOT NULL
);


ALTER TABLE public.auth_group OWNER TO postgres;

--
-- Name: auth_group_id_seq; Type: SEQUENCE; Schema: public; Owner: postgres
--

ALTER TABLE public.auth_group ALTER COLUMN id ADD GENERATED BY DEFAULT AS IDENTITY (
    SEQUENCE NAME public.auth_group_id_seq
    START WITH 1
    INCREMENT BY 1
    NO MINVALUE
    NO MAXVALUE
    CACHE 1
);


--
-- Name: auth_group_permissions; Type: TABLE; Schema: public; Owner: postgres
--

CREATE TABLE public.auth_group_permissions (
    id bigint NOT NULL,
    group_id integer NOT NULL,
    permission_id integer NOT NULL
);


ALTER TABLE public.auth_group_permissions OWNER TO postgres;

--
-- Name: auth_group_permissions_id_seq; Type: SEQUENCE; Schema: public; Owner: postgres
--

ALTER TABLE public.auth_group_permissions ALTER COLUMN id ADD GENERATED BY DEFAULT AS IDENTITY (
    SEQUENCE NAME public.auth_group_permissions_id_seq
    START WITH 1
    INCREMENT BY 1
    NO MINVALUE
    NO MAXVALUE
    CACHE 1
);


--
-- Name: auth_permission; Type: TABLE; Schema: public; Owner: postgres
--

CREATE TABLE public.auth_permission (
    id integer NOT NULL,
    name character varying(255) NOT NULL,
    content_type_id integer NOT NULL,
    codename character varying(100) NOT NULL
);


ALTER TABLE public.auth_permission OWNER TO postgres;

--
-- Name: auth_permission_id_seq; Type: SEQUENCE; Schema: public; Owner: postgres
--

ALTER TABLE public.auth_permission ALTER COLUMN id ADD GENERATED BY DEFAULT AS IDENTITY (
    SEQUENCE NAME public.auth_permission_id_seq
    START WITH 1
    INCREMENT BY 1
    NO MINVALUE
    NO MAXVALUE
    CACHE 1
);


--
-- Name: auth_user; Type: TABLE; Schema: public; Owner: postgres
--

CREATE TABLE public.auth_user (
    id integer NOT NULL,
    password character varying(128) NOT NULL,
    last_login timestamp with time zone,
    is_superuser boolean NOT NULL,
    username character varying(150) NOT NULL,
    first_name character varying(150) NOT NULL,
    last_name character varying(150) NOT NULL,
    email character varying(254) NOT NULL,
    is_staff boolean NOT NULL,
    is_active boolean NOT NULL,
    date_joined timestamp with time zone NOT NULL
);


ALTER TABLE public.auth_user OWNER TO postgres;

--
-- Name: auth_user_groups; Type: TABLE; Schema: public; Owner: postgres
--

CREATE TABLE public.auth_user_groups (
    id bigint NOT NULL,
    user_id integer NOT NULL,
    group_id integer NOT NULL
);


ALTER TABLE public.auth_user_groups OWNER TO postgres;

--
-- Name: auth_user_groups_id_seq; Type: SEQUENCE; Schema: public; Owner: postgres
--

ALTER TABLE public.auth_user_groups ALTER COLUMN id ADD GENERATED BY DEFAULT AS IDENTITY (
    SEQUENCE NAME public.auth_user_groups_id_seq
    START WITH 1
    INCREMENT BY 1
    NO MINVALUE
    NO MAXVALUE
    CACHE 1
);


--
-- Name: auth_user_id_seq; Type: SEQUENCE; Schema: public; Owner: postgres
--

ALTER TABLE public.auth_user ALTER COLUMN id ADD GENERATED BY DEFAULT AS IDENTITY (
    SEQUENCE NAME public.auth_user_id_seq
    START WITH 1
    INCREMENT BY 1
    NO MINVALUE
    NO MAXVALUE
    CACHE 1
);


--
-- Name: auth_user_user_permissions; Type: TABLE; Schema: public; Owner: postgres
--

CREATE TABLE public.auth_user_user_permissions (
    id bigint NOT NULL,
    user_id integer NOT NULL,
    permission_id integer NOT NULL
);


ALTER TABLE public.auth_user_user_permissions OWNER TO postgres;

--
-- Name: auth_user_user_permissions_id_seq; Type: SEQUENCE; Schema: public; Owner: postgres
--

ALTER TABLE public.auth_user_user_permissions ALTER COLUMN id ADD GENERATED BY DEFAULT AS IDENTITY (
    SEQUENCE NAME public.auth_user_user_permissions_id_seq
    START WITH 1
    INCREMENT BY 1
    NO MINVALUE
    NO MAXVALUE
    CACHE 1
);


--
-- Name: authtoken_token; Type: TABLE; Schema: public; Owner: postgres
--

CREATE TABLE public.authtoken_token (
    key character varying(40) NOT NULL,
    created timestamp with time zone NOT NULL,
    user_id integer NOT NULL
);


ALTER TABLE public.authtoken_token OWNER TO postgres;

--
-- Name: django_admin_log; Type: TABLE; Schema: public; Owner: postgres
--

CREATE TABLE public.django_admin_log (
    id integer NOT NULL,
    action_time timestamp with time zone NOT NULL,
    object_id text,
    object_repr character varying(200) NOT NULL,
    action_flag smallint NOT NULL,
    change_message text NOT NULL,
    content_type_id integer,
    user_id integer NOT NULL,
    CONSTRAINT django_admin_log_action_flag_check CHECK ((action_flag >= 0))
);


ALTER TABLE public.django_admin_log OWNER TO postgres;

--
-- Name: django_admin_log_id_seq; Type: SEQUENCE; Schema: public; Owner: postgres
--

ALTER TABLE public.django_admin_log ALTER COLUMN id ADD GENERATED BY DEFAULT AS IDENTITY (
    SEQUENCE NAME public.django_admin_log_id_seq
    START WITH 1
    INCREMENT BY 1
    NO MINVALUE
    NO MAXVALUE
    CACHE 1
);


--
-- Name: django_content_type; Type: TABLE; Schema: public; Owner: postgres
--

CREATE TABLE public.django_content_type (
    id integer NOT NULL,
    app_label character varying(100) NOT NULL,
    model character varying(100) NOT NULL
);


ALTER TABLE public.django_content_type OWNER TO postgres;

--
-- Name: django_content_type_id_seq; Type: SEQUENCE; Schema: public; Owner: postgres
--

ALTER TABLE public.django_content_type ALTER COLUMN id ADD GENERATED BY DEFAULT AS IDENTITY (
    SEQUENCE NAME public.django_content_type_id_seq
    START WITH 1
    INCREMENT BY 1
    NO MINVALUE
    NO MAXVALUE
    CACHE 1
);


--
-- Name: django_migrations; Type: TABLE; Schema: public; Owner: postgres
--

CREATE TABLE public.django_migrations (
    id bigint NOT NULL,
    app character varying(255) NOT NULL,
    name character varying(255) NOT NULL,
    applied timestamp with time zone NOT NULL
);


ALTER TABLE public.django_migrations OWNER TO postgres;

--
-- Name: django_migrations_id_seq; Type: SEQUENCE; Schema: public; Owner: postgres
--

ALTER TABLE public.django_migrations ALTER COLUMN id ADD GENERATED BY DEFAULT AS IDENTITY (
    SEQUENCE NAME public.django_migrations_id_seq
    START WITH 1
    INCREMENT BY 1
    NO MINVALUE
    NO MAXVALUE
    CACHE 1
);


--
-- Name: django_session; Type: TABLE; Schema: public; Owner: postgres
--

CREATE TABLE public.django_session (
    session_key character varying(40) NOT NULL,
    session_data text NOT NULL,
    expire_date timestamp with time zone NOT NULL
);


ALTER TABLE public.django_session OWNER TO postgres;

--
-- Name: lms_announcement; Type: TABLE; Schema: public; Owner: postgres
--

CREATE TABLE public.lms_announcement (
    id bigint NOT NULL,
    created_at timestamp with time zone NOT NULL,
    updated_at timestamp with time zone NOT NULL,
    title character varying(255) NOT NULL,
    content text NOT NULL,
    is_pinned boolean NOT NULL,
    is_active boolean NOT NULL,
    course_id bigint NOT NULL,
    created_by_id integer
);


ALTER TABLE public.lms_announcement OWNER TO postgres;

--
-- Name: lms_announcement_id_seq; Type: SEQUENCE; Schema: public; Owner: postgres
--

ALTER TABLE public.lms_announcement ALTER COLUMN id ADD GENERATED BY DEFAULT AS IDENTITY (
    SEQUENCE NAME public.lms_announcement_id_seq
    START WITH 1
    INCREMENT BY 1
    NO MINVALUE
    NO MAXVALUE
    CACHE 1
);


--
-- Name: lms_assignment; Type: TABLE; Schema: public; Owner: postgres
--

CREATE TABLE public.lms_assignment (
    id bigint NOT NULL,
    created_at timestamp with time zone NOT NULL,
    updated_at timestamp with time zone NOT NULL,
    title character varying(255) NOT NULL,
    description text NOT NULL,
    due_date timestamp with time zone,
    max_score numeric(5,2) NOT NULL,
    is_active boolean NOT NULL,
    "order" integer NOT NULL,
    allow_late_submission boolean NOT NULL,
    course_id bigint NOT NULL,
    CONSTRAINT lms_assignment_order_check CHECK (("order" >= 0))
);


ALTER TABLE public.lms_assignment OWNER TO postgres;

--
-- Name: lms_assignment_id_seq; Type: SEQUENCE; Schema: public; Owner: postgres
--

ALTER TABLE public.lms_assignment ALTER COLUMN id ADD GENERATED BY DEFAULT AS IDENTITY (
    SEQUENCE NAME public.lms_assignment_id_seq
    START WITH 1
    INCREMENT BY 1
    NO MINVALUE
    NO MAXVALUE
    CACHE 1
);


--
-- Name: lms_assignmentsubmission; Type: TABLE; Schema: public; Owner: postgres
--

CREATE TABLE public.lms_assignmentsubmission (
    id bigint NOT NULL,
    created_at timestamp with time zone NOT NULL,
    updated_at timestamp with time zone NOT NULL,
    submission_text text NOT NULL,
    submission_file character varying(100) NOT NULL,
    status character varying(20) NOT NULL,
    score numeric(5,2),
    feedback text NOT NULL,
    submitted_at timestamp with time zone NOT NULL,
    graded_at timestamp with time zone,
    is_late boolean NOT NULL,
    assignment_id bigint NOT NULL,
    enrollment_id bigint NOT NULL
);


ALTER TABLE public.lms_assignmentsubmission OWNER TO postgres;

--
-- Name: lms_assignmentsubmission_id_seq; Type: SEQUENCE; Schema: public; Owner: postgres
--

ALTER TABLE public.lms_assignmentsubmission ALTER COLUMN id ADD GENERATED BY DEFAULT AS IDENTITY (
    SEQUENCE NAME public.lms_assignmentsubmission_id_seq
    START WITH 1
    INCREMENT BY 1
    NO MINVALUE
    NO MAXVALUE
    CACHE 1
);


--
-- Name: lms_attendance; Type: TABLE; Schema: public; Owner: postgres
--

CREATE TABLE public.lms_attendance (
    id bigint NOT NULL,
    created_at timestamp with time zone NOT NULL,
    updated_at timestamp with time zone NOT NULL,
    present boolean NOT NULL,
    note character varying(255) NOT NULL,
    checked_in_at timestamp with time zone,
    enrollment_id bigint NOT NULL,
    session_id bigint NOT NULL
);


ALTER TABLE public.lms_attendance OWNER TO postgres;

--
-- Name: lms_attendance_id_seq; Type: SEQUENCE; Schema: public; Owner: postgres
--

ALTER TABLE public.lms_attendance ALTER COLUMN id ADD GENERATED BY DEFAULT AS IDENTITY (
    SEQUENCE NAME public.lms_attendance_id_seq
    START WITH 1
    INCREMENT BY 1
    NO MINVALUE
    NO MAXVALUE
    CACHE 1
);


--
-- Name: lms_batch; Type: TABLE; Schema: public; Owner: postgres
--

CREATE TABLE public.lms_batch (
    id bigint NOT NULL,
    created_at timestamp with time zone NOT NULL,
    updated_at timestamp with time zone NOT NULL,
    name character varying(255) NOT NULL,
    capacity integer NOT NULL,
    start_date date,
    end_date date,
    is_active boolean NOT NULL,
    course_id bigint NOT NULL,
    instructor_id integer,
    batch_type character varying(20) NOT NULL,
    CONSTRAINT lms_batch_capacity_check CHECK ((capacity >= 0))
);


ALTER TABLE public.lms_batch OWNER TO postgres;

--
-- Name: lms_batch_id_seq; Type: SEQUENCE; Schema: public; Owner: postgres
--

ALTER TABLE public.lms_batch ALTER COLUMN id ADD GENERATED BY DEFAULT AS IDENTITY (
    SEQUENCE NAME public.lms_batch_id_seq
    START WITH 1
    INCREMENT BY 1
    NO MINVALUE
    NO MAXVALUE
    CACHE 1
);


--
-- Name: lms_batchsession; Type: TABLE; Schema: public; Owner: postgres
--

CREATE TABLE public.lms_batchsession (
    id bigint NOT NULL,
    created_at timestamp with time zone NOT NULL,
    updated_at timestamp with time zone NOT NULL,
    title character varying(255) NOT NULL,
    start_datetime timestamp with time zone NOT NULL,
    end_datetime timestamp with time zone NOT NULL,
    location character varying(255) NOT NULL,
    description text NOT NULL,
    batch_id bigint NOT NULL,
    is_active boolean NOT NULL,
    session_number integer NOT NULL,
    CONSTRAINT lms_batchsession_session_number_check CHECK ((session_number >= 0))
);


ALTER TABLE public.lms_batchsession OWNER TO postgres;

--
-- Name: lms_batchsession_id_seq; Type: SEQUENCE; Schema: public; Owner: postgres
--

ALTER TABLE public.lms_batchsession ALTER COLUMN id ADD GENERATED BY DEFAULT AS IDENTITY (
    SEQUENCE NAME public.lms_batchsession_id_seq
    START WITH 1
    INCREMENT BY 1
    NO MINVALUE
    NO MAXVALUE
    CACHE 1
);


--
-- Name: lms_cart; Type: TABLE; Schema: public; Owner: postgres
--

CREATE TABLE public.lms_cart (
    id bigint NOT NULL,
    created_at timestamp with time zone NOT NULL,
    updated_at timestamp with time zone NOT NULL,
    user_id integer NOT NULL
);


ALTER TABLE public.lms_cart OWNER TO postgres;

--
-- Name: lms_cart_id_seq; Type: SEQUENCE; Schema: public; Owner: postgres
--

ALTER TABLE public.lms_cart ALTER COLUMN id ADD GENERATED BY DEFAULT AS IDENTITY (
    SEQUENCE NAME public.lms_cart_id_seq
    START WITH 1
    INCREMENT BY 1
    NO MINVALUE
    NO MAXVALUE
    CACHE 1
);


--
-- Name: lms_cartitem; Type: TABLE; Schema: public; Owner: postgres
--

CREATE TABLE public.lms_cartitem (
    id bigint NOT NULL,
    created_at timestamp with time zone NOT NULL,
    updated_at timestamp with time zone NOT NULL,
    cart_id bigint NOT NULL,
    course_id bigint NOT NULL
);


ALTER TABLE public.lms_cartitem OWNER TO postgres;

--
-- Name: lms_cartitem_id_seq; Type: SEQUENCE; Schema: public; Owner: postgres
--

ALTER TABLE public.lms_cartitem ALTER COLUMN id ADD GENERATED BY DEFAULT AS IDENTITY (
    SEQUENCE NAME public.lms_cartitem_id_seq
    START WITH 1
    INCREMENT BY 1
    NO MINVALUE
    NO MAXVALUE
    CACHE 1
);


--
-- Name: lms_category; Type: TABLE; Schema: public; Owner: postgres
--

CREATE TABLE public.lms_category (
    id bigint NOT NULL,
    created_at timestamp with time zone NOT NULL,
    updated_at timestamp with time zone NOT NULL,
    name character varying(100) NOT NULL,
    slug character varying(50) NOT NULL,
    description text NOT NULL,
    parent_id bigint
);


ALTER TABLE public.lms_category OWNER TO postgres;

--
-- Name: lms_category_id_seq; Type: SEQUENCE; Schema: public; Owner: postgres
--

ALTER TABLE public.lms_category ALTER COLUMN id ADD GENERATED BY DEFAULT AS IDENTITY (
    SEQUENCE NAME public.lms_category_id_seq
    START WITH 1
    INCREMENT BY 1
    NO MINVALUE
    NO MAXVALUE
    CACHE 1
);


--
-- Name: lms_certificate; Type: TABLE; Schema: public; Owner: postgres
--

CREATE TABLE public.lms_certificate (
    id bigint NOT NULL,
    created_at timestamp with time zone NOT NULL,
    updated_at timestamp with time zone NOT NULL,
    certificate_number character varying(50) NOT NULL,
    issued_at timestamp with time zone NOT NULL,
    pdf_file character varying(100) NOT NULL,
    enrollment_id bigint NOT NULL
);


ALTER TABLE public.lms_certificate OWNER TO postgres;

--
-- Name: lms_certificate_id_seq; Type: SEQUENCE; Schema: public; Owner: postgres
--

ALTER TABLE public.lms_certificate ALTER COLUMN id ADD GENERATED BY DEFAULT AS IDENTITY (
    SEQUENCE NAME public.lms_certificate_id_seq
    START WITH 1
    INCREMENT BY 1
    NO MINVALUE
    NO MAXVALUE
    CACHE 1
);


--
-- Name: lms_course; Type: TABLE; Schema: public; Owner: postgres
--

CREATE TABLE public.lms_course (
    id bigint NOT NULL,
    created_at timestamp with time zone NOT NULL,
    updated_at timestamp with time zone NOT NULL,
    title character varying(255) NOT NULL,
    slug character varying(50) NOT NULL,
    description text NOT NULL,
    short_description text NOT NULL,
    modality character varying(20) NOT NULL,
    price numeric(10,2) NOT NULL,
    max_batch_size integer NOT NULL,
    is_active boolean NOT NULL,
    thumbnail character varying(200) NOT NULL,
    language character varying(50) NOT NULL,
    level character varying(20) NOT NULL,
    total_duration_hours numeric(6,2) NOT NULL,
    total_lectures integer NOT NULL,
    total_students integer NOT NULL,
    rating numeric(3,2) NOT NULL,
    num_reviews integer NOT NULL,
    instructor_id integer,
    CONSTRAINT lms_course_max_batch_size_check CHECK ((max_batch_size >= 0)),
    CONSTRAINT lms_course_num_reviews_check CHECK ((num_reviews >= 0)),
    CONSTRAINT lms_course_total_lectures_check CHECK ((total_lectures >= 0)),
    CONSTRAINT lms_course_total_students_check CHECK ((total_students >= 0))
);


ALTER TABLE public.lms_course OWNER TO postgres;

--
-- Name: lms_course_id_seq; Type: SEQUENCE; Schema: public; Owner: postgres
--

ALTER TABLE public.lms_course ALTER COLUMN id ADD GENERATED BY DEFAULT AS IDENTITY (
    SEQUENCE NAME public.lms_course_id_seq
    START WITH 1
    INCREMENT BY 1
    NO MINVALUE
    NO MAXVALUE
    CACHE 1
);


--
-- Name: lms_coursecategory; Type: TABLE; Schema: public; Owner: postgres
--

CREATE TABLE public.lms_coursecategory (
    id bigint NOT NULL,
    created_at timestamp with time zone NOT NULL,
    updated_at timestamp with time zone NOT NULL,
    category_id bigint NOT NULL,
    course_id bigint NOT NULL
);


ALTER TABLE public.lms_coursecategory OWNER TO postgres;

--
-- Name: lms_coursecategory_id_seq; Type: SEQUENCE; Schema: public; Owner: postgres
--

ALTER TABLE public.lms_coursecategory ALTER COLUMN id ADD GENERATED BY DEFAULT AS IDENTITY (
    SEQUENCE NAME public.lms_coursecategory_id_seq
    START WITH 1
    INCREMENT BY 1
    NO MINVALUE
    NO MAXVALUE
    CACHE 1
);


--
-- Name: lms_coursesection; Type: TABLE; Schema: public; Owner: postgres
--

CREATE TABLE public.lms_coursesection (
    id bigint NOT NULL,
    created_at timestamp with time zone NOT NULL,
    updated_at timestamp with time zone NOT NULL,
    title character varying(255) NOT NULL,
    "order" integer NOT NULL,
    is_preview boolean NOT NULL,
    course_id bigint NOT NULL,
    CONSTRAINT lms_coursesection_order_check CHECK (("order" >= 0))
);


ALTER TABLE public.lms_coursesection OWNER TO postgres;

--
-- Name: lms_coursesection_id_seq; Type: SEQUENCE; Schema: public; Owner: postgres
--

ALTER TABLE public.lms_coursesection ALTER COLUMN id ADD GENERATED BY DEFAULT AS IDENTITY (
    SEQUENCE NAME public.lms_coursesection_id_seq
    START WITH 1
    INCREMENT BY 1
    NO MINVALUE
    NO MAXVALUE
    CACHE 1
);


--
-- Name: lms_coursetag; Type: TABLE; Schema: public; Owner: postgres
--

CREATE TABLE public.lms_coursetag (
    id bigint NOT NULL,
    created_at timestamp with time zone NOT NULL,
    updated_at timestamp with time zone NOT NULL,
    course_id bigint NOT NULL,
    tag_id bigint NOT NULL
);


ALTER TABLE public.lms_coursetag OWNER TO postgres;

--
-- Name: lms_coursetag_id_seq; Type: SEQUENCE; Schema: public; Owner: postgres
--

ALTER TABLE public.lms_coursetag ALTER COLUMN id ADD GENERATED BY DEFAULT AS IDENTITY (
    SEQUENCE NAME public.lms_coursetag_id_seq
    START WITH 1
    INCREMENT BY 1
    NO MINVALUE
    NO MAXVALUE
    CACHE 1
);


--
-- Name: lms_enrollment; Type: TABLE; Schema: public; Owner: postgres
--

CREATE TABLE public.lms_enrollment (
    id bigint NOT NULL,
    created_at timestamp with time zone NOT NULL,
    updated_at timestamp with time zone NOT NULL,
    status character varying(20) NOT NULL,
    progress_percent numeric(5,2) NOT NULL,
    certificate_url character varying(200) NOT NULL,
    completed_at timestamp with time zone,
    batch_id bigint,
    course_id bigint NOT NULL,
    user_id integer NOT NULL
);


ALTER TABLE public.lms_enrollment OWNER TO postgres;

--
-- Name: lms_enrollment_id_seq; Type: SEQUENCE; Schema: public; Owner: postgres
--

ALTER TABLE public.lms_enrollment ALTER COLUMN id ADD GENERATED BY DEFAULT AS IDENTITY (
    SEQUENCE NAME public.lms_enrollment_id_seq
    START WITH 1
    INCREMENT BY 1
    NO MINVALUE
    NO MAXVALUE
    CACHE 1
);


--
-- Name: lms_forum; Type: TABLE; Schema: public; Owner: postgres
--

CREATE TABLE public.lms_forum (
    id bigint NOT NULL,
    created_at timestamp with time zone NOT NULL,
    updated_at timestamp with time zone NOT NULL,
    is_active boolean NOT NULL,
    course_id bigint NOT NULL
);


ALTER TABLE public.lms_forum OWNER TO postgres;

--
-- Name: lms_forum_id_seq; Type: SEQUENCE; Schema: public; Owner: postgres
--

ALTER TABLE public.lms_forum ALTER COLUMN id ADD GENERATED BY DEFAULT AS IDENTITY (
    SEQUENCE NAME public.lms_forum_id_seq
    START WITH 1
    INCREMENT BY 1
    NO MINVALUE
    NO MAXVALUE
    CACHE 1
);


--
-- Name: lms_lecture; Type: TABLE; Schema: public; Owner: postgres
--

CREATE TABLE public.lms_lecture (
    id bigint NOT NULL,
    created_at timestamp with time zone NOT NULL,
    updated_at timestamp with time zone NOT NULL,
    title character varying(255) NOT NULL,
    description text NOT NULL,
    "order" integer NOT NULL,
    content_url character varying(200) NOT NULL,
    youtube_video_id character varying(50) NOT NULL,
    duration_minutes integer NOT NULL,
    is_preview boolean NOT NULL,
    video_type character varying(20) NOT NULL,
    section_id bigint NOT NULL,
    CONSTRAINT lms_lecture_duration_minutes_check CHECK ((duration_minutes >= 0)),
    CONSTRAINT lms_lecture_order_check CHECK (("order" >= 0))
);


ALTER TABLE public.lms_lecture OWNER TO postgres;

--
-- Name: lms_lecture_id_seq; Type: SEQUENCE; Schema: public; Owner: postgres
--

ALTER TABLE public.lms_lecture ALTER COLUMN id ADD GENERATED BY DEFAULT AS IDENTITY (
    SEQUENCE NAME public.lms_lecture_id_seq
    START WITH 1
    INCREMENT BY 1
    NO MINVALUE
    NO MAXVALUE
    CACHE 1
);


--
-- Name: lms_lectureprogress; Type: TABLE; Schema: public; Owner: postgres
--

CREATE TABLE public.lms_lectureprogress (
    id bigint NOT NULL,
    created_at timestamp with time zone NOT NULL,
    updated_at timestamp with time zone NOT NULL,
    completed boolean NOT NULL,
    completed_at timestamp with time zone,
    watch_time_seconds integer NOT NULL,
    last_position integer NOT NULL,
    enrollment_id bigint NOT NULL,
    lecture_id bigint NOT NULL,
    CONSTRAINT lms_lectureprogress_last_position_check CHECK ((last_position >= 0)),
    CONSTRAINT lms_lectureprogress_watch_time_seconds_check CHECK ((watch_time_seconds >= 0))
);


ALTER TABLE public.lms_lectureprogress OWNER TO postgres;

--
-- Name: lms_lectureprogress_id_seq; Type: SEQUENCE; Schema: public; Owner: postgres
--

ALTER TABLE public.lms_lectureprogress ALTER COLUMN id ADD GENERATED BY DEFAULT AS IDENTITY (
    SEQUENCE NAME public.lms_lectureprogress_id_seq
    START WITH 1
    INCREMENT BY 1
    NO MINVALUE
    NO MAXVALUE
    CACHE 1
);


--
-- Name: lms_note; Type: TABLE; Schema: public; Owner: postgres
--

CREATE TABLE public.lms_note (
    id bigint NOT NULL,
    created_at timestamp with time zone NOT NULL,
    updated_at timestamp with time zone NOT NULL,
    content text NOT NULL,
    is_public boolean NOT NULL,
    "timestamp" integer NOT NULL,
    enrollment_id bigint NOT NULL,
    lecture_id bigint NOT NULL,
    CONSTRAINT lms_note_timestamp_check CHECK (("timestamp" >= 0))
);


ALTER TABLE public.lms_note OWNER TO postgres;

--
-- Name: lms_note_id_seq; Type: SEQUENCE; Schema: public; Owner: postgres
--

ALTER TABLE public.lms_note ALTER COLUMN id ADD GENERATED BY DEFAULT AS IDENTITY (
    SEQUENCE NAME public.lms_note_id_seq
    START WITH 1
    INCREMENT BY 1
    NO MINVALUE
    NO MAXVALUE
    CACHE 1
);


--
-- Name: lms_notification; Type: TABLE; Schema: public; Owner: postgres
--

CREATE TABLE public.lms_notification (
    id bigint NOT NULL,
    created_at timestamp with time zone NOT NULL,
    updated_at timestamp with time zone NOT NULL,
    notification_type character varying(50) NOT NULL,
    title character varying(255) NOT NULL,
    message text NOT NULL,
    is_read boolean NOT NULL,
    read_at timestamp with time zone,
    metadata jsonb NOT NULL,
    related_course_id bigint,
    user_id integer NOT NULL
);


ALTER TABLE public.lms_notification OWNER TO postgres;

--
-- Name: lms_notification_id_seq; Type: SEQUENCE; Schema: public; Owner: postgres
--

ALTER TABLE public.lms_notification ALTER COLUMN id ADD GENERATED BY DEFAULT AS IDENTITY (
    SEQUENCE NAME public.lms_notification_id_seq
    START WITH 1
    INCREMENT BY 1
    NO MINVALUE
    NO MAXVALUE
    CACHE 1
);


--
-- Name: lms_payment; Type: TABLE; Schema: public; Owner: postgres
--

CREATE TABLE public.lms_payment (
    id bigint NOT NULL,
    created_at timestamp with time zone NOT NULL,
    updated_at timestamp with time zone NOT NULL,
    amount numeric(10,2) NOT NULL,
    status character varying(20) NOT NULL,
    payfast_payment_id character varying(128) NOT NULL,
    payfast_signature character varying(255) NOT NULL,
    metadata jsonb NOT NULL,
    cart_id bigint,
    course_id bigint,
    user_id integer NOT NULL
);


ALTER TABLE public.lms_payment OWNER TO postgres;

--
-- Name: lms_payment_id_seq; Type: SEQUENCE; Schema: public; Owner: postgres
--

ALTER TABLE public.lms_payment ALTER COLUMN id ADD GENERATED BY DEFAULT AS IDENTITY (
    SEQUENCE NAME public.lms_payment_id_seq
    START WITH 1
    INCREMENT BY 1
    NO MINVALUE
    NO MAXVALUE
    CACHE 1
);


--
-- Name: lms_post; Type: TABLE; Schema: public; Owner: postgres
--

CREATE TABLE public.lms_post (
    id bigint NOT NULL,
    created_at timestamp with time zone NOT NULL,
    updated_at timestamp with time zone NOT NULL,
    title character varying(255) NOT NULL,
    content text NOT NULL,
    is_pinned boolean NOT NULL,
    is_locked boolean NOT NULL,
    post_type character varying(20) NOT NULL,
    forum_id bigint NOT NULL,
    user_id integer NOT NULL
);


ALTER TABLE public.lms_post OWNER TO postgres;

--
-- Name: lms_post_id_seq; Type: SEQUENCE; Schema: public; Owner: postgres
--

ALTER TABLE public.lms_post ALTER COLUMN id ADD GENERATED BY DEFAULT AS IDENTITY (
    SEQUENCE NAME public.lms_post_id_seq
    START WITH 1
    INCREMENT BY 1
    NO MINVALUE
    NO MAXVALUE
    CACHE 1
);


--
-- Name: lms_prerequisite; Type: TABLE; Schema: public; Owner: postgres
--

CREATE TABLE public.lms_prerequisite (
    id bigint NOT NULL,
    created_at timestamp with time zone NOT NULL,
    updated_at timestamp with time zone NOT NULL,
    course_id bigint NOT NULL,
    required_course_id bigint NOT NULL
);


ALTER TABLE public.lms_prerequisite OWNER TO postgres;

--
-- Name: lms_prerequisite_id_seq; Type: SEQUENCE; Schema: public; Owner: postgres
--

ALTER TABLE public.lms_prerequisite ALTER COLUMN id ADD GENERATED BY DEFAULT AS IDENTITY (
    SEQUENCE NAME public.lms_prerequisite_id_seq
    START WITH 1
    INCREMENT BY 1
    NO MINVALUE
    NO MAXVALUE
    CACHE 1
);


--
-- Name: lms_qanda; Type: TABLE; Schema: public; Owner: postgres
--

CREATE TABLE public.lms_qanda (
    id bigint NOT NULL,
    created_at timestamp with time zone NOT NULL,
    updated_at timestamp with time zone NOT NULL,
    question text NOT NULL,
    answer text NOT NULL,
    "order" integer NOT NULL,
    is_active boolean NOT NULL,
    views_count integer NOT NULL,
    course_id bigint NOT NULL,
    CONSTRAINT lms_qanda_order_check CHECK (("order" >= 0)),
    CONSTRAINT lms_qanda_views_count_check CHECK ((views_count >= 0))
);


ALTER TABLE public.lms_qanda OWNER TO postgres;

--
-- Name: lms_qanda_id_seq; Type: SEQUENCE; Schema: public; Owner: postgres
--

ALTER TABLE public.lms_qanda ALTER COLUMN id ADD GENERATED BY DEFAULT AS IDENTITY (
    SEQUENCE NAME public.lms_qanda_id_seq
    START WITH 1
    INCREMENT BY 1
    NO MINVALUE
    NO MAXVALUE
    CACHE 1
);


--
-- Name: lms_question; Type: TABLE; Schema: public; Owner: postgres
--

CREATE TABLE public.lms_question (
    id bigint NOT NULL,
    created_at timestamp with time zone NOT NULL,
    updated_at timestamp with time zone NOT NULL,
    question_text text NOT NULL,
    question_type character varying(20) NOT NULL,
    points numeric(5,2) NOT NULL,
    "order" integer NOT NULL,
    correct_answer text NOT NULL,
    quiz_id bigint NOT NULL,
    CONSTRAINT lms_question_order_check CHECK (("order" >= 0))
);


ALTER TABLE public.lms_question OWNER TO postgres;

--
-- Name: lms_question_id_seq; Type: SEQUENCE; Schema: public; Owner: postgres
--

ALTER TABLE public.lms_question ALTER COLUMN id ADD GENERATED BY DEFAULT AS IDENTITY (
    SEQUENCE NAME public.lms_question_id_seq
    START WITH 1
    INCREMENT BY 1
    NO MINVALUE
    NO MAXVALUE
    CACHE 1
);


--
-- Name: lms_questionoption; Type: TABLE; Schema: public; Owner: postgres
--

CREATE TABLE public.lms_questionoption (
    id bigint NOT NULL,
    created_at timestamp with time zone NOT NULL,
    updated_at timestamp with time zone NOT NULL,
    option_text character varying(255) NOT NULL,
    is_correct boolean NOT NULL,
    "order" integer NOT NULL,
    question_id bigint NOT NULL,
    CONSTRAINT lms_questionoption_order_check CHECK (("order" >= 0))
);


ALTER TABLE public.lms_questionoption OWNER TO postgres;

--
-- Name: lms_questionoption_id_seq; Type: SEQUENCE; Schema: public; Owner: postgres
--

ALTER TABLE public.lms_questionoption ALTER COLUMN id ADD GENERATED BY DEFAULT AS IDENTITY (
    SEQUENCE NAME public.lms_questionoption_id_seq
    START WITH 1
    INCREMENT BY 1
    NO MINVALUE
    NO MAXVALUE
    CACHE 1
);


--
-- Name: lms_quiz; Type: TABLE; Schema: public; Owner: postgres
--

CREATE TABLE public.lms_quiz (
    id bigint NOT NULL,
    created_at timestamp with time zone NOT NULL,
    updated_at timestamp with time zone NOT NULL,
    title character varying(255) NOT NULL,
    description text NOT NULL,
    passing_score numeric(5,2) NOT NULL,
    time_limit_minutes integer,
    max_attempts integer NOT NULL,
    is_active boolean NOT NULL,
    "order" integer NOT NULL,
    allow_retake boolean NOT NULL,
    course_id bigint NOT NULL,
    CONSTRAINT lms_quiz_max_attempts_check CHECK ((max_attempts >= 0)),
    CONSTRAINT lms_quiz_order_check CHECK (("order" >= 0)),
    CONSTRAINT lms_quiz_time_limit_minutes_check CHECK ((time_limit_minutes >= 0))
);


ALTER TABLE public.lms_quiz OWNER TO postgres;

--
-- Name: lms_quiz_id_seq; Type: SEQUENCE; Schema: public; Owner: postgres
--

ALTER TABLE public.lms_quiz ALTER COLUMN id ADD GENERATED BY DEFAULT AS IDENTITY (
    SEQUENCE NAME public.lms_quiz_id_seq
    START WITH 1
    INCREMENT BY 1
    NO MINVALUE
    NO MAXVALUE
    CACHE 1
);


--
-- Name: lms_quizattempt; Type: TABLE; Schema: public; Owner: postgres
--

CREATE TABLE public.lms_quizattempt (
    id bigint NOT NULL,
    created_at timestamp with time zone NOT NULL,
    updated_at timestamp with time zone NOT NULL,
    score numeric(5,2),
    passed boolean NOT NULL,
    started_at timestamp with time zone NOT NULL,
    completed_at timestamp with time zone,
    answers jsonb NOT NULL,
    attempt_number integer NOT NULL,
    enrollment_id bigint NOT NULL,
    quiz_id bigint NOT NULL,
    CONSTRAINT lms_quizattempt_attempt_number_check CHECK ((attempt_number >= 0))
);


ALTER TABLE public.lms_quizattempt OWNER TO postgres;

--
-- Name: lms_quizattempt_id_seq; Type: SEQUENCE; Schema: public; Owner: postgres
--

ALTER TABLE public.lms_quizattempt ALTER COLUMN id ADD GENERATED BY DEFAULT AS IDENTITY (
    SEQUENCE NAME public.lms_quizattempt_id_seq
    START WITH 1
    INCREMENT BY 1
    NO MINVALUE
    NO MAXVALUE
    CACHE 1
);


--
-- Name: lms_reply; Type: TABLE; Schema: public; Owner: postgres
--

CREATE TABLE public.lms_reply (
    id bigint NOT NULL,
    created_at timestamp with time zone NOT NULL,
    updated_at timestamp with time zone NOT NULL,
    content text NOT NULL,
    is_answer boolean NOT NULL,
    parent_reply_id bigint,
    post_id bigint NOT NULL,
    user_id integer NOT NULL
);


ALTER TABLE public.lms_reply OWNER TO postgres;

--
-- Name: lms_reply_id_seq; Type: SEQUENCE; Schema: public; Owner: postgres
--

ALTER TABLE public.lms_reply ALTER COLUMN id ADD GENERATED BY DEFAULT AS IDENTITY (
    SEQUENCE NAME public.lms_reply_id_seq
    START WITH 1
    INCREMENT BY 1
    NO MINVALUE
    NO MAXVALUE
    CACHE 1
);


--
-- Name: lms_resource; Type: TABLE; Schema: public; Owner: postgres
--

CREATE TABLE public.lms_resource (
    id bigint NOT NULL,
    created_at timestamp with time zone NOT NULL,
    updated_at timestamp with time zone NOT NULL,
    title character varying(255) NOT NULL,
    description text NOT NULL,
    resource_type character varying(20) NOT NULL,
    file character varying(100) NOT NULL,
    external_url character varying(200) NOT NULL,
    is_active boolean NOT NULL,
    "order" integer NOT NULL,
    course_id bigint NOT NULL,
    CONSTRAINT lms_resource_order_check CHECK (("order" >= 0))
);


ALTER TABLE public.lms_resource OWNER TO postgres;

--
-- Name: lms_resource_id_seq; Type: SEQUENCE; Schema: public; Owner: postgres
--

ALTER TABLE public.lms_resource ALTER COLUMN id ADD GENERATED BY DEFAULT AS IDENTITY (
    SEQUENCE NAME public.lms_resource_id_seq
    START WITH 1
    INCREMENT BY 1
    NO MINVALUE
    NO MAXVALUE
    CACHE 1
);


--
-- Name: lms_review; Type: TABLE; Schema: public; Owner: postgres
--

CREATE TABLE public.lms_review (
    id bigint NOT NULL,
    created_at timestamp with time zone NOT NULL,
    updated_at timestamp with time zone NOT NULL,
    rating integer NOT NULL,
    comment text NOT NULL,
    is_verified_purchase boolean NOT NULL,
    course_id bigint NOT NULL,
    user_id integer NOT NULL,
    CONSTRAINT lms_review_rating_check CHECK ((rating >= 0))
);


ALTER TABLE public.lms_review OWNER TO postgres;

--
-- Name: lms_review_id_seq; Type: SEQUENCE; Schema: public; Owner: postgres
--

ALTER TABLE public.lms_review ALTER COLUMN id ADD GENERATED BY DEFAULT AS IDENTITY (
    SEQUENCE NAME public.lms_review_id_seq
    START WITH 1
    INCREMENT BY 1
    NO MINVALUE
    NO MAXVALUE
    CACHE 1
);


--
-- Name: lms_sessionregistration; Type: TABLE; Schema: public; Owner: postgres
--

CREATE TABLE public.lms_sessionregistration (
    id bigint NOT NULL,
    created_at timestamp with time zone NOT NULL,
    updated_at timestamp with time zone NOT NULL,
    status character varying(20) NOT NULL,
    registered_at timestamp with time zone NOT NULL,
    enrollment_id bigint NOT NULL,
    session_id bigint NOT NULL
);


ALTER TABLE public.lms_sessionregistration OWNER TO postgres;

--
-- Name: lms_sessionregistration_id_seq; Type: SEQUENCE; Schema: public; Owner: postgres
--

ALTER TABLE public.lms_sessionregistration ALTER COLUMN id ADD GENERATED BY DEFAULT AS IDENTITY (
    SEQUENCE NAME public.lms_sessionregistration_id_seq
    START WITH 1
    INCREMENT BY 1
    NO MINVALUE
    NO MAXVALUE
    CACHE 1
);


--
-- Name: lms_tag; Type: TABLE; Schema: public; Owner: postgres
--

CREATE TABLE public.lms_tag (
    id bigint NOT NULL,
    created_at timestamp with time zone NOT NULL,
    updated_at timestamp with time zone NOT NULL,
    name character varying(50) NOT NULL,
    slug character varying(50) NOT NULL
);


ALTER TABLE public.lms_tag OWNER TO postgres;

--
-- Name: lms_tag_id_seq; Type: SEQUENCE; Schema: public; Owner: postgres
--

ALTER TABLE public.lms_tag ALTER COLUMN id ADD GENERATED BY DEFAULT AS IDENTITY (
    SEQUENCE NAME public.lms_tag_id_seq
    START WITH 1
    INCREMENT BY 1
    NO MINVALUE
    NO MAXVALUE
    CACHE 1
);


--
-- Name: lms_wishlist; Type: TABLE; Schema: public; Owner: postgres
--

CREATE TABLE public.lms_wishlist (
    id bigint NOT NULL,
    created_at timestamp with time zone NOT NULL,
    updated_at timestamp with time zone NOT NULL,
    course_id bigint NOT NULL,
    user_id integer NOT NULL
);


ALTER TABLE public.lms_wishlist OWNER TO postgres;

--
-- Name: lms_wishlist_id_seq; Type: SEQUENCE; Schema: public; Owner: postgres
--

ALTER TABLE public.lms_wishlist ALTER COLUMN id ADD GENERATED BY DEFAULT AS IDENTITY (
    SEQUENCE NAME public.lms_wishlist_id_seq
    START WITH 1
    INCREMENT BY 1
    NO MINVALUE
    NO MAXVALUE
    CACHE 1
);


--
-- Data for Name: auth_group; Type: TABLE DATA; Schema: public; Owner: postgres
--

COPY public.auth_group (id, name) FROM stdin;
\.


--
-- Data for Name: auth_group_permissions; Type: TABLE DATA; Schema: public; Owner: postgres
--

COPY public.auth_group_permissions (id, group_id, permission_id) FROM stdin;
\.


--
-- Data for Name: auth_permission; Type: TABLE DATA; Schema: public; Owner: postgres
--

COPY public.auth_permission (id, name, content_type_id, codename) FROM stdin;
1	Can add log entry	1	add_logentry
2	Can change log entry	1	change_logentry
3	Can delete log entry	1	delete_logentry
4	Can view log entry	1	view_logentry
5	Can add permission	2	add_permission
6	Can change permission	2	change_permission
7	Can delete permission	2	delete_permission
8	Can view permission	2	view_permission
9	Can add group	3	add_group
10	Can change group	3	change_group
11	Can delete group	3	delete_group
12	Can view group	3	view_group
13	Can add user	4	add_user
14	Can change user	4	change_user
15	Can delete user	4	delete_user
16	Can view user	4	view_user
17	Can add content type	5	add_contenttype
18	Can change content type	5	change_contenttype
19	Can delete content type	5	delete_contenttype
20	Can view content type	5	view_contenttype
21	Can add session	6	add_session
22	Can change session	6	change_session
23	Can delete session	6	delete_session
24	Can view session	6	view_session
25	Can add Token	7	add_token
26	Can change Token	7	change_token
27	Can delete Token	7	delete_token
28	Can view Token	7	view_token
29	Can add token	8	add_tokenproxy
30	Can change token	8	change_tokenproxy
31	Can delete token	8	delete_tokenproxy
32	Can view token	8	view_tokenproxy
33	Can add batch	9	add_batch
34	Can change batch	9	change_batch
35	Can delete batch	9	delete_batch
36	Can view batch	9	view_batch
37	Can add cart	10	add_cart
38	Can change cart	10	change_cart
39	Can delete cart	10	delete_cart
40	Can view cart	10	view_cart
41	Can add category	11	add_category
42	Can change category	11	change_category
43	Can delete category	11	delete_category
44	Can view category	11	view_category
45	Can add course	12	add_course
46	Can change course	12	change_course
47	Can delete course	12	delete_course
48	Can view course	12	view_course
49	Can add course section	13	add_coursesection
50	Can change course section	13	change_coursesection
51	Can delete course section	13	delete_coursesection
52	Can view course section	13	view_coursesection
53	Can add enrollment	14	add_enrollment
54	Can change enrollment	14	change_enrollment
55	Can delete enrollment	14	delete_enrollment
56	Can view enrollment	14	view_enrollment
57	Can add forum	15	add_forum
58	Can change forum	15	change_forum
59	Can delete forum	15	delete_forum
60	Can view forum	15	view_forum
61	Can add lecture	16	add_lecture
62	Can change lecture	16	change_lecture
63	Can delete lecture	16	delete_lecture
64	Can view lecture	16	view_lecture
65	Can add post	17	add_post
66	Can change post	17	change_post
67	Can delete post	17	delete_post
68	Can view post	17	view_post
69	Can add question	18	add_question
70	Can change question	18	change_question
71	Can delete question	18	delete_question
72	Can view question	18	view_question
73	Can add quiz	19	add_quiz
74	Can change quiz	19	change_quiz
75	Can delete quiz	19	delete_quiz
76	Can view quiz	19	view_quiz
77	Can add tag	20	add_tag
78	Can change tag	20	change_tag
79	Can delete tag	20	delete_tag
80	Can view tag	20	view_tag
81	Can add resource	21	add_resource
82	Can change resource	21	change_resource
83	Can delete resource	21	delete_resource
84	Can view resource	21	view_resource
85	Can add reply	22	add_reply
86	Can change reply	22	change_reply
87	Can delete reply	22	delete_reply
88	Can view reply	22	view_reply
89	Can add quiz attempt	23	add_quizattempt
90	Can change quiz attempt	23	change_quizattempt
91	Can delete quiz attempt	23	delete_quizattempt
92	Can view quiz attempt	23	view_quizattempt
93	Can add question option	24	add_questionoption
94	Can change question option	24	change_questionoption
95	Can delete question option	24	delete_questionoption
96	Can view question option	24	view_questionoption
97	Can add payment	25	add_payment
98	Can change payment	25	change_payment
99	Can delete payment	25	delete_payment
100	Can view payment	25	view_payment
101	Can add notification	26	add_notification
102	Can change notification	26	change_notification
103	Can delete notification	26	delete_notification
104	Can view notification	26	view_notification
105	Can add course tag	27	add_coursetag
106	Can change course tag	27	change_coursetag
107	Can delete course tag	27	delete_coursetag
108	Can view course tag	27	view_coursetag
109	Can add course category	28	add_coursecategory
110	Can change course category	28	change_coursecategory
111	Can delete course category	28	delete_coursecategory
112	Can view course category	28	view_coursecategory
113	Can add certificate	29	add_certificate
114	Can change certificate	29	change_certificate
115	Can delete certificate	29	delete_certificate
116	Can view certificate	29	view_certificate
117	Can add batch session	30	add_batchsession
118	Can change batch session	30	change_batchsession
119	Can delete batch session	30	delete_batchsession
120	Can view batch session	30	view_batchsession
121	Can add assignment	31	add_assignment
122	Can change assignment	31	change_assignment
123	Can delete assignment	31	delete_assignment
124	Can view assignment	31	view_assignment
125	Can add wishlist	32	add_wishlist
126	Can change wishlist	32	change_wishlist
127	Can delete wishlist	32	delete_wishlist
128	Can view wishlist	32	view_wishlist
129	Can add review	33	add_review
130	Can change review	33	change_review
131	Can delete review	33	delete_review
132	Can view review	33	view_review
133	Can add prerequisite	34	add_prerequisite
134	Can change prerequisite	34	change_prerequisite
135	Can delete prerequisite	34	delete_prerequisite
136	Can view prerequisite	34	view_prerequisite
137	Can add note	35	add_note
138	Can change note	35	change_note
139	Can delete note	35	delete_note
140	Can view note	35	view_note
141	Can add lecture progress	36	add_lectureprogress
142	Can change lecture progress	36	change_lectureprogress
143	Can delete lecture progress	36	delete_lectureprogress
144	Can view lecture progress	36	view_lectureprogress
145	Can add cart item	37	add_cartitem
146	Can change cart item	37	change_cartitem
147	Can delete cart item	37	delete_cartitem
148	Can view cart item	37	view_cartitem
149	Can add attendance	38	add_attendance
150	Can change attendance	38	change_attendance
151	Can delete attendance	38	delete_attendance
152	Can view attendance	38	view_attendance
153	Can add assignment submission	39	add_assignmentsubmission
154	Can change assignment submission	39	change_assignmentsubmission
155	Can delete assignment submission	39	delete_assignmentsubmission
156	Can view assignment submission	39	view_assignmentsubmission
157	Can add session registration	40	add_sessionregistration
158	Can change session registration	40	change_sessionregistration
159	Can delete session registration	40	delete_sessionregistration
160	Can view session registration	40	view_sessionregistration
161	Can add announcement	41	add_announcement
162	Can change announcement	41	change_announcement
163	Can delete announcement	41	delete_announcement
164	Can view announcement	41	view_announcement
165	Can add Q&A	42	add_qanda
166	Can change Q&A	42	change_qanda
167	Can delete Q&A	42	delete_qanda
168	Can view Q&A	42	view_qanda
\.


--
-- Data for Name: auth_user; Type: TABLE DATA; Schema: public; Owner: postgres
--

COPY public.auth_user (id, password, last_login, is_superuser, username, first_name, last_name, email, is_staff, is_active, date_joined) FROM stdin;
10	pbkdf2_sha256$600000$LBN5atN0SUh9EhFWRziRLh$4c7cuskVn/op6i1u6p6NwFciLkQe6wCvxfCi6xFqTCg=	\N	f	adeel	Adeel	haider	adeelhaider122@gmail.com	f	t	2026-01-04 19:41:58.870582+00
3	pbkdf2_sha256$600000$rhQnlFa3IGJalI5E3vZPla$URqYEn0HYEKWKU90DgDBg71u5alu1aOTvQtMVxbDc8Y=	2026-02-02 15:17:22.614677+00	t	admin	Admin	User	admin@topskill.com	t	t	2026-01-03 15:31:03.163548+00
2	pbkdf2_sha256$600000$82hnXE8Bf0usgl81BF8Htz$mp/W4MFkjzg/EFi5zGF0gdzX7M8zdjaWAjamOlCu4D8=	\N	f	student	Jane	Student	student@topskill.com	f	t	2026-01-03 02:12:13.939541+00
5	pbkdf2_sha256$600000$15bMAhVeMvjrfwigJaSoJz$S7Nva044bq3K0q6hzKoJeSg95j3DocWEEuznXw95AsA=	\N	f	student1	Student1	User	student1@topskill.com	f	t	2026-01-04 08:24:36.07282+00
12	!k2he7m8nsFW4KBik45EFwWfWl4REOaz3CZWsSFyV	\N	f	adeelhaider170	Adeel	Haider	adeelhaider170@gmail.com	f	t	2026-01-12 13:14:55.960975+00
6	pbkdf2_sha256$600000$ZblSOdGV62jvyIl9CXUHUA$PDpJEGGBEovWOCVyhXBuG8oDJkYMBzPUdHe6YeGnxlg=	\N	f	student2	Student2	User	student2@topskill.com	f	t	2026-01-04 08:24:36.176242+00
7	pbkdf2_sha256$600000$r0exTZz4f600PBvFG2D2Ac$4r0dFn+W9xgneya6IGKVk3hJUahI/em1osE3Nw9imN4=	\N	f	student3	Student3	User	student3@topskill.com	f	t	2026-01-04 08:24:36.279062+00
8	pbkdf2_sha256$600000$2tIfMqjTz4RmZIn1kT8xcI$J43pDc+IXHwMz1SJXwWGyKXWqjMHj3mN/JOMWzouzMM=	\N	f	student4	Student4	User	student4@topskill.com	f	t	2026-01-04 08:24:36.382574+00
9	pbkdf2_sha256$600000$lYU7ohhK0uCznT62vUvJoc$AX9sqlB0Drznw/sZ5Yk5XG6HJiazL6+L823a5e008Xs=	\N	f	student5	Student5	User	student5@topskill.com	f	t	2026-01-04 08:24:36.480307+00
14	pbkdf2_sha256$600000$tU86ei9mEqdsChTFLUHYUP$4yfrsq3/Yl3fRL2KOrMOv1c57WwWuffLrheWEOoUmX0=	2026-02-02 15:12:52.640777+00	f	test_teacher			test_teacher@topskill.com	f	t	2026-02-02 12:45:20.088448+00
13	pbkdf2_sha256$600000$lo0lvex4k7w8JYydyxZVnk$wQkUWc5PDhghEG2hMWr1extUu2ec6x/DlrcmbxECS/w=	2026-02-02 12:46:36.821819+00	f	teacher122	Adeel	Haider	teacher122@topskill.com	f	t	2026-02-02 12:31:54.982746+00
1	pbkdf2_sha256$600000$FuVIOV9bKkjuZkzLBsck9c$TXGafHPjyk9Fc5BTlg0mj17vumxK8uEFn4SqnnF6rFo=	2026-02-04 09:45:49.309148+00	f	instructor	John	Instructor	instructor@topskill.com	f	t	2026-01-03 02:12:13.562539+00
4	pbkdf2_sha256$600000$aZfKjvxWjJnnhf9DtTx9Mc$SjYDZFsw8FmHFpSgDpqXLg1v3aOLp3qo+ZAMwMBACvM=	2026-01-03 16:21:14.040425+00	t	adeel.haider			adeel.haider@purelogics.net	t	t	2026-01-03 16:18:53.470084+00
\.


--
-- Data for Name: auth_user_groups; Type: TABLE DATA; Schema: public; Owner: postgres
--

COPY public.auth_user_groups (id, user_id, group_id) FROM stdin;
\.


--
-- Data for Name: auth_user_user_permissions; Type: TABLE DATA; Schema: public; Owner: postgres
--

COPY public.auth_user_user_permissions (id, user_id, permission_id) FROM stdin;
\.


--
-- Data for Name: authtoken_token; Type: TABLE DATA; Schema: public; Owner: postgres
--

COPY public.authtoken_token (key, created, user_id) FROM stdin;
\.


--
-- Data for Name: django_admin_log; Type: TABLE DATA; Schema: public; Owner: postgres
--

COPY public.django_admin_log (id, action_time, object_id, object_repr, action_flag, change_message, content_type_id, user_id) FROM stdin;
1	2026-01-06 11:07:11.502313+00	4	Shopify E-commerce Mastery - Shopify E-commerce Mastery - Quiz 1	2	[{"added": {"name": "question", "object": "Is Shopify E-commerce Mastery suitable for beginne"}}]	19	4
2	2026-01-06 11:07:54.613005+00	4	Shopify E-commerce Mastery - Shopify E-commerce Mastery - Quiz 1	2	[{"changed": {"name": "question", "object": "Is Shopify E-commerce Mastery suitable for beginne", "fields": ["Question type"]}}]	19	4
3	2026-01-06 12:38:21.352365+00	7	What is the main topic covered in Shopify E-commer	2	[]	18	4
4	2026-01-12 12:38:42.813158+00	11	adeelh	3		4	4
\.


--
-- Data for Name: django_content_type; Type: TABLE DATA; Schema: public; Owner: postgres
--

COPY public.django_content_type (id, app_label, model) FROM stdin;
1	admin	logentry
2	auth	permission
3	auth	group
4	auth	user
5	contenttypes	contenttype
6	sessions	session
7	authtoken	token
8	authtoken	tokenproxy
9	lms	batch
10	lms	cart
11	lms	category
12	lms	course
13	lms	coursesection
14	lms	enrollment
15	lms	forum
16	lms	lecture
17	lms	post
18	lms	question
19	lms	quiz
20	lms	tag
21	lms	resource
22	lms	reply
23	lms	quizattempt
24	lms	questionoption
25	lms	payment
26	lms	notification
27	lms	coursetag
28	lms	coursecategory
29	lms	certificate
30	lms	batchsession
31	lms	assignment
32	lms	wishlist
33	lms	review
34	lms	prerequisite
35	lms	note
36	lms	lectureprogress
37	lms	cartitem
38	lms	attendance
39	lms	assignmentsubmission
40	lms	sessionregistration
41	lms	announcement
42	lms	qanda
\.


--
-- Data for Name: django_migrations; Type: TABLE DATA; Schema: public; Owner: postgres
--

COPY public.django_migrations (id, app, name, applied) FROM stdin;
1	contenttypes	0001_initial	2026-01-02 21:26:21.318309+00
2	auth	0001_initial	2026-01-02 21:26:21.449099+00
3	admin	0001_initial	2026-01-02 21:26:21.487884+00
4	admin	0002_logentry_remove_auto_add	2026-01-02 21:26:21.499159+00
5	admin	0003_logentry_add_action_flag_choices	2026-01-02 21:26:21.509043+00
6	contenttypes	0002_remove_content_type_name	2026-01-02 21:26:21.524699+00
7	auth	0002_alter_permission_name_max_length	2026-01-02 21:26:21.533232+00
8	auth	0003_alter_user_email_max_length	2026-01-02 21:26:21.541675+00
9	auth	0004_alter_user_username_opts	2026-01-02 21:26:21.550462+00
10	auth	0005_alter_user_last_login_null	2026-01-02 21:26:21.561642+00
11	auth	0006_require_contenttypes_0002	2026-01-02 21:26:21.565104+00
12	auth	0007_alter_validators_add_error_messages	2026-01-02 21:26:21.572254+00
13	auth	0008_alter_user_username_max_length	2026-01-02 21:26:21.586407+00
14	auth	0009_alter_user_last_name_max_length	2026-01-02 21:26:21.595691+00
15	auth	0010_alter_group_name_max_length	2026-01-02 21:26:21.60452+00
16	auth	0011_update_proxy_permissions	2026-01-02 21:26:21.61245+00
17	auth	0012_alter_user_first_name_max_length	2026-01-02 21:26:21.619241+00
18	authtoken	0001_initial	2026-01-02 21:26:21.644284+00
19	authtoken	0002_auto_20160226_1747	2026-01-02 21:26:21.676184+00
20	authtoken	0003_tokenproxy	2026-01-02 21:26:21.682553+00
21	lms	0001_initial	2026-01-02 21:26:23.002603+00
22	lms	0002_remove_enrollment_enrolled_at	2026-01-02 21:26:23.104219+00
23	sessions	0001_initial	2026-01-02 21:26:23.135155+00
24	lms	0003_alter_batchsession_options_batchsession_is_active_and_more	2026-01-04 19:58:06.794816+00
25	lms	0004_qanda_announcement	2026-01-04 20:30:27.858731+00
26	lms	0005_add_batch_type	2026-01-06 08:57:06.410597+00
27	lms	0006_remove_note_unique_constraint	2026-01-20 11:03:51.456899+00
\.


--
-- Data for Name: django_session; Type: TABLE DATA; Schema: public; Owner: postgres
--

COPY public.django_session (session_key, session_data, expire_date) FROM stdin;
zugye5igm8h6bnfs6tcohd8wpkoq2k80	.eJxVjDsOAiEUAO9CbQg_eTxLe89AHj9ZNZAsu5Xx7oZkC21nJvNmnvat-n3k1S-JXZhhp18WKD5zmyI9qN07j71t6xL4TPhhB7_1lF_Xo_0bVBp1bhWUgiQzCKekTjYYQocghNAONcWgC2KSSkY6E1oQKDAiggKTS7Ts8wXDUTb_:1vc4NO:y0Vxb9I0aEwEeaMgLz-BbIzkBl7E_jSxqx8hKx3MVdI	2026-01-17 16:21:14.04446+00
m6f5zxh6qli8eocextsx4y0jtqv8prac	.eJxVjDsOwjAQBe_iGllr418o6TmDtfZ6cQA5UpxUiLuTSCmgfTPz3iLiutS49jLHkcRFKHH63RLmZ2k7oAe2-yTz1JZ5THJX5EG7vE1UXtfD_Tuo2OtWI3vnHIBVZ6OZ2GYTXCAij8pY5qCNHWxGLAAeYADDKjhbtEq8aUl8vtD_N6M:1vnZSH:HberMOS8yPNgHC7nxPgLRTXu7r0Z330N0xj1DUgNWTA	2026-02-18 09:45:49.319212+00
pgcx4zcjo2lcngipmswial6r02hzucva	.eJxVjDsOgzAQRO_iOrJszPqTMj1nsHbtJSaJjIShinL3gESRaLp5b-YtIm5riVvjJU5ZXIU24vJbEqYn14PkB9b7LNNc12UieSjypE0Oc-bX7XT_Dgq2sq8770kbEwJwxmAdmD08Qq80Ohi1dT4nYIU6GIWZURmnCch2ifoEVny-4583cg:1vmtK8:kShpEhc6RWyKwqV7VoWXy_OnVgF417doRyL-QuGBCAE	2026-02-16 12:46:36.824446+00
spttd1pz3ofvuax1xi1fc6jvu9h4p3li	.eJxVjEsOAiEQBe_C2hDkI7RL956BdEMjowaSYWZlvLtOMgvdvqp6LxFxXWpcB89xyuIsjlYcfkfC9OC2kXzHdusy9bbME8lNkTsd8tozPy-7-3dQcdRvnZi4aFLFkAY0rFk5fSqQQUHyPoRklLWZPIJDKmwBITkFFHQoyEG8PywHONs:1vmtK9:SQhyb1l1ZjJsYdvbIfxCGKhPojgZidU9jzpq1QnNp-4	2026-02-16 12:46:37.161389+00
tdcaamstn20n24kmud7n5gbf4s33dm7q	.eJxVjMsOwiAQRf-FtSFQWh4u3fsNZJgZpGogKe3K-O_apAvd3nPOfYkI21ri1nmJM4mz0OL0uyXAB9cd0B3qrUlsdV3mJHdFHrTLayN-Xg7376BAL986qIEcew0Wp5wSe8tjCHr0ziiXSWNWFjJTyB6mNFhNZJnJkMLE2aB4fwD4Czkx:1vmtK9:YYPNPVW8w5xhVkOiSesWqx10qBCbctBXcyVLgS6gk6w	2026-02-16 12:46:37.370657+00
0ijqk4de4ewfyh8m0uy0twjkvm8gxz5w	.eJxVjMsOwiAQRf-FtSFQWh4u3fsNZJgZpGogKe3K-O_apAvd3nPOfYkI21ri1nmJM4mz0OL0uyXAB9cd0B3qrUlsdV3mJHdFHrTLayN-Xg7376BAL986qIEcew0Wp5wSe8tjCHr0ziiXSWNWFjJTyB6mNFhNZJnJkMLE2aB4fwD4Czkx:1vmtXM:A7NBXNmtHVXSeUvm-h9FjVo3sYzJW-_FJGO6ryb7ses	2026-02-16 13:00:16.432191+00
t7bmpg8c3lomrql3sl59ee38pddkb0v3	.eJxVjMsOwiAQRf-FtSFQWh4u3fsNZJgZpGogKe3K-O_apAvd3nPOfYkI21ri1nmJM4mz0OL0uyXAB9cd0B3qrUlsdV3mJHdFHrTLayN-Xg7376BAL986qIEcew0Wp5wSe8tjCHr0ziiXSWNWFjJTyB6mNFhNZJnJkMLE2aB4fwD4Czkx:1vmtYo:BAweamCkudzVuw3OqAiv-rMHByEg3h-khdCN1jYV-Xo	2026-02-16 13:01:46.582602+00
g0dejw8x4y0qohydz0frrxwnlkbt2dv2	.eJxVjMsOwiAQRf-FtSFQWh4u3fsNZJgZpGogKe3K-O_apAvd3nPOfYkI21ri1nmJM4mz0OL0uyXAB9cd0B3qrUlsdV3mJHdFHrTLayN-Xg7376BAL986qIEcew0Wp5wSe8tjCHr0ziiXSWNWFjJTyB6mNFhNZJnJkMLE2aB4fwD4Czkx:1vmtZI:Uv3MsjAnYx08raAVtnwe_Lve1CuSSwgLhv57w5u1m4k	2026-02-16 13:02:16.251722+00
gcvu4g92a5nlutsrrrv3vtsxs5rf0xp0	e30:1vmvbg:NyN1iEk6Wj8KD-IlKbY1cQbzPIKRd2qWVYW9jNRjMr4	2026-02-16 15:12:52.637405+00
\.


--
-- Data for Name: lms_announcement; Type: TABLE DATA; Schema: public; Owner: postgres
--

COPY public.lms_announcement (id, created_at, updated_at, title, content, is_pinned, is_active, course_id, created_by_id) FROM stdin;
1	2026-01-04 20:35:59.545895+00	2026-01-04 20:35:59.545911+00	Welcome to the Course!	Welcome! We are excited to have you here. Make sure to check out the course materials and start with the first lecture.	t	t	1	3
2	2026-01-04 20:35:59.551492+00	2026-01-04 20:35:59.551504+00	New Content Added	We have added new lectures covering advanced topics. Check them out in the course content section.	f	t	1	3
3	2026-01-04 20:35:59.554991+00	2026-01-04 20:35:59.555+00	Assignment Deadline Reminder	Don't forget! The assignment is due next week. Make sure to submit it on time to get full credit.	f	t	1	3
4	2026-01-04 20:35:59.570587+00	2026-01-04 20:35:59.5706+00	Welcome to the Course!	Welcome! We are excited to have you here. Make sure to check out the course materials and start with the first lecture.	t	t	16	3
5	2026-01-04 20:35:59.574929+00	2026-01-04 20:35:59.574941+00	New Content Added	We have added new lectures covering advanced topics. Check them out in the course content section.	f	t	16	3
6	2026-01-04 20:35:59.578073+00	2026-01-04 20:35:59.578084+00	Assignment Deadline Reminder	Don't forget! The assignment is due next week. Make sure to submit it on time to get full credit.	f	t	16	3
7	2026-01-04 20:35:59.592649+00	2026-01-04 20:35:59.592656+00	Welcome to the Course!	Welcome! We are excited to have you here. Make sure to check out the course materials and start with the first lecture.	t	t	19	3
8	2026-01-04 20:35:59.595547+00	2026-01-04 20:35:59.595559+00	New Content Added	We have added new lectures covering advanced topics. Check them out in the course content section.	f	t	19	3
9	2026-01-04 20:35:59.599929+00	2026-01-04 20:35:59.59995+00	Assignment Deadline Reminder	Don't forget! The assignment is due next week. Make sure to submit it on time to get full credit.	f	t	19	3
10	2026-01-04 20:35:59.615746+00	2026-01-04 20:35:59.615774+00	Welcome to the Course!	Welcome! We are excited to have you here. Make sure to check out the course materials and start with the first lecture.	t	t	21	3
11	2026-01-04 20:35:59.619466+00	2026-01-04 20:35:59.619482+00	New Content Added	We have added new lectures covering advanced topics. Check them out in the course content section.	f	t	21	3
12	2026-01-04 20:35:59.622899+00	2026-01-04 20:35:59.622913+00	Assignment Deadline Reminder	Don't forget! The assignment is due next week. Make sure to submit it on time to get full credit.	f	t	21	3
13	2026-01-04 20:35:59.640191+00	2026-01-04 20:35:59.640209+00	Welcome to the Course!	Welcome! We are excited to have you here. Make sure to check out the course materials and start with the first lecture.	t	t	2	3
14	2026-01-04 20:35:59.643844+00	2026-01-04 20:35:59.64386+00	New Content Added	We have added new lectures covering advanced topics. Check them out in the course content section.	f	t	2	3
15	2026-01-04 20:35:59.647778+00	2026-01-04 20:35:59.647798+00	Assignment Deadline Reminder	Don't forget! The assignment is due next week. Make sure to submit it on time to get full credit.	f	t	2	3
16	2026-01-04 20:35:59.660057+00	2026-01-04 20:35:59.660067+00	Welcome to the Course!	Welcome! We are excited to have you here. Make sure to check out the course materials and start with the first lecture.	t	t	4	3
17	2026-01-04 20:35:59.663499+00	2026-01-04 20:35:59.663515+00	New Content Added	We have added new lectures covering advanced topics. Check them out in the course content section.	f	t	4	3
18	2026-01-04 20:35:59.667219+00	2026-01-04 20:35:59.667233+00	Assignment Deadline Reminder	Don't forget! The assignment is due next week. Make sure to submit it on time to get full credit.	f	t	4	3
19	2026-01-04 20:35:59.677875+00	2026-01-04 20:35:59.677888+00	Welcome to the Course!	Welcome! We are excited to have you here. Make sure to check out the course materials and start with the first lecture.	t	t	5	3
20	2026-01-04 20:35:59.68189+00	2026-01-04 20:35:59.681911+00	New Content Added	We have added new lectures covering advanced topics. Check them out in the course content section.	f	t	5	3
21	2026-01-04 20:35:59.684793+00	2026-01-04 20:35:59.684804+00	Assignment Deadline Reminder	Don't forget! The assignment is due next week. Make sure to submit it on time to get full credit.	f	t	5	3
22	2026-01-04 20:35:59.694945+00	2026-01-04 20:35:59.694959+00	Welcome to the Course!	Welcome! We are excited to have you here. Make sure to check out the course materials and start with the first lecture.	t	t	9	3
23	2026-01-04 20:35:59.699231+00	2026-01-04 20:35:59.699255+00	New Content Added	We have added new lectures covering advanced topics. Check them out in the course content section.	f	t	9	3
24	2026-01-04 20:35:59.702618+00	2026-01-04 20:35:59.70263+00	Assignment Deadline Reminder	Don't forget! The assignment is due next week. Make sure to submit it on time to get full credit.	f	t	9	3
37	2026-01-08 08:29:43.154326+00	2026-01-08 08:29:43.154348+00	Assignment Deadline Reminder	Don't forget! The assignment is due next week. Make sure to submit it on time to get full credit.	f	t	25	3
26	2026-01-08 08:29:42.977026+00	2026-01-08 08:29:42.977058+00	Welcome to the Course!	Welcome! We are excited to have you here. Make sure to check out the course materials and start with the first lecture.	t	t	22	3
27	2026-01-08 08:29:42.984198+00	2026-01-08 08:29:42.984219+00	New Content Added	We have added new lectures covering advanced topics. Check them out in the course content section.	f	t	22	3
28	2026-01-08 08:29:42.989966+00	2026-01-08 08:29:42.989986+00	Assignment Deadline Reminder	Don't forget! The assignment is due next week. Make sure to submit it on time to get full credit.	f	t	22	3
29	2026-01-08 08:29:43.028647+00	2026-01-08 08:29:43.028667+00	Welcome to the Course!	Welcome! We are excited to have you here. Make sure to check out the course materials and start with the first lecture.	t	t	23	3
30	2026-01-08 08:29:43.038796+00	2026-01-08 08:29:43.038818+00	New Content Added	We have added new lectures covering advanced topics. Check them out in the course content section.	f	t	23	3
31	2026-01-08 08:29:43.051788+00	2026-01-08 08:29:43.051808+00	Assignment Deadline Reminder	Don't forget! The assignment is due next week. Make sure to submit it on time to get full credit.	f	t	23	3
32	2026-01-08 08:29:43.078485+00	2026-01-08 08:29:43.078505+00	Welcome to the Course!	Welcome! We are excited to have you here. Make sure to check out the course materials and start with the first lecture.	t	t	24	3
33	2026-01-08 08:29:43.083534+00	2026-01-08 08:29:43.083557+00	New Content Added	We have added new lectures covering advanced topics. Check them out in the course content section.	f	t	24	3
34	2026-01-08 08:29:43.090321+00	2026-01-08 08:29:43.090343+00	Assignment Deadline Reminder	Don't forget! The assignment is due next week. Make sure to submit it on time to get full credit.	f	t	24	3
35	2026-01-08 08:29:43.136706+00	2026-01-08 08:29:43.136744+00	Welcome to the Course!	Welcome! We are excited to have you here. Make sure to check out the course materials and start with the first lecture.	t	t	25	3
36	2026-01-08 08:29:43.143088+00	2026-01-08 08:29:43.143108+00	New Content Added	We have added new lectures covering advanced topics. Check them out in the course content section.	f	t	25	3
\.


--
-- Data for Name: lms_assignment; Type: TABLE DATA; Schema: public; Owner: postgres
--

COPY public.lms_assignment (id, created_at, updated_at, title, description, due_date, max_score, is_active, "order", allow_late_submission, course_id) FROM stdin;
1	2026-01-04 08:24:36.976419+00	2026-01-04 08:24:36.976429+00	Python for Beginners - Final Project	Complete a final project demonstrating your understanding of Python for Beginners.	2026-02-03 08:24:36.975299+00	100.00	t	1	t	1
2	2026-01-04 08:24:36.980579+00	2026-01-04 08:24:36.980588+00	PostgreSQL Advanced - Final Project	Complete a final project demonstrating your understanding of PostgreSQL Advanced.	2026-02-03 08:24:36.979893+00	100.00	t	1	t	16
3	2026-01-04 08:24:36.983974+00	2026-01-04 08:24:36.983982+00	Git & GitHub Mastery - Final Project	Complete a final project demonstrating your understanding of Git & GitHub Mastery.	2026-02-03 08:24:36.983327+00	100.00	t	1	t	19
5	2026-01-04 08:24:36.99367+00	2026-01-04 08:24:36.993683+00	Django Web Development - Final Project	Complete a final project demonstrating your understanding of Django Web Development.	2026-02-03 08:24:36.992581+00	100.00	t	1	t	2
6	2026-01-04 08:24:36.998176+00	2026-01-04 08:24:36.998186+00	React - The Complete Guide - Final Project	Complete a final project demonstrating your understanding of React - The Complete Guide.	2026-02-03 08:24:36.997258+00	100.00	t	1	t	4
7	2026-01-04 08:24:37.003172+00	2026-01-04 08:24:37.003185+00	Node.js Backend Development - Final Project	Complete a final project demonstrating your understanding of Node.js Backend Development.	2026-02-03 08:24:37.001669+00	100.00	t	1	t	5
8	2026-01-04 08:24:37.007937+00	2026-01-04 08:24:37.00795+00	Full Stack Django & React - Final Project	Complete a final project demonstrating your understanding of Full Stack Django & React.	2026-02-03 08:24:37.006926+00	100.00	t	1	t	9
9	2026-01-08 08:29:42.286288+00	2026-01-08 08:29:42.286313+00	Python Programming - Physical Class - Final Project	Complete a final project demonstrating your understanding of Python Programming - Physical Class.	2026-02-07 08:29:42.282573+00	100.00	t	1	t	22
10	2026-01-08 08:29:42.303196+00	2026-01-08 08:29:42.30322+00	Web Development Bootcamp - Final Project	Complete a final project demonstrating your understanding of Web Development Bootcamp.	2026-02-07 08:29:42.301204+00	100.00	t	1	t	23
11	2026-01-08 08:29:42.322908+00	2026-01-08 08:29:42.322935+00	Full Stack Development - Hybrid - Final Project	Complete a final project demonstrating your understanding of Full Stack Development - Hybrid.	2026-02-07 08:29:42.31379+00	100.00	t	1	t	24
12	2026-01-08 08:29:42.373718+00	2026-01-08 08:29:42.373759+00	Software Development Internship - Final Project	Complete a final project demonstrating your understanding of Software Development Internship.	2026-02-07 08:29:42.359623+00	100.00	t	1	t	25
4	2026-01-04 08:24:36.988561+00	2026-01-28 15:33:49.720274+00	Shopify E-commerce Mastery - Final Project	Complete a final project demonstrating your understanding of Shopify E-commerce Mastery.	2026-02-03 08:24:00+00	100.00	t	1	t	21
\.


--
-- Data for Name: lms_assignmentsubmission; Type: TABLE DATA; Schema: public; Owner: postgres
--

COPY public.lms_assignmentsubmission (id, created_at, updated_at, submission_text, submission_file, status, score, feedback, submitted_at, graded_at, is_late, assignment_id, enrollment_id) FROM stdin;
1	2026-01-06 10:43:31.135518+00	2026-01-06 10:43:31.135534+00	adeel	assignments/Adeel_Haider-Shopify_Developer.pdf	submitted	\N		2026-01-06 10:43:31.136316+00	\N	f	4	16
2	2026-01-08 14:48:08.244147+00	2026-01-08 14:48:08.244158+00	adeel	assignments/Adeel_Haider-Shopify_Developer_RWDsKIp.pdf	submitted	\N		2026-01-08 14:48:08.245088+00	\N	f	12	21
3	2026-01-12 13:20:49.836427+00	2026-01-12 13:20:49.836454+00		assignments/Adeel_Haider-Shopify_Developer_hKnCAPY.pdf	submitted	\N		2026-01-12 13:20:49.837459+00	\N	f	12	22
4	2026-01-13 12:28:19.300218+00	2026-01-13 12:28:19.300232+00	test	assignments/Adeel_Haider-Shopify_Developer_JzqG4g9.pdf	submitted	\N		2026-01-13 12:28:19.301184+00	\N	f	4	24
5	2026-01-20 11:11:19.438712+00	2026-01-20 11:11:19.438731+00	CV	assignments/Adeel_Haider-Shopify_Developer_27UatmG.pdf	submitted	\N		2026-01-20 11:11:19.439869+00	\N	f	11	23
\.


--
-- Data for Name: lms_attendance; Type: TABLE DATA; Schema: public; Owner: postgres
--

COPY public.lms_attendance (id, created_at, updated_at, present, note, checked_in_at, enrollment_id, session_id) FROM stdin;
1	2026-01-08 08:29:39.453716+00	2026-01-08 08:29:39.45374+00	f	Absent	2026-01-01 09:04:00+00	3	54
2	2026-01-08 08:29:39.503125+00	2026-01-08 08:29:39.503147+00	t	Attended session	2025-12-25 09:03:00+00	3	55
3	2026-01-08 08:29:39.700136+00	2026-01-08 08:29:39.700157+00	t	Attended session	2026-01-01 09:08:00+00	19	57
4	2026-01-08 08:29:39.733548+00	2026-01-08 08:29:39.733679+00	t	Attended session	2025-12-25 09:02:00+00	19	58
5	2026-01-08 12:16:14.746496+00	2026-01-08 12:16:14.74651+00	f	Attended session	2026-01-08 09:05:00+00	3	53
6	2026-01-08 12:16:14.761134+00	2026-01-08 12:16:14.761147+00	t	Attended session	2026-01-08 09:07:00+00	19	56
7	2026-01-09 11:46:53.644797+00	2026-01-09 11:46:53.64481+00	f	Attended session	2026-01-09 09:01:00+00	3	59
8	2026-01-09 11:46:53.651753+00	2026-01-09 11:46:53.65177+00	t	Absent	2026-01-02 09:09:00+00	3	60
9	2026-01-09 11:46:53.658111+00	2026-01-09 11:46:53.658121+00	f	Absent	2025-12-26 09:05:00+00	3	61
10	2026-01-09 11:46:53.674648+00	2026-01-09 11:46:53.674653+00	f	Attended session	2026-01-09 09:00:00+00	19	62
11	2026-01-09 11:46:53.680395+00	2026-01-09 11:46:53.680401+00	t	Absent	2026-01-02 09:00:00+00	19	63
12	2026-01-09 11:46:53.686273+00	2026-01-09 11:46:53.68628+00	t	Attended session	2025-12-26 09:02:00+00	19	64
13	2026-01-12 11:35:10.248733+00	2026-01-12 11:35:10.24874+00	t	Attended session	2026-01-12 09:04:00+00	3	65
14	2026-01-12 11:35:10.254134+00	2026-01-12 11:35:10.254141+00	f	Attended session	2026-01-05 09:09:00+00	3	66
15	2026-01-12 11:35:10.258448+00	2026-01-12 11:35:10.258453+00	t	Attended session	2025-12-29 09:10:00+00	3	67
16	2026-01-12 11:35:10.271222+00	2026-01-12 11:35:10.271228+00	t	Attended session	2026-01-12 09:05:00+00	19	68
17	2026-01-12 11:35:10.274879+00	2026-01-12 11:35:10.274885+00	f	Attended session	2026-01-05 09:04:00+00	19	69
18	2026-01-12 11:35:10.279063+00	2026-01-12 11:35:10.27907+00	f	Absent	2025-12-29 09:01:00+00	19	70
46	2026-01-13 08:36:34.889198+00	2026-01-13 08:36:34.889206+00	t	Absent	2026-01-06 09:07:00+00	3	99
47	2026-01-13 08:36:34.896808+00	2026-01-13 08:36:34.896818+00	t	Absent	2025-12-30 09:02:00+00	3	100
48	2026-01-13 08:36:34.931582+00	2026-01-13 08:36:34.931593+00	f	Attended session	2026-01-06 09:03:00+00	19	102
49	2026-01-13 08:36:34.938443+00	2026-01-13 08:36:34.938453+00	t	Attended session	2025-12-30 09:05:00+00	19	103
50	2026-01-13 15:59:33.583682+00	2026-01-13 15:59:33.583702+00	t	Attended session	2026-01-13 09:01:00+00	3	98
51	2026-01-13 15:59:33.597804+00	2026-01-13 15:59:33.597811+00	t	Attended session	2026-01-13 09:01:00+00	19	101
52	2026-01-15 14:38:41.585936+00	2026-01-15 14:38:41.585952+00	t	Attended session	2026-01-15 09:05:00+00	3	104
53	2026-01-15 14:38:41.593066+00	2026-01-15 14:38:41.593076+00	t	Attended session	2026-01-08 09:01:00+00	3	105
54	2026-01-15 14:38:41.598562+00	2026-01-15 14:38:41.598571+00	f	Attended session	2026-01-01 09:08:00+00	3	106
55	2026-01-15 14:38:41.616633+00	2026-01-15 14:38:41.616646+00	f	Absent	2026-01-15 09:08:00+00	19	1
56	2026-01-15 14:38:41.623655+00	2026-01-15 14:38:41.623667+00	t	Absent	2026-01-08 09:06:00+00	19	107
57	2026-01-15 14:38:41.631949+00	2026-01-15 14:38:41.631969+00	t	Attended session	2026-01-01 09:06:00+00	19	108
58	2026-01-18 08:43:51.514611+00	2026-01-18 08:43:51.51462+00	t	Attended session	2026-01-11 09:08:00+00	3	110
59	2026-01-18 08:43:51.519801+00	2026-01-18 08:43:51.519811+00	t	Attended session	2026-01-04 09:06:00+00	3	111
60	2026-01-18 08:43:51.5443+00	2026-01-18 08:43:51.544307+00	t	Attended session	2026-01-11 09:02:00+00	19	113
61	2026-01-18 08:43:51.550004+00	2026-01-18 08:43:51.55001+00	t	Attended session	2026-01-04 09:03:00+00	19	114
62	2026-01-18 15:21:33.356158+00	2026-01-18 15:21:33.35618+00	t	Absent	2026-01-18 09:00:00+00	3	109
63	2026-01-18 15:21:33.378297+00	2026-01-18 15:21:33.378312+00	t	Attended session	2026-01-18 09:03:00+00	19	112
64	2026-01-19 11:48:59.397324+00	2026-01-19 11:48:59.397333+00	t	Absent	2026-01-19 09:09:00+00	3	115
65	2026-01-19 11:48:59.403047+00	2026-01-19 11:48:59.403055+00	t	Attended session	2026-01-12 09:03:00+00	3	116
66	2026-01-19 11:48:59.4076+00	2026-01-19 11:48:59.407607+00	t	Attended session	2026-01-05 09:10:00+00	3	117
67	2026-01-19 11:48:59.423314+00	2026-01-19 11:48:59.423322+00	t	Attended session	2026-01-19 09:08:00+00	19	118
68	2026-01-19 11:48:59.42812+00	2026-01-19 11:48:59.428127+00	f	Attended session	2026-01-12 09:00:00+00	19	119
69	2026-01-19 11:48:59.432658+00	2026-01-19 11:48:59.432665+00	t	Absent	2026-01-05 09:02:00+00	19	120
70	2026-01-20 08:15:41.072198+00	2026-01-20 08:15:41.072218+00	f	Absent	2026-01-13 09:07:00+00	3	122
71	2026-01-20 08:15:41.12419+00	2026-01-20 08:15:41.124206+00	t	Attended session	2026-01-06 09:01:00+00	3	123
72	2026-01-20 08:15:41.279508+00	2026-01-20 08:15:41.279525+00	t	Attended session	2026-01-13 09:06:00+00	19	125
73	2026-01-20 08:15:41.299185+00	2026-01-20 08:15:41.299201+00	t	Absent	2026-01-06 09:00:00+00	19	126
74	2026-01-20 09:21:22.713359+00	2026-01-20 09:21:22.713372+00	f	Attended session	2026-01-20 09:03:00+00	3	121
75	2026-01-20 09:21:22.734758+00	2026-01-20 09:21:22.734773+00	t	Attended session	2026-01-20 09:04:00+00	19	124
76	2026-01-21 13:35:26.508839+00	2026-01-21 13:35:26.508847+00	t	Absent	2026-01-21 09:06:00+00	3	127
77	2026-01-21 13:35:26.514461+00	2026-01-21 13:35:26.514468+00	f	Absent	2026-01-14 09:02:00+00	3	128
78	2026-01-21 13:35:26.519353+00	2026-01-21 13:35:26.519362+00	f	Absent	2026-01-07 09:09:00+00	3	129
79	2026-01-21 13:35:26.536251+00	2026-01-21 13:35:26.536258+00	f	Attended session	2026-01-21 09:01:00+00	19	130
80	2026-01-21 13:35:26.541627+00	2026-01-21 13:35:26.541632+00	t	Absent	2026-01-14 09:05:00+00	19	131
81	2026-01-21 13:35:26.547429+00	2026-01-21 13:35:26.547435+00	t	Attended session	2026-01-07 09:02:00+00	19	132
82	2026-01-22 08:03:12.380758+00	2026-01-22 08:03:12.380774+00	t	Attended session	2026-01-15 09:05:00+00	3	134
83	2026-01-22 08:03:12.410982+00	2026-01-22 08:03:12.410997+00	t	Attended session	2026-01-08 09:09:00+00	3	135
84	2026-01-22 08:03:12.471351+00	2026-01-22 08:03:12.471369+00	t	Attended session	2026-01-15 09:10:00+00	19	137
85	2026-01-22 08:03:12.488238+00	2026-01-22 08:03:12.488255+00	t	Absent	2026-01-08 09:03:00+00	19	138
86	2026-01-27 15:13:16.225764+00	2026-01-27 15:13:16.225787+00	t	Attended session	2026-01-27 09:08:00+00	3	139
87	2026-01-27 15:13:16.340176+00	2026-01-27 15:13:16.340201+00	t	Attended session	2026-01-20 09:07:00+00	3	140
88	2026-01-27 15:13:16.416891+00	2026-01-27 15:13:16.416912+00	t	Absent	2026-01-13 09:00:00+00	3	141
89	2026-01-27 15:13:16.49189+00	2026-01-27 15:13:16.491911+00	t	Absent	2026-01-27 09:03:00+00	19	142
90	2026-01-27 15:13:16.516768+00	2026-01-27 15:13:16.516792+00	t	Attended session	2026-01-20 09:05:00+00	19	143
91	2026-01-27 15:13:16.549767+00	2026-01-27 15:13:16.549797+00	f	Absent	2026-01-13 09:01:00+00	19	144
92	2026-01-28 11:08:02.908496+00	2026-01-28 11:08:02.908506+00	t	Absent	2026-01-28 09:09:00+00	3	145
93	2026-01-28 11:08:02.914843+00	2026-01-28 11:08:02.914856+00	t	Attended session	2026-01-21 09:10:00+00	3	146
94	2026-01-28 11:08:02.920666+00	2026-01-28 11:08:02.920676+00	t	Attended session	2026-01-14 09:04:00+00	3	147
95	2026-01-28 11:08:02.939212+00	2026-01-28 11:08:02.939229+00	t	Absent	2026-01-28 09:09:00+00	19	148
96	2026-01-28 11:08:02.944637+00	2026-01-28 11:08:02.944648+00	f	Attended session	2026-01-21 09:02:00+00	19	149
97	2026-01-28 11:08:02.950826+00	2026-01-28 11:08:02.950833+00	t	Attended session	2026-01-14 09:09:00+00	19	150
98	2026-01-29 19:39:44.994363+00	2026-01-29 19:39:44.99438+00	t	Attended session	2026-01-29 09:05:00+00	3	151
99	2026-01-29 19:39:45.002667+00	2026-01-29 19:39:45.002675+00	t	Attended session	2026-01-22 09:07:00+00	3	152
100	2026-01-29 19:39:45.011394+00	2026-01-29 19:39:45.011404+00	f	Attended session	2026-01-15 09:03:00+00	3	153
101	2026-01-29 19:39:45.03584+00	2026-01-29 19:39:45.035848+00	t	Attended session	2026-01-29 09:04:00+00	19	154
102	2026-01-29 19:39:45.042067+00	2026-01-29 19:39:45.042077+00	t	Attended session	2026-01-22 09:09:00+00	19	155
103	2026-01-29 19:39:45.050149+00	2026-01-29 19:39:45.050163+00	t	Attended session	2026-01-15 09:08:00+00	19	156
104	2026-02-02 11:02:43.852012+00	2026-02-02 11:02:43.852021+00	t	Attended session	2026-02-02 09:09:00+00	3	157
105	2026-02-02 11:02:43.857396+00	2026-02-02 11:02:43.857404+00	t	Absent	2026-01-26 09:01:00+00	3	158
106	2026-02-02 11:02:43.862301+00	2026-02-02 11:02:43.862307+00	t	Attended session	2026-01-19 09:04:00+00	3	159
107	2026-02-02 11:02:43.878971+00	2026-02-02 11:02:43.878983+00	t	Attended session	2026-02-02 09:09:00+00	19	160
108	2026-02-02 11:02:43.884924+00	2026-02-02 11:02:43.884935+00	f	Attended session	2026-01-26 09:05:00+00	19	161
109	2026-02-02 11:02:43.890255+00	2026-02-02 11:02:43.890264+00	f	Attended session	2026-01-19 09:09:00+00	19	162
110	2026-02-03 15:48:48.615502+00	2026-02-03 15:48:48.61551+00	t	Attended session	2026-02-03 09:05:00+00	3	163
111	2026-02-03 15:48:48.620294+00	2026-02-03 15:48:48.620301+00	t	Attended session	2026-01-27 09:01:00+00	3	164
112	2026-02-03 15:48:48.624026+00	2026-02-03 15:48:48.624035+00	t	Absent	2026-01-20 09:09:00+00	3	165
113	2026-02-03 15:48:48.640938+00	2026-02-03 15:48:48.64095+00	t	Attended session	2026-02-03 09:06:00+00	19	166
114	2026-02-03 15:48:48.646561+00	2026-02-03 15:48:48.64657+00	t	Absent	2026-01-27 09:02:00+00	19	167
115	2026-02-03 15:48:48.651622+00	2026-02-03 15:48:48.651632+00	t	Attended session	2026-01-20 09:01:00+00	19	168
116	2026-02-04 08:51:29.535942+00	2026-02-04 08:51:29.535959+00	t	Attended session	2026-01-28 09:10:00+00	3	170
117	2026-02-04 08:51:29.545244+00	2026-02-04 08:51:29.54526+00	t	Attended session	2026-01-21 09:10:00+00	3	171
118	2026-02-04 08:51:29.573378+00	2026-02-04 08:51:29.573391+00	t	Absent	2026-01-28 09:05:00+00	19	173
119	2026-02-04 08:51:29.581527+00	2026-02-04 08:51:29.581547+00	t	Attended session	2026-01-21 09:02:00+00	19	174
\.


--
-- Data for Name: lms_batch; Type: TABLE DATA; Schema: public; Owner: postgres
--

COPY public.lms_batch (id, created_at, updated_at, name, capacity, start_date, end_date, is_active, course_id, instructor_id, batch_type) FROM stdin;
1	2026-01-03 02:12:13.935832+00	2026-01-03 02:12:13.935849+00	Batch 1	25	\N	\N	t	3	1	physical
2	2026-01-08 08:29:37.121643+00	2026-01-08 08:29:37.121745+00	Python Programming - Physical Class - Batch 1	25	2026-01-15	2026-02-14	t	22	1	physical
3	2026-01-08 08:29:37.671321+00	2026-01-08 08:29:37.671354+00	Web Development Bootcamp - Batch 1	30	2026-01-15	2026-02-14	t	23	1	physical
4	2026-01-08 08:29:38.224992+00	2026-01-08 08:29:38.225014+00	Full Stack Development - Hybrid - Hands-on Batch 1	20	2026-01-22	2026-02-21	t	24	1	physical
5	2026-01-08 08:29:38.576091+00	2026-01-08 08:29:38.576109+00	Software Development Internship - Summer 2024	10	2026-02-07	2026-05-08	t	25	1	internship
6	2026-01-08 08:29:38.769322+00	2026-01-08 08:29:38.769345+00	Web Development Bootcamp - January 2024	30	2026-01-22	2026-02-05	t	23	1	bootcamp
\.


--
-- Data for Name: lms_batchsession; Type: TABLE DATA; Schema: public; Owner: postgres
--

COPY public.lms_batchsession (id, created_at, updated_at, title, start_datetime, end_datetime, location, description, batch_id, is_active, session_number) FROM stdin;
1	2026-01-08 08:29:37.146023+00	2026-01-08 08:29:37.146044+00	Week 1 - Session 1	2026-01-15 09:00:00+00	2026-01-15 11:00:00+00	Main Campus - Room 101	Physical class session covering course materials.	2	t	1
2	2026-01-08 08:29:37.167955+00	2026-01-08 08:29:37.167984+00	Week 1 - Session 2	2026-01-17 09:00:00+00	2026-01-17 11:00:00+00	Main Campus - Room 101	Physical class session covering course materials.	2	t	2
3	2026-01-08 08:29:37.200193+00	2026-01-08 08:29:37.200211+00	Week 2 - Session 3	2026-01-22 09:00:00+00	2026-01-22 11:00:00+00	Main Campus - Room 101	Physical class session covering course materials.	2	t	3
4	2026-01-08 08:29:37.206775+00	2026-01-08 08:29:37.206796+00	Week 2 - Session 4	2026-01-24 09:00:00+00	2026-01-24 11:00:00+00	Main Campus - Room 101	Physical class session covering course materials.	2	t	4
5	2026-01-08 08:29:37.220344+00	2026-01-08 08:29:37.22099+00	Week 3 - Session 5	2026-01-29 09:00:00+00	2026-01-29 11:00:00+00	Main Campus - Room 101	Physical class session covering course materials.	2	t	5
6	2026-01-08 08:29:37.230822+00	2026-01-08 08:29:37.230849+00	Week 3 - Session 6	2026-01-31 09:00:00+00	2026-01-31 11:00:00+00	Main Campus - Room 101	Physical class session covering course materials.	2	t	6
7	2026-01-08 08:29:37.242363+00	2026-01-08 08:29:37.242382+00	Week 4 - Session 7	2026-02-05 09:00:00+00	2026-02-05 11:00:00+00	Main Campus - Room 101	Physical class session covering course materials.	2	t	7
8	2026-01-08 08:29:37.25784+00	2026-01-08 08:29:37.257871+00	Week 4 - Session 8	2026-02-07 09:00:00+00	2026-02-07 11:00:00+00	Main Campus - Room 101	Physical class session covering course materials.	2	t	8
9	2026-01-08 08:29:37.735201+00	2026-01-08 08:29:37.735224+00	Week 1 - Session 1	2026-01-15 09:00:00+00	2026-01-15 11:00:00+00	Main Campus - Room 101	Physical class session covering course materials.	3	t	1
10	2026-01-08 08:29:37.745032+00	2026-01-08 08:29:37.745054+00	Week 1 - Session 2	2026-01-17 09:00:00+00	2026-01-17 11:00:00+00	Main Campus - Room 101	Physical class session covering course materials.	3	t	2
11	2026-01-08 08:29:37.783732+00	2026-01-08 08:29:37.783763+00	Week 2 - Session 3	2026-01-22 09:00:00+00	2026-01-22 11:00:00+00	Main Campus - Room 101	Physical class session covering course materials.	3	t	3
12	2026-01-08 08:29:37.798485+00	2026-01-08 08:29:37.798523+00	Week 2 - Session 4	2026-01-24 09:00:00+00	2026-01-24 11:00:00+00	Main Campus - Room 101	Physical class session covering course materials.	3	t	4
13	2026-01-08 08:29:37.816979+00	2026-01-08 08:29:37.816996+00	Week 3 - Session 5	2026-01-29 09:00:00+00	2026-01-29 11:00:00+00	Main Campus - Room 101	Physical class session covering course materials.	3	t	5
14	2026-01-08 08:29:37.824255+00	2026-01-08 08:29:37.824278+00	Week 3 - Session 6	2026-01-31 09:00:00+00	2026-01-31 11:00:00+00	Main Campus - Room 101	Physical class session covering course materials.	3	t	6
15	2026-01-08 08:29:37.832574+00	2026-01-08 08:29:37.832592+00	Week 4 - Session 7	2026-02-05 09:00:00+00	2026-02-05 11:00:00+00	Main Campus - Room 101	Physical class session covering course materials.	3	t	7
16	2026-01-08 08:29:37.83825+00	2026-01-08 08:29:37.838271+00	Week 4 - Session 8	2026-02-07 09:00:00+00	2026-02-07 11:00:00+00	Main Campus - Room 101	Physical class session covering course materials.	3	t	8
17	2026-01-08 08:29:38.241032+00	2026-01-08 08:29:38.241061+00	Hands-on Session 1	2026-01-22 05:00:00+00	2026-01-22 08:00:00+00	Lab Room 205	Physical hands-on session for practical application.	4	t	1
18	2026-01-08 08:29:38.250596+00	2026-01-08 08:29:38.250621+00	Hands-on Session 2	2026-01-29 05:00:00+00	2026-01-29 08:00:00+00	Lab Room 205	Physical hands-on session for practical application.	4	t	2
19	2026-01-08 08:29:38.256642+00	2026-01-08 08:29:38.256667+00	Hands-on Session 3	2026-02-05 05:00:00+00	2026-02-05 08:00:00+00	Lab Room 205	Physical hands-on session for practical application.	4	t	3
20	2026-01-08 08:29:38.263149+00	2026-01-08 08:29:38.263171+00	Hands-on Session 4	2026-02-12 05:00:00+00	2026-02-12 08:00:00+00	Lab Room 205	Physical hands-on session for practical application.	4	t	4
21	2026-01-08 08:29:38.589902+00	2026-01-08 08:29:38.589924+00	Week 1 - Mentorship Session	2026-02-07 10:00:00+00	2026-02-07 12:00:00+00	Mentor Office - Room 301	Weekly mentorship session for project guidance and progress review.	5	t	1
22	2026-01-08 08:29:38.603045+00	2026-01-08 08:29:38.603067+00	Week 2 - Mentorship Session	2026-02-14 10:00:00+00	2026-02-14 12:00:00+00	Mentor Office - Room 301	Weekly mentorship session for project guidance and progress review.	5	t	2
23	2026-01-08 08:29:38.614015+00	2026-01-08 08:29:38.614048+00	Week 3 - Mentorship Session	2026-02-21 10:00:00+00	2026-02-21 12:00:00+00	Mentor Office - Room 301	Weekly mentorship session for project guidance and progress review.	5	t	3
24	2026-01-08 08:29:38.6262+00	2026-01-08 08:29:38.626221+00	Week 4 - Mentorship Session	2026-02-28 10:00:00+00	2026-02-28 12:00:00+00	Mentor Office - Room 301	Weekly mentorship session for project guidance and progress review.	5	t	4
25	2026-01-08 08:29:38.636776+00	2026-01-08 08:29:38.636801+00	Week 5 - Mentorship Session	2026-03-07 10:00:00+00	2026-03-07 12:00:00+00	Mentor Office - Room 301	Weekly mentorship session for project guidance and progress review.	5	t	5
26	2026-01-08 08:29:38.645384+00	2026-01-08 08:29:38.645454+00	Week 6 - Mentorship Session	2026-03-14 10:00:00+00	2026-03-14 12:00:00+00	Mentor Office - Room 301	Weekly mentorship session for project guidance and progress review.	5	t	6
27	2026-01-08 08:29:38.655938+00	2026-01-08 08:29:38.655954+00	Week 7 - Mentorship Session	2026-03-21 10:00:00+00	2026-03-21 12:00:00+00	Mentor Office - Room 301	Weekly mentorship session for project guidance and progress review.	5	t	7
28	2026-01-08 08:29:38.686802+00	2026-01-08 08:29:38.686822+00	Week 8 - Mentorship Session	2026-03-28 10:00:00+00	2026-03-28 12:00:00+00	Mentor Office - Room 301	Weekly mentorship session for project guidance and progress review.	5	t	8
29	2026-01-08 08:29:38.697704+00	2026-01-08 08:29:38.697731+00	Week 9 - Mentorship Session	2026-04-04 10:00:00+00	2026-04-04 12:00:00+00	Mentor Office - Room 301	Weekly mentorship session for project guidance and progress review.	5	t	9
30	2026-01-08 08:29:38.702747+00	2026-01-08 08:29:38.702773+00	Week 10 - Mentorship Session	2026-04-11 10:00:00+00	2026-04-11 12:00:00+00	Mentor Office - Room 301	Weekly mentorship session for project guidance and progress review.	5	t	10
31	2026-01-08 08:29:38.711036+00	2026-01-08 08:29:38.711071+00	Week 11 - Mentorship Session	2026-04-18 10:00:00+00	2026-04-18 12:00:00+00	Mentor Office - Room 301	Weekly mentorship session for project guidance and progress review.	5	t	11
32	2026-01-08 08:29:38.729407+00	2026-01-08 08:29:38.729525+00	Week 12 - Mentorship Session	2026-04-25 10:00:00+00	2026-04-25 12:00:00+00	Mentor Office - Room 301	Weekly mentorship session for project guidance and progress review.	5	t	12
33	2026-01-08 08:29:38.782904+00	2026-01-08 08:29:38.782929+00	Day 1 - Morning Session	2026-01-22 04:00:00+00	2026-01-22 07:00:00+00	Bootcamp Lab - Room 401	Intensive morning session covering core concepts.	6	t	1
34	2026-01-08 08:29:38.793577+00	2026-01-08 08:29:38.793617+00	Day 1 - Afternoon Session	2026-01-22 09:00:00+00	2026-01-22 12:00:00+00	Bootcamp Lab - Room 401	Intensive afternoon session with hands-on practice.	6	t	2
35	2026-01-08 08:29:38.805204+00	2026-01-08 08:29:38.805243+00	Day 3 - Morning Session	2026-01-23 04:00:00+00	2026-01-23 07:00:00+00	Bootcamp Lab - Room 401	Intensive morning session covering core concepts.	6	t	3
36	2026-01-08 08:29:38.847647+00	2026-01-08 08:29:38.84767+00	Day 3 - Afternoon Session	2026-01-23 09:00:00+00	2026-01-23 12:00:00+00	Bootcamp Lab - Room 401	Intensive afternoon session with hands-on practice.	6	t	4
37	2026-01-08 08:29:38.885176+00	2026-01-08 08:29:38.885201+00	Day 5 - Morning Session	2026-01-24 04:00:00+00	2026-01-24 07:00:00+00	Bootcamp Lab - Room 401	Intensive morning session covering core concepts.	6	t	5
38	2026-01-08 08:29:38.898931+00	2026-01-08 08:29:38.899038+00	Day 5 - Afternoon Session	2026-01-24 09:00:00+00	2026-01-24 12:00:00+00	Bootcamp Lab - Room 401	Intensive afternoon session with hands-on practice.	6	t	6
39	2026-01-08 08:29:38.928026+00	2026-01-08 08:29:38.92805+00	Day 7 - Morning Session	2026-01-25 04:00:00+00	2026-01-25 07:00:00+00	Bootcamp Lab - Room 401	Intensive morning session covering core concepts.	6	t	7
40	2026-01-08 08:29:38.938592+00	2026-01-08 08:29:38.938613+00	Day 7 - Afternoon Session	2026-01-25 09:00:00+00	2026-01-25 12:00:00+00	Bootcamp Lab - Room 401	Intensive afternoon session with hands-on practice.	6	t	8
41	2026-01-08 08:29:38.968333+00	2026-01-08 08:29:38.96836+00	Day 9 - Morning Session	2026-01-26 04:00:00+00	2026-01-26 07:00:00+00	Bootcamp Lab - Room 401	Intensive morning session covering core concepts.	6	t	9
116	2026-01-19 11:48:59.382197+00	2026-01-19 11:48:59.382208+00	Past Session 2	2026-01-12 09:00:00+00	2026-01-12 11:00:00+00	Main Campus - Room 101	Past session for attendance tracking.	1	t	2
42	2026-01-08 08:29:39.025802+00	2026-01-08 08:29:39.025941+00	Day 9 - Afternoon Session	2026-01-26 09:00:00+00	2026-01-26 12:00:00+00	Bootcamp Lab - Room 401	Intensive afternoon session with hands-on practice.	6	t	10
43	2026-01-08 08:29:39.099641+00	2026-01-08 08:29:39.099667+00	Day 11 - Morning Session	2026-01-29 04:00:00+00	2026-01-29 07:00:00+00	Bootcamp Lab - Room 401	Intensive morning session covering core concepts.	6	t	11
44	2026-01-08 08:29:39.111111+00	2026-01-08 08:29:39.111131+00	Day 11 - Afternoon Session	2026-01-29 09:00:00+00	2026-01-29 12:00:00+00	Bootcamp Lab - Room 401	Intensive afternoon session with hands-on practice.	6	t	12
45	2026-01-08 08:29:39.119774+00	2026-01-08 08:29:39.119797+00	Day 13 - Morning Session	2026-01-30 04:00:00+00	2026-01-30 07:00:00+00	Bootcamp Lab - Room 401	Intensive morning session covering core concepts.	6	t	13
46	2026-01-08 08:29:39.132598+00	2026-01-08 08:29:39.132625+00	Day 13 - Afternoon Session	2026-01-30 09:00:00+00	2026-01-30 12:00:00+00	Bootcamp Lab - Room 401	Intensive afternoon session with hands-on practice.	6	t	14
47	2026-01-08 08:29:39.144902+00	2026-01-08 08:29:39.144926+00	Day 15 - Morning Session	2026-01-31 04:00:00+00	2026-01-31 07:00:00+00	Bootcamp Lab - Room 401	Intensive morning session covering core concepts.	6	t	15
48	2026-01-08 08:29:39.181048+00	2026-01-08 08:29:39.181065+00	Day 15 - Afternoon Session	2026-01-31 09:00:00+00	2026-01-31 12:00:00+00	Bootcamp Lab - Room 401	Intensive afternoon session with hands-on practice.	6	t	16
49	2026-01-08 08:29:39.192838+00	2026-01-08 08:29:39.192937+00	Day 17 - Morning Session	2026-02-01 04:00:00+00	2026-02-01 07:00:00+00	Bootcamp Lab - Room 401	Intensive morning session covering core concepts.	6	t	17
50	2026-01-08 08:29:39.208796+00	2026-01-08 08:29:39.208815+00	Day 17 - Afternoon Session	2026-02-01 09:00:00+00	2026-02-01 12:00:00+00	Bootcamp Lab - Room 401	Intensive afternoon session with hands-on practice.	6	t	18
51	2026-01-08 08:29:39.215956+00	2026-01-08 08:29:39.215976+00	Day 19 - Morning Session	2026-02-02 04:00:00+00	2026-02-02 07:00:00+00	Bootcamp Lab - Room 401	Intensive morning session covering core concepts.	6	t	19
52	2026-01-08 08:29:39.236526+00	2026-01-08 08:29:39.236549+00	Day 19 - Afternoon Session	2026-02-02 09:00:00+00	2026-02-02 12:00:00+00	Bootcamp Lab - Room 401	Intensive afternoon session with hands-on practice.	6	t	20
53	2026-01-08 08:29:39.307568+00	2026-01-08 08:29:39.30763+00	Past Session 1	2026-01-08 09:00:00+00	2026-01-08 11:00:00+00	Main Campus - Room 101	Past session for attendance tracking.	1	t	1
54	2026-01-08 08:29:39.351356+00	2026-01-08 08:29:39.35138+00	Past Session 2	2026-01-01 09:00:00+00	2026-01-01 11:00:00+00	Main Campus - Room 101	Past session for attendance tracking.	1	t	2
55	2026-01-08 08:29:39.370374+00	2026-01-08 08:29:39.370398+00	Past Session 3	2025-12-25 09:00:00+00	2025-12-25 11:00:00+00	Main Campus - Room 101	Past session for attendance tracking.	1	t	3
56	2026-01-08 08:29:39.583272+00	2026-01-08 08:29:39.58337+00	Past Session 1	2026-01-08 09:00:00+00	2026-01-08 11:00:00+00	Main Campus - Room 101	Past session for attendance tracking.	2	t	1
57	2026-01-08 08:29:39.608141+00	2026-01-08 08:29:39.608164+00	Past Session 2	2026-01-01 09:00:00+00	2026-01-01 11:00:00+00	Main Campus - Room 101	Past session for attendance tracking.	2	t	2
58	2026-01-08 08:29:39.626142+00	2026-01-08 08:29:39.626163+00	Past Session 3	2025-12-25 09:00:00+00	2025-12-25 11:00:00+00	Main Campus - Room 101	Past session for attendance tracking.	2	t	3
59	2026-01-09 11:46:53.624416+00	2026-01-09 11:46:53.624428+00	Past Session 1	2026-01-09 09:00:00+00	2026-01-09 11:00:00+00	Main Campus - Room 101	Past session for attendance tracking.	1	t	1
60	2026-01-09 11:46:53.628982+00	2026-01-09 11:46:53.628991+00	Past Session 2	2026-01-02 09:00:00+00	2026-01-02 11:00:00+00	Main Campus - Room 101	Past session for attendance tracking.	1	t	2
61	2026-01-09 11:46:53.631835+00	2026-01-09 11:46:53.631846+00	Past Session 3	2025-12-26 09:00:00+00	2025-12-26 11:00:00+00	Main Campus - Room 101	Past session for attendance tracking.	1	t	3
62	2026-01-09 11:46:53.662441+00	2026-01-09 11:46:53.662449+00	Past Session 1	2026-01-09 09:00:00+00	2026-01-09 11:00:00+00	Main Campus - Room 101	Past session for attendance tracking.	2	t	1
63	2026-01-09 11:46:53.665046+00	2026-01-09 11:46:53.665052+00	Past Session 2	2026-01-02 09:00:00+00	2026-01-02 11:00:00+00	Main Campus - Room 101	Past session for attendance tracking.	2	t	2
64	2026-01-09 11:46:53.667549+00	2026-01-09 11:46:53.667555+00	Past Session 3	2025-12-26 09:00:00+00	2025-12-26 11:00:00+00	Main Campus - Room 101	Past session for attendance tracking.	2	t	3
65	2026-01-12 11:35:10.234132+00	2026-01-12 11:35:10.234141+00	Past Session 1	2026-01-12 09:00:00+00	2026-01-12 11:00:00+00	Main Campus - Room 101	Past session for attendance tracking.	1	t	1
66	2026-01-12 11:35:10.238274+00	2026-01-12 11:35:10.238281+00	Past Session 2	2026-01-05 09:00:00+00	2026-01-05 11:00:00+00	Main Campus - Room 101	Past session for attendance tracking.	1	t	2
67	2026-01-12 11:35:10.240167+00	2026-01-12 11:35:10.240173+00	Past Session 3	2025-12-29 09:00:00+00	2025-12-29 11:00:00+00	Main Campus - Room 101	Past session for attendance tracking.	1	t	3
68	2026-01-12 11:35:10.262212+00	2026-01-12 11:35:10.262218+00	Past Session 1	2026-01-12 09:00:00+00	2026-01-12 11:00:00+00	Main Campus - Room 101	Past session for attendance tracking.	2	t	1
69	2026-01-12 11:35:10.26458+00	2026-01-12 11:35:10.264586+00	Past Session 2	2026-01-05 09:00:00+00	2026-01-05 11:00:00+00	Main Campus - Room 101	Past session for attendance tracking.	2	t	2
70	2026-01-12 11:35:10.266764+00	2026-01-12 11:35:10.266769+00	Past Session 3	2025-12-29 09:00:00+00	2025-12-29 11:00:00+00	Main Campus - Room 101	Past session for attendance tracking.	2	t	3
98	2026-01-13 08:36:34.860997+00	2026-01-13 08:36:34.861012+00	Past Session 1	2026-01-13 09:00:00+00	2026-01-13 11:00:00+00	Main Campus - Room 101	Past session for attendance tracking.	1	t	1
99	2026-01-13 08:36:34.86761+00	2026-01-13 08:36:34.867617+00	Past Session 2	2026-01-06 09:00:00+00	2026-01-06 11:00:00+00	Main Campus - Room 101	Past session for attendance tracking.	1	t	2
100	2026-01-13 08:36:34.870434+00	2026-01-13 08:36:34.870441+00	Past Session 3	2025-12-30 09:00:00+00	2025-12-30 11:00:00+00	Main Campus - Room 101	Past session for attendance tracking.	1	t	3
101	2026-01-13 08:36:34.903609+00	2026-01-13 08:36:34.903619+00	Past Session 1	2026-01-13 09:00:00+00	2026-01-13 11:00:00+00	Main Campus - Room 101	Past session for attendance tracking.	2	t	1
102	2026-01-13 08:36:34.908919+00	2026-01-13 08:36:34.908928+00	Past Session 2	2026-01-06 09:00:00+00	2026-01-06 11:00:00+00	Main Campus - Room 101	Past session for attendance tracking.	2	t	2
103	2026-01-13 08:36:34.912167+00	2026-01-13 08:36:34.912177+00	Past Session 3	2025-12-30 09:00:00+00	2025-12-30 11:00:00+00	Main Campus - Room 101	Past session for attendance tracking.	2	t	3
104	2026-01-15 14:38:41.564225+00	2026-01-15 14:38:41.564243+00	Past Session 1	2026-01-15 09:00:00+00	2026-01-15 11:00:00+00	Main Campus - Room 101	Past session for attendance tracking.	1	t	1
105	2026-01-15 14:38:41.569338+00	2026-01-15 14:38:41.569349+00	Past Session 2	2026-01-08 09:00:00+00	2026-01-08 11:00:00+00	Main Campus - Room 101	Past session for attendance tracking.	1	t	2
106	2026-01-15 14:38:41.57209+00	2026-01-15 14:38:41.572101+00	Past Session 3	2026-01-01 09:00:00+00	2026-01-01 11:00:00+00	Main Campus - Room 101	Past session for attendance tracking.	1	t	3
107	2026-01-15 14:38:41.605651+00	2026-01-15 14:38:41.605664+00	Past Session 2	2026-01-08 09:00:00+00	2026-01-08 11:00:00+00	Main Campus - Room 101	Past session for attendance tracking.	2	t	2
108	2026-01-15 14:38:41.610561+00	2026-01-15 14:38:41.610575+00	Past Session 3	2026-01-01 09:00:00+00	2026-01-01 11:00:00+00	Main Campus - Room 101	Past session for attendance tracking.	2	t	3
109	2026-01-18 08:43:51.491216+00	2026-01-18 08:43:51.491227+00	Past Session 1	2026-01-18 09:00:00+00	2026-01-18 11:00:00+00	Main Campus - Room 101	Past session for attendance tracking.	1	t	1
110	2026-01-18 08:43:51.49657+00	2026-01-18 08:43:51.496582+00	Past Session 2	2026-01-11 09:00:00+00	2026-01-11 11:00:00+00	Main Campus - Room 101	Past session for attendance tracking.	1	t	2
111	2026-01-18 08:43:51.500254+00	2026-01-18 08:43:51.500266+00	Past Session 3	2026-01-04 09:00:00+00	2026-01-04 11:00:00+00	Main Campus - Room 101	Past session for attendance tracking.	1	t	3
112	2026-01-18 08:43:51.526354+00	2026-01-18 08:43:51.526367+00	Past Session 1	2026-01-18 09:00:00+00	2026-01-18 11:00:00+00	Main Campus - Room 101	Past session for attendance tracking.	2	t	1
113	2026-01-18 08:43:51.529416+00	2026-01-18 08:43:51.529432+00	Past Session 2	2026-01-11 09:00:00+00	2026-01-11 11:00:00+00	Main Campus - Room 101	Past session for attendance tracking.	2	t	2
114	2026-01-18 08:43:51.532801+00	2026-01-18 08:43:51.532814+00	Past Session 3	2026-01-04 09:00:00+00	2026-01-04 11:00:00+00	Main Campus - Room 101	Past session for attendance tracking.	2	t	3
115	2026-01-19 11:48:59.376649+00	2026-01-19 11:48:59.376664+00	Past Session 1	2026-01-19 09:00:00+00	2026-01-19 11:00:00+00	Main Campus - Room 101	Past session for attendance tracking.	1	t	1
117	2026-01-19 11:48:59.38562+00	2026-01-19 11:48:59.385628+00	Past Session 3	2026-01-05 09:00:00+00	2026-01-05 11:00:00+00	Main Campus - Room 101	Past session for attendance tracking.	1	t	3
118	2026-01-19 11:48:59.411839+00	2026-01-19 11:48:59.411845+00	Past Session 1	2026-01-19 09:00:00+00	2026-01-19 11:00:00+00	Main Campus - Room 101	Past session for attendance tracking.	2	t	1
119	2026-01-19 11:48:59.413982+00	2026-01-19 11:48:59.413989+00	Past Session 2	2026-01-12 09:00:00+00	2026-01-12 11:00:00+00	Main Campus - Room 101	Past session for attendance tracking.	2	t	2
120	2026-01-19 11:48:59.416228+00	2026-01-19 11:48:59.416233+00	Past Session 3	2026-01-05 09:00:00+00	2026-01-05 11:00:00+00	Main Campus - Room 101	Past session for attendance tracking.	2	t	3
121	2026-01-20 08:15:40.941594+00	2026-01-20 08:15:40.941616+00	Past Session 1	2026-01-20 09:00:00+00	2026-01-20 11:00:00+00	Main Campus - Room 101	Past session for attendance tracking.	1	t	1
122	2026-01-20 08:15:41.027992+00	2026-01-20 08:15:41.028011+00	Past Session 2	2026-01-13 09:00:00+00	2026-01-13 11:00:00+00	Main Campus - Room 101	Past session for attendance tracking.	1	t	2
123	2026-01-20 08:15:41.035998+00	2026-01-20 08:15:41.036014+00	Past Session 3	2026-01-06 09:00:00+00	2026-01-06 11:00:00+00	Main Campus - Room 101	Past session for attendance tracking.	1	t	3
124	2026-01-20 08:15:41.184182+00	2026-01-20 08:15:41.184293+00	Past Session 1	2026-01-20 09:00:00+00	2026-01-20 11:00:00+00	Main Campus - Room 101	Past session for attendance tracking.	2	t	1
125	2026-01-20 08:15:41.197242+00	2026-01-20 08:15:41.197263+00	Past Session 2	2026-01-13 09:00:00+00	2026-01-13 11:00:00+00	Main Campus - Room 101	Past session for attendance tracking.	2	t	2
126	2026-01-20 08:15:41.205074+00	2026-01-20 08:15:41.205107+00	Past Session 3	2026-01-06 09:00:00+00	2026-01-06 11:00:00+00	Main Campus - Room 101	Past session for attendance tracking.	2	t	3
127	2026-01-21 13:35:26.489895+00	2026-01-21 13:35:26.489913+00	Past Session 1	2026-01-21 09:00:00+00	2026-01-21 11:00:00+00	Main Campus - Room 101	Past session for attendance tracking.	1	t	1
128	2026-01-21 13:35:26.494827+00	2026-01-21 13:35:26.494835+00	Past Session 2	2026-01-14 09:00:00+00	2026-01-14 11:00:00+00	Main Campus - Room 101	Past session for attendance tracking.	1	t	2
129	2026-01-21 13:35:26.496902+00	2026-01-21 13:35:26.496909+00	Past Session 3	2026-01-07 09:00:00+00	2026-01-07 11:00:00+00	Main Campus - Room 101	Past session for attendance tracking.	1	t	3
130	2026-01-21 13:35:26.524697+00	2026-01-21 13:35:26.524707+00	Past Session 1	2026-01-21 09:00:00+00	2026-01-21 11:00:00+00	Main Campus - Room 101	Past session for attendance tracking.	2	t	1
131	2026-01-21 13:35:26.527367+00	2026-01-21 13:35:26.527375+00	Past Session 2	2026-01-14 09:00:00+00	2026-01-14 11:00:00+00	Main Campus - Room 101	Past session for attendance tracking.	2	t	2
132	2026-01-21 13:35:26.530076+00	2026-01-21 13:35:26.530083+00	Past Session 3	2026-01-07 09:00:00+00	2026-01-07 11:00:00+00	Main Campus - Room 101	Past session for attendance tracking.	2	t	3
133	2026-01-22 08:03:12.30748+00	2026-01-22 08:03:12.307506+00	Past Session 1	2026-01-22 09:00:00+00	2026-01-22 11:00:00+00	Main Campus - Room 101	Past session for attendance tracking.	1	t	1
134	2026-01-22 08:03:12.328695+00	2026-01-22 08:03:12.328715+00	Past Session 2	2026-01-15 09:00:00+00	2026-01-15 11:00:00+00	Main Campus - Room 101	Past session for attendance tracking.	1	t	2
135	2026-01-22 08:03:12.332804+00	2026-01-22 08:03:12.332823+00	Past Session 3	2026-01-08 09:00:00+00	2026-01-08 11:00:00+00	Main Campus - Room 101	Past session for attendance tracking.	1	t	3
136	2026-01-22 08:03:12.434699+00	2026-01-22 08:03:12.434718+00	Past Session 1	2026-01-22 09:00:00+00	2026-01-22 11:00:00+00	Main Campus - Room 101	Past session for attendance tracking.	2	t	1
137	2026-01-22 08:03:12.438397+00	2026-01-22 08:03:12.438412+00	Past Session 2	2026-01-15 09:00:00+00	2026-01-15 11:00:00+00	Main Campus - Room 101	Past session for attendance tracking.	2	t	2
138	2026-01-22 08:03:12.442391+00	2026-01-22 08:03:12.442406+00	Past Session 3	2026-01-08 09:00:00+00	2026-01-08 11:00:00+00	Main Campus - Room 101	Past session for attendance tracking.	2	t	3
139	2026-01-27 15:13:15.742223+00	2026-01-27 15:13:15.742417+00	Past Session 1	2026-01-27 09:00:00+00	2026-01-27 11:00:00+00	Main Campus - Room 101	Past session for attendance tracking.	1	t	1
140	2026-01-27 15:13:15.993673+00	2026-01-27 15:13:15.993705+00	Past Session 2	2026-01-20 09:00:00+00	2026-01-20 11:00:00+00	Main Campus - Room 101	Past session for attendance tracking.	1	t	2
141	2026-01-27 15:13:16.05922+00	2026-01-27 15:13:16.059238+00	Past Session 3	2026-01-13 09:00:00+00	2026-01-13 11:00:00+00	Main Campus - Room 101	Past session for attendance tracking.	1	t	3
142	2026-01-27 15:13:16.434063+00	2026-01-27 15:13:16.434085+00	Past Session 1	2026-01-27 09:00:00+00	2026-01-27 11:00:00+00	Main Campus - Room 101	Past session for attendance tracking.	2	t	1
143	2026-01-27 15:13:16.44205+00	2026-01-27 15:13:16.442066+00	Past Session 2	2026-01-20 09:00:00+00	2026-01-20 11:00:00+00	Main Campus - Room 101	Past session for attendance tracking.	2	t	2
144	2026-01-27 15:13:16.454692+00	2026-01-27 15:13:16.454718+00	Past Session 3	2026-01-13 09:00:00+00	2026-01-13 11:00:00+00	Main Campus - Room 101	Past session for attendance tracking.	2	t	3
145	2026-01-28 11:08:02.884858+00	2026-01-28 11:08:02.884876+00	Past Session 1	2026-01-28 09:00:00+00	2026-01-28 11:00:00+00	Main Campus - Room 101	Past session for attendance tracking.	1	t	1
146	2026-01-28 11:08:02.891059+00	2026-01-28 11:08:02.891072+00	Past Session 2	2026-01-21 09:00:00+00	2026-01-21 11:00:00+00	Main Campus - Room 101	Past session for attendance tracking.	1	t	2
147	2026-01-28 11:08:02.895123+00	2026-01-28 11:08:02.89514+00	Past Session 3	2026-01-14 09:00:00+00	2026-01-14 11:00:00+00	Main Campus - Room 101	Past session for attendance tracking.	1	t	3
148	2026-01-28 11:08:02.926036+00	2026-01-28 11:08:02.926042+00	Past Session 1	2026-01-28 09:00:00+00	2026-01-28 11:00:00+00	Main Campus - Room 101	Past session for attendance tracking.	2	t	1
149	2026-01-28 11:08:02.928799+00	2026-01-28 11:08:02.928806+00	Past Session 2	2026-01-21 09:00:00+00	2026-01-21 11:00:00+00	Main Campus - Room 101	Past session for attendance tracking.	2	t	2
150	2026-01-28 11:08:02.932157+00	2026-01-28 11:08:02.932167+00	Past Session 3	2026-01-14 09:00:00+00	2026-01-14 11:00:00+00	Main Campus - Room 101	Past session for attendance tracking.	2	t	3
151	2026-01-29 19:39:44.964165+00	2026-01-29 19:39:44.964186+00	Past Session 1	2026-01-29 09:00:00+00	2026-01-29 11:00:00+00	Main Campus - Room 101	Past session for attendance tracking.	1	t	1
152	2026-01-29 19:39:44.972063+00	2026-01-29 19:39:44.972085+00	Past Session 2	2026-01-22 09:00:00+00	2026-01-22 11:00:00+00	Main Campus - Room 101	Past session for attendance tracking.	1	t	2
153	2026-01-29 19:39:44.978594+00	2026-01-29 19:39:44.978684+00	Past Session 3	2026-01-15 09:00:00+00	2026-01-15 11:00:00+00	Main Campus - Room 101	Past session for attendance tracking.	1	t	3
154	2026-01-29 19:39:45.017137+00	2026-01-29 19:39:45.017145+00	Past Session 1	2026-01-29 09:00:00+00	2026-01-29 11:00:00+00	Main Campus - Room 101	Past session for attendance tracking.	2	t	1
155	2026-01-29 19:39:45.022884+00	2026-01-29 19:39:45.022916+00	Past Session 2	2026-01-22 09:00:00+00	2026-01-22 11:00:00+00	Main Campus - Room 101	Past session for attendance tracking.	2	t	2
156	2026-01-29 19:39:45.02973+00	2026-01-29 19:39:45.029742+00	Past Session 3	2026-01-15 09:00:00+00	2026-01-15 11:00:00+00	Main Campus - Room 101	Past session for attendance tracking.	2	t	3
157	2026-02-02 11:02:43.832019+00	2026-02-02 11:02:43.832032+00	Past Session 1	2026-02-02 09:00:00+00	2026-02-02 11:00:00+00	Main Campus - Room 101	Past session for attendance tracking.	1	t	1
158	2026-02-02 11:02:43.839335+00	2026-02-02 11:02:43.839344+00	Past Session 2	2026-01-26 09:00:00+00	2026-01-26 11:00:00+00	Main Campus - Room 101	Past session for attendance tracking.	1	t	2
159	2026-02-02 11:02:43.842013+00	2026-02-02 11:02:43.842021+00	Past Session 3	2026-01-19 09:00:00+00	2026-01-19 11:00:00+00	Main Campus - Room 101	Past session for attendance tracking.	1	t	3
160	2026-02-02 11:02:43.866543+00	2026-02-02 11:02:43.866549+00	Past Session 1	2026-02-02 09:00:00+00	2026-02-02 11:00:00+00	Main Campus - Room 101	Past session for attendance tracking.	2	t	1
161	2026-02-02 11:02:43.868694+00	2026-02-02 11:02:43.868701+00	Past Session 2	2026-01-26 09:00:00+00	2026-01-26 11:00:00+00	Main Campus - Room 101	Past session for attendance tracking.	2	t	2
162	2026-02-02 11:02:43.872246+00	2026-02-02 11:02:43.872258+00	Past Session 3	2026-01-19 09:00:00+00	2026-01-19 11:00:00+00	Main Campus - Room 101	Past session for attendance tracking.	2	t	3
163	2026-02-03 15:48:48.593528+00	2026-02-03 15:48:48.593541+00	Past Session 1	2026-02-03 09:00:00+00	2026-02-03 11:00:00+00	Main Campus - Room 101	Past session for attendance tracking.	1	t	1
164	2026-02-03 15:48:48.600903+00	2026-02-03 15:48:48.600913+00	Past Session 2	2026-01-27 09:00:00+00	2026-01-27 11:00:00+00	Main Campus - Room 101	Past session for attendance tracking.	1	t	2
165	2026-02-03 15:48:48.604025+00	2026-02-03 15:48:48.604034+00	Past Session 3	2026-01-20 09:00:00+00	2026-01-20 11:00:00+00	Main Campus - Room 101	Past session for attendance tracking.	1	t	3
166	2026-02-03 15:48:48.62818+00	2026-02-03 15:48:48.628186+00	Past Session 1	2026-02-03 09:00:00+00	2026-02-03 11:00:00+00	Main Campus - Room 101	Past session for attendance tracking.	2	t	1
167	2026-02-03 15:48:48.630309+00	2026-02-03 15:48:48.630315+00	Past Session 2	2026-01-27 09:00:00+00	2026-01-27 11:00:00+00	Main Campus - Room 101	Past session for attendance tracking.	2	t	2
168	2026-02-03 15:48:48.632676+00	2026-02-03 15:48:48.632691+00	Past Session 3	2026-01-20 09:00:00+00	2026-01-20 11:00:00+00	Main Campus - Room 101	Past session for attendance tracking.	2	t	3
169	2026-02-04 08:51:29.503383+00	2026-02-04 08:51:29.503395+00	Past Session 1	2026-02-04 09:00:00+00	2026-02-04 11:00:00+00	Main Campus - Room 101	Past session for attendance tracking.	1	t	1
170	2026-02-04 08:51:29.512922+00	2026-02-04 08:51:29.512939+00	Past Session 2	2026-01-28 09:00:00+00	2026-01-28 11:00:00+00	Main Campus - Room 101	Past session for attendance tracking.	1	t	2
171	2026-02-04 08:51:29.517306+00	2026-02-04 08:51:29.517318+00	Past Session 3	2026-01-21 09:00:00+00	2026-01-21 11:00:00+00	Main Campus - Room 101	Past session for attendance tracking.	1	t	3
172	2026-02-04 08:51:29.552662+00	2026-02-04 08:51:29.552673+00	Past Session 1	2026-02-04 09:00:00+00	2026-02-04 11:00:00+00	Main Campus - Room 101	Past session for attendance tracking.	2	t	1
173	2026-02-04 08:51:29.556318+00	2026-02-04 08:51:29.55633+00	Past Session 2	2026-01-28 09:00:00+00	2026-01-28 11:00:00+00	Main Campus - Room 101	Past session for attendance tracking.	2	t	2
174	2026-02-04 08:51:29.561148+00	2026-02-04 08:51:29.561165+00	Past Session 3	2026-01-21 09:00:00+00	2026-01-21 11:00:00+00	Main Campus - Room 101	Past session for attendance tracking.	2	t	3
\.


--
-- Data for Name: lms_cart; Type: TABLE DATA; Schema: public; Owner: postgres
--

COPY public.lms_cart (id, created_at, updated_at, user_id) FROM stdin;
1	2026-01-03 15:35:29.190816+00	2026-01-03 15:35:29.190829+00	2
2	2026-01-03 16:24:25.353718+00	2026-01-03 16:24:25.35374+00	4
3	2026-01-04 19:41:58.968147+00	2026-01-04 19:41:58.968158+00	10
4	2026-01-08 08:29:43.278368+00	2026-01-08 08:29:43.278388+00	5
5	2026-01-08 08:29:43.356073+00	2026-01-08 08:29:43.356096+00	6
6	2026-01-08 08:29:43.392355+00	2026-01-08 08:29:43.392376+00	7
7	2026-01-08 08:29:43.439327+00	2026-01-08 08:29:43.43935+00	8
8	2026-01-08 08:29:43.488949+00	2026-01-08 08:29:43.488971+00	9
9	2026-01-08 08:29:43.579222+00	2026-01-08 08:29:43.579245+00	3
10	2026-01-08 08:29:43.65659+00	2026-01-08 08:29:43.65661+00	1
12	2026-01-12 13:14:55.97114+00	2026-01-12 13:14:55.971154+00	12
\.


--
-- Data for Name: lms_cartitem; Type: TABLE DATA; Schema: public; Owner: postgres
--

COPY public.lms_cartitem (id, created_at, updated_at, cart_id, course_id) FROM stdin;
5	2026-01-08 08:29:43.187785+00	2026-01-08 08:29:43.187807+00	1	19
6	2026-01-08 08:29:43.200512+00	2026-01-08 08:29:43.200533+00	1	21
7	2026-01-08 08:29:43.214063+00	2026-01-08 08:29:43.214164+00	1	2
8	2026-01-08 08:29:43.259275+00	2026-01-08 08:29:43.259298+00	1	1
9	2026-01-08 08:29:43.288354+00	2026-01-08 08:29:43.288369+00	4	19
10	2026-01-08 08:29:43.305061+00	2026-01-08 08:29:43.305084+00	4	2
11	2026-01-08 08:29:43.312523+00	2026-01-08 08:29:43.312541+00	4	4
12	2026-01-08 08:29:43.318107+00	2026-01-08 08:29:43.318129+00	4	9
13	2026-01-08 08:29:43.342758+00	2026-01-08 08:29:43.342778+00	4	16
14	2026-01-08 08:29:43.366871+00	2026-01-08 08:29:43.366893+00	5	19
15	2026-01-08 08:29:43.374363+00	2026-01-08 08:29:43.374387+00	5	2
16	2026-01-08 08:29:43.380346+00	2026-01-08 08:29:43.380368+00	5	22
17	2026-01-08 08:29:43.386549+00	2026-01-08 08:29:43.38657+00	5	5
18	2026-01-08 08:29:43.406962+00	2026-01-08 08:29:43.406988+00	6	22
19	2026-01-08 08:29:43.415977+00	2026-01-08 08:29:43.41601+00	6	25
20	2026-01-08 08:29:43.427162+00	2026-01-08 08:29:43.427187+00	6	24
21	2026-01-08 08:29:43.44852+00	2026-01-08 08:29:43.448547+00	7	9
22	2026-01-08 08:29:43.464284+00	2026-01-08 08:29:43.464311+00	7	25
23	2026-01-08 08:29:43.480551+00	2026-01-08 08:29:43.480572+00	7	4
24	2026-01-08 08:29:43.49976+00	2026-01-08 08:29:43.499783+00	8	1
25	2026-01-08 08:29:43.515535+00	2026-01-08 08:29:43.515564+00	8	9
26	2026-01-08 08:29:43.55138+00	2026-01-08 08:29:43.552229+00	8	23
27	2026-01-08 08:29:43.60673+00	2026-01-08 08:29:43.606756+00	9	16
28	2026-01-08 08:29:43.629289+00	2026-01-08 08:29:43.629314+00	9	9
29	2026-01-08 08:29:43.664557+00	2026-01-08 08:29:43.664577+00	10	21
30	2026-01-08 08:29:43.676025+00	2026-01-08 08:29:43.676044+00	10	9
31	2026-01-08 12:16:15.105589+00	2026-01-08 12:16:15.105648+00	1	5
32	2026-01-08 12:16:15.11621+00	2026-01-08 12:16:15.116246+00	1	22
33	2026-01-08 12:16:15.125363+00	2026-01-08 12:16:15.12538+00	4	5
34	2026-01-08 12:16:15.137938+00	2026-01-08 12:16:15.13798+00	5	25
35	2026-01-08 12:16:15.147488+00	2026-01-08 12:16:15.147513+00	5	16
36	2026-01-08 12:16:15.152691+00	2026-01-08 12:16:15.152703+00	5	1
37	2026-01-08 12:16:15.161341+00	2026-01-08 12:16:15.161357+00	6	16
38	2026-01-08 12:16:15.16608+00	2026-01-08 12:16:15.166096+00	6	1
39	2026-01-08 12:16:15.171253+00	2026-01-08 12:16:15.171266+00	6	2
40	2026-01-08 12:16:15.179233+00	2026-01-08 12:16:15.179252+00	7	1
41	2026-01-08 12:16:15.183668+00	2026-01-08 12:16:15.183691+00	7	2
42	2026-01-08 12:16:15.189069+00	2026-01-08 12:16:15.189083+00	8	22
43	2026-01-08 12:16:15.193636+00	2026-01-08 12:16:15.193687+00	8	16
44	2026-01-08 12:16:15.199475+00	2026-01-08 12:16:15.199507+00	8	24
45	2026-01-08 12:16:15.206741+00	2026-01-08 12:16:15.206778+00	9	19
46	2026-01-08 12:16:15.211363+00	2026-01-08 12:16:15.211391+00	9	4
47	2026-01-08 12:16:15.217044+00	2026-01-08 12:16:15.217064+00	9	21
48	2026-01-08 12:16:15.222473+00	2026-01-08 12:16:15.222503+00	9	5
49	2026-01-08 12:16:15.23057+00	2026-01-08 12:16:15.230595+00	10	4
50	2026-01-08 12:16:15.236497+00	2026-01-08 12:16:15.236513+00	10	24
51	2026-01-08 12:16:15.242586+00	2026-01-08 12:16:15.242667+00	10	25
52	2026-01-08 12:16:15.248926+00	2026-01-08 12:16:15.248974+00	10	19
54	2026-01-08 14:33:21.540434+00	2026-01-08 14:33:21.540445+00	1	16
55	2026-01-08 14:33:21.546252+00	2026-01-08 14:33:21.546266+00	1	25
56	2026-01-08 14:33:21.550315+00	2026-01-08 14:33:21.550328+00	1	24
57	2026-01-08 14:33:21.554683+00	2026-01-08 14:33:21.554691+00	4	22
58	2026-01-08 14:33:21.557905+00	2026-01-08 14:33:21.557913+00	4	25
59	2026-01-08 14:33:21.561907+00	2026-01-08 14:33:21.561918+00	5	23
60	2026-01-08 14:33:21.565871+00	2026-01-08 14:33:21.565882+00	5	9
61	2026-01-08 14:33:21.570029+00	2026-01-08 14:33:21.570038+00	6	21
62	2026-01-08 14:33:21.572681+00	2026-01-08 14:33:21.572688+00	6	5
63	2026-01-08 14:33:21.577188+00	2026-01-08 14:33:21.577198+00	7	5
64	2026-01-08 14:33:21.579933+00	2026-01-08 14:33:21.579945+00	7	21
65	2026-01-08 14:33:21.582873+00	2026-01-08 14:33:21.582882+00	7	16
66	2026-01-08 14:33:21.58623+00	2026-01-08 14:33:21.586237+00	8	25
67	2026-01-08 14:33:21.588931+00	2026-01-08 14:33:21.588941+00	8	19
68	2026-01-08 14:33:21.591429+00	2026-01-08 14:33:21.591438+00	8	5
69	2026-01-08 14:33:21.595944+00	2026-01-08 14:33:21.59596+00	9	24
70	2026-01-08 14:33:21.599249+00	2026-01-08 14:33:21.599263+00	9	25
72	2026-01-09 11:46:53.809926+00	2026-01-09 11:46:53.809935+00	4	23
73	2026-01-09 11:46:53.815791+00	2026-01-09 11:46:53.8158+00	6	4
74	2026-01-09 11:46:53.821976+00	2026-01-09 11:46:53.821985+00	8	4
75	2026-01-09 11:46:53.827367+00	2026-01-09 11:46:53.827373+00	9	2
76	2026-01-09 11:46:53.830488+00	2026-01-09 11:46:53.830494+00	9	23
77	2026-01-09 11:46:53.834841+00	2026-01-09 11:46:53.83485+00	10	5
78	2026-01-09 11:46:53.837633+00	2026-01-09 11:46:53.83764+00	10	1
79	2026-01-09 11:46:53.839678+00	2026-01-09 11:46:53.839683+00	10	22
80	2026-01-09 12:22:24.653412+00	2026-01-09 12:22:24.653421+00	1	23
81	2026-01-09 12:22:24.66079+00	2026-01-09 12:22:24.660801+00	5	21
82	2026-01-09 12:22:24.664539+00	2026-01-09 12:22:24.664548+00	5	24
83	2026-01-09 12:22:24.668105+00	2026-01-09 12:22:24.668112+00	6	9
84	2026-01-09 12:22:24.672001+00	2026-01-09 12:22:24.672007+00	7	24
85	2026-01-09 12:22:24.675411+00	2026-01-09 12:22:24.675419+00	7	22
86	2026-01-09 12:22:24.678914+00	2026-01-09 12:22:24.678919+00	8	2
87	2026-01-09 12:22:24.682661+00	2026-01-09 12:22:24.682667+00	9	22
88	2026-01-09 12:48:59.47674+00	2026-01-09 12:48:59.476754+00	1	4
89	2026-01-09 12:48:59.491255+00	2026-01-09 12:48:59.491273+00	4	21
90	2026-01-09 12:48:59.496616+00	2026-01-09 12:48:59.496636+00	4	1
91	2026-01-09 12:48:59.505286+00	2026-01-09 12:48:59.505302+00	5	4
92	2026-01-09 12:48:59.52533+00	2026-01-09 12:48:59.525345+00	10	23
93	2026-01-09 12:53:20.656074+00	2026-01-09 12:53:20.656084+00	1	9
94	2026-01-09 12:53:20.661469+00	2026-01-09 12:53:20.661477+00	4	24
95	2026-01-09 12:53:20.666686+00	2026-01-09 12:53:20.666702+00	6	19
96	2026-01-09 12:53:20.671987+00	2026-01-09 12:53:20.671995+00	6	23
97	2026-01-09 12:53:20.675217+00	2026-01-09 12:53:20.675223+00	7	19
98	2026-01-09 12:53:20.682497+00	2026-01-09 12:53:20.682509+00	9	1
99	2026-01-09 13:09:33.745727+00	2026-01-09 13:09:33.745739+00	8	21
100	2026-01-09 13:09:33.756182+00	2026-01-09 13:09:33.756191+00	10	16
101	2026-01-09 14:17:48.668549+00	2026-01-09 14:17:48.668571+00	7	23
102	2026-01-09 15:12:04.396709+00	2026-01-09 15:12:04.396727+00	10	2
110	2026-02-02 13:20:32.950676+00	2026-02-02 13:20:32.950693+00	12	3
\.


--
-- Data for Name: lms_category; Type: TABLE DATA; Schema: public; Owner: postgres
--

COPY public.lms_category (id, created_at, updated_at, name, slug, description, parent_id) FROM stdin;
1	2026-01-03 02:12:13.494843+00	2026-01-03 02:12:13.494866+00	Programming	programming		\N
2	2026-01-03 02:12:13.506738+00	2026-01-03 02:12:13.506754+00	Web Development	web-development		\N
3	2026-01-03 02:12:13.510694+00	2026-01-03 02:12:13.510714+00	Data Science	data-science		\N
4	2026-01-03 02:12:13.514485+00	2026-01-03 02:12:13.514507+00	Mobile Development	mobile-development		\N
5	2026-01-03 02:12:13.518336+00	2026-01-03 02:12:13.518352+00	Machine Learning	machine-learning		\N
6	2026-01-03 02:12:13.521382+00	2026-01-03 02:12:13.521394+00	DevOps	devops		\N
7	2026-01-04 08:24:35.760014+00	2026-01-04 08:24:35.760028+00	E-commerce	e-commerce		\N
8	2026-01-06 09:55:15.737309+00	2026-01-06 09:55:15.737342+00	Development	development		\N
9	2026-01-06 09:55:15.764947+00	2026-01-06 09:55:15.764974+00	Business	business		\N
10	2026-01-06 09:55:15.770743+00	2026-01-06 09:55:15.770767+00	Design	design		\N
\.


--
-- Data for Name: lms_certificate; Type: TABLE DATA; Schema: public; Owner: postgres
--

COPY public.lms_certificate (id, created_at, updated_at, certificate_number, issued_at, pdf_file, enrollment_id) FROM stdin;
1	2026-01-20 09:45:15.616017+00	2026-01-20 10:23:00.717902+00	CERT-3CFC499FAF2A	2026-01-20 09:45:15.616039+00	certificates/certificate_CERT-3CFC499FAF2A.pdf	22
\.


--
-- Data for Name: lms_course; Type: TABLE DATA; Schema: public; Owner: postgres
--

COPY public.lms_course (id, created_at, updated_at, title, slug, description, short_description, modality, price, max_batch_size, is_active, thumbnail, language, level, total_duration_hours, total_lectures, total_students, rating, num_reviews, instructor_id) FROM stdin;
8	2026-01-03 02:12:14.381389+00	2026-01-15 14:50:59.836524+00	Advanced JavaScript	javascript-advanced	Deep dive into advanced JavaScript concepts, ES6+, async programming, and design patterns.	Advanced JavaScript concepts	online	69.99	25	t	https://images.unsplash.com/photo-1516321318423-f06f85e504b3?w=800&h=600&fit=crop	English	advanced	6.38	18	0	0.00	0	1
9	2026-01-03 02:12:14.467472+00	2026-02-04 08:51:29.392528+00	Full Stack Django & React	full-stack-django-react	Build complete full-stack applications with Django REST API and React frontend.	Full-stack Django and React	online	129.99	25	t	https://images.unsplash.com/photo-1555066931-4365d14bab8c?w=800&h=600&fit=crop	English	intermediate	6.38	18	0	0.00	0	1
19	2026-01-03 02:12:15.237142+00	2026-02-04 08:51:29.272615+00	Git & GitHub Mastery	git-github-mastery	Master version control with Git and GitHub. Learn branching, merging, and collaboration.	Master Git and GitHub	online	49.99	25	t	https://images.unsplash.com/photo-1618401471353-b98afee0b2eb?w=800&h=600&fit=crop	English	beginner	3.20	10	0	4.33	3	1
6	2026-01-03 02:12:14.20137+00	2026-02-02 12:55:36.424354+00	Machine Learning with Python	machine-learning-with-python	Learn machine learning algorithms, neural networks, and deep learning with TensorFlow.	Learn ML and deep learning	online	119.99	25	t	https://images.unsplash.com/photo-1526379095098-d400fd0bf935?w=800&h=600&fit=crop	English	advanced	6.38	19	0	0.00	0	1
1	2026-01-03 02:12:13.693394+00	2026-02-04 08:51:29.223398+00	Python for Beginners	python-for-beginners	Learn Python programming from scratch. Perfect for beginners who want to start their programming journey.	Learn Python from scratch	online	49.99	25	t	https://images.unsplash.com/photo-1526379095098-d400fd0bf935?w=800&h=600&fit=crop	English	beginner	10.48	31	0	4.33	3	1
14	2026-01-03 02:12:14.870282+00	2026-01-15 14:51:00.040787+00	Angular Fundamentals	angular-fundamentals	Learn Angular framework, components, services, routing, and state management.	Learn Angular framework	online	89.99	25	t	https://images.unsplash.com/photo-1516321318423-f06f85e504b3?w=800&h=600&fit=crop	English	intermediate	6.38	18	0	0.00	0	1
13	2026-01-03 02:12:14.775337+00	2026-01-15 14:51:00.080795+00	Vue.js - The Complete Guide	vue-js-complete-guide	Master Vue.js framework from basics to advanced. Build modern web applications.	Master Vue.js framework	online	84.99	25	t	https://images.unsplash.com/photo-1516321318423-f06f85e504b3?w=800&h=600&fit=crop	English	intermediate	6.38	18	0	5.00	1	1
7	2026-01-03 02:12:14.304398+00	2026-01-15 14:51:00.128418+00	Docker & Kubernetes Mastery	docker-kubernetes-mastery	Master containerization and orchestration with Docker and Kubernetes.	Master containers and orchestration	online	109.99	25	t	https://images.unsplash.com/photo-1516321318423-f06f85e504b3?w=800&h=600&fit=crop	English	intermediate	6.38	18	0	0.00	0	1
4	2026-01-03 02:12:14.053844+00	2026-02-04 08:51:29.349348+00	React - The Complete Guide	react-complete-guide	Master React with hooks, context, and modern patterns. Build real-world applications.	Master React development	online	89.99	25	t	https://images.unsplash.com/photo-1633356122544-f134324a6cee?w=800&h=600&fit=crop	English	intermediate	6.38	18	0	0.00	0	1
3	2026-01-03 02:12:13.727932+00	2026-01-15 14:51:00.203121+00	Data Science Fundamentals	data-science-fundamentals	Introduction to data science with Python. Learn pandas, numpy, and matplotlib.	Learn data science basics	physical	99.99	25	t	https://images.unsplash.com/photo-1516321318423-f06f85e504b3?w=800&h=600&fit=crop	English	intermediate	7.85	22	0	0.00	0	1
10	2026-01-03 02:12:14.533957+00	2026-01-15 14:51:00.253467+00	Data Visualization with Python	data-visualization-python	Create stunning visualizations with Matplotlib, Seaborn, and Plotly.	Create data visualizations	online	79.99	25	t	https://images.unsplash.com/photo-1526379095098-d400fd0bf935?w=800&h=600&fit=crop	English	beginner	6.38	19	0	0.00	0	1
11	2026-01-03 02:12:14.614781+00	2026-01-15 14:51:00.300678+00	API Development: REST & GraphQL	api-development-rest-graphql	Learn to build RESTful APIs and GraphQL APIs with best practices.	Build REST and GraphQL APIs	online	99.99	25	t	https://images.unsplash.com/photo-1516321318423-f06f85e504b3?w=800&h=600&fit=crop	English	intermediate	6.38	18	0	0.00	0	1
22	2026-01-08 08:29:36.738175+00	2026-02-04 08:51:29.415587+00	Python Programming - Physical Class	python-programming-physical	Learn Python programming in a physical classroom setting. Hands-on practice with instructor guidance.	Python programming in-person class	physical	199.99	25	t	https://images.unsplash.com/photo-1526379095098-d400fd0bf935?w=800&h=600&fit=crop	English	beginner	3.38	10	0	0.00	0	1
15	2026-01-03 02:12:14.939431+00	2026-01-15 14:51:00.362488+00	MongoDB Database Design	mongodb-database-design	Master NoSQL database design with MongoDB. Learn indexing, aggregation, and optimization.	Master MongoDB database	online	74.99	25	t	https://images.unsplash.com/photo-1516321318423-f06f85e504b3?w=800&h=600&fit=crop	English	intermediate	6.38	18	0	0.00	0	1
2	2026-01-03 02:12:13.716196+00	2026-02-04 08:51:29.322541+00	Django Web Development	django-web-development	Build web applications with Django. Learn to create full-stack web applications.	Build web apps with Django	online	79.99	25	t	https://images.unsplash.com/photo-1555066931-4365d14bab8c?w=800&h=600&fit=crop	English	intermediate	7.85	22	0	4.67	3	1
17	2026-01-03 02:12:15.109075+00	2026-01-15 14:51:00.439455+00	AWS Cloud Architecture	aws-cloud-architecture	Design and deploy scalable cloud architectures on AWS. EC2, S3, Lambda, and more.	AWS cloud architecture	online	124.99	25	t	https://images.unsplash.com/photo-1516321318423-f06f85e504b3?w=800&h=600&fit=crop	English	intermediate	6.38	18	0	0.00	0	1
16	2026-01-03 02:12:15.012983+00	2026-02-04 08:51:29.249471+00	PostgreSQL Advanced	postgresql-advanced	Advanced PostgreSQL concepts including performance tuning, replication, and optimization.	Advanced PostgreSQL	online	79.99	25	t	https://images.unsplash.com/photo-1544383835-bda2bc66a55d?w=800&h=600&fit=crop	English	advanced	3.88	10	0	4.67	3	1
5	2026-01-03 02:12:14.130217+00	2026-02-04 08:51:29.369298+00	Node.js Backend Development	nodejs-backend-development	Build scalable backend APIs with Node.js, Express, and MongoDB.	Build backend APIs with Node.js	online	94.99	25	t	https://images.unsplash.com/photo-1558494949-ef010cbdcc31?w=800&h=600&fit=crop	English	intermediate	6.38	18	0	0.00	0	1
24	2026-01-08 08:29:37.894491+00	2026-02-04 08:51:29.464086+00	Full Stack Development - Hybrid	full-stack-hybrid	Learn full-stack development with online lectures and physical hands-on sessions.	Full-stack hybrid course	hybrid	299.99	20	t	https://images.unsplash.com/photo-1498050108023-c5249f4df085?w=800&h=600&fit=crop	English	intermediate	3.38	9	0	0.00	0	1
23	2026-01-08 08:29:37.299213+00	2026-02-04 08:51:29.442875+00	Web Development Bootcamp	web-development-bootcamp	Intensive web development bootcamp covering HTML, CSS, JavaScript, and modern frameworks.	Intensive web development bootcamp	physical	499.99	30	t	https://images.unsplash.com/photo-1498050108023-c5249f4df085?w=800&h=600&fit=crop	English	beginner	3.38	9	0	0.00	0	1
12	2026-01-03 02:12:14.682523+00	2026-01-15 14:51:00.616554+00	Python Automation & Scripting	python-automation-scripting	Automate tasks and build scripts with Python. Web scraping, file handling, and more.	Automate tasks with Python	online	59.99	25	t	https://images.unsplash.com/photo-1526379095098-d400fd0bf935?w=800&h=600&fit=crop	English	beginner	6.38	19	0	0.00	0	1
21	2026-01-04 08:24:36.617825+00	2026-02-04 08:51:29.30028+00	Shopify E-commerce Mastery	shopify-ecommerce-mastery	Build and manage successful online stores with Shopify. Learn product management, theme customization, marketing, and more.	Master Shopify e-commerce	online	99.99	25	t	https://images.unsplash.com/photo-1556742049-0cfed4f6a45d?w=800&h=600&fit=crop	English	beginner	3.75	11	0	4.75	4	1
18	2026-01-03 02:12:15.178477+00	2026-01-15 14:51:00.653753+00	Cybersecurity Basics	cybersecurity-basics	Learn cybersecurity fundamentals, ethical hacking, and security best practices.	Cybersecurity fundamentals	online	94.99	25	t	https://images.unsplash.com/photo-1516321318423-f06f85e504b3?w=800&h=600&fit=crop	English	beginner	6.38	18	0	0.00	0	1
20	2026-01-03 02:16:05.91541+00	2026-01-15 14:51:00.719516+00	TypeScript - Complete Guide	typescript-complete-guide	Master TypeScript from basics to advanced. Learn type safety, generics, and modern TypeScript patterns.	Master TypeScript development	online	89.99	25	t	https://images.unsplash.com/photo-1516321318423-f06f85e504b3?w=800&h=600&fit=crop	English	intermediate	6.38	18	0	0.00	0	1
25	2026-01-08 08:29:38.271753+00	2026-02-04 08:51:29.482234+00	Software Development Internship	software-development-internship	3-month internship program with structured learning, mentorship, and real-world projects.	Software development internship program	physical	799.99	10	t	https://images.unsplash.com/photo-1522202176988-66273c2fd55f?w=800&h=600&fit=crop	English	intermediate	3.38	9	0	0.00	0	1
28	2026-01-28 15:38:40.866959+00	2026-02-02 12:53:01.314114+00	Test	test	test	test	online	0.00	25	t		English	all	0.00	0	0	0.00	0	1
\.


--
-- Data for Name: lms_coursecategory; Type: TABLE DATA; Schema: public; Owner: postgres
--

COPY public.lms_coursecategory (id, created_at, updated_at, category_id, course_id) FROM stdin;
1	2026-01-03 02:12:13.703882+00	2026-01-03 02:12:13.703898+00	1	1
2	2026-01-03 02:12:13.71976+00	2026-01-03 02:12:13.719772+00	2	2
3	2026-01-03 02:12:13.732951+00	2026-01-03 02:12:13.732965+00	3	3
4	2026-01-03 02:12:14.059395+00	2026-01-03 02:12:14.059425+00	2	4
5	2026-01-03 02:12:14.134483+00	2026-01-03 02:12:14.134496+00	2	5
6	2026-01-03 02:12:14.206362+00	2026-01-03 02:12:14.206376+00	5	6
7	2026-01-03 02:12:14.309577+00	2026-01-03 02:12:14.309614+00	6	7
8	2026-01-03 02:12:14.385979+00	2026-01-03 02:12:14.385993+00	1	8
9	2026-01-03 02:12:14.470713+00	2026-01-03 02:12:14.470726+00	2	9
10	2026-01-03 02:12:14.53762+00	2026-01-03 02:12:14.537629+00	3	10
11	2026-01-03 02:12:14.619303+00	2026-01-03 02:12:14.619317+00	2	11
12	2026-01-03 02:12:14.68641+00	2026-01-03 02:12:14.686424+00	1	12
13	2026-01-03 02:12:14.784152+00	2026-01-03 02:12:14.784194+00	2	13
14	2026-01-03 02:12:14.878731+00	2026-01-03 02:12:14.878792+00	2	14
15	2026-01-03 02:12:14.943867+00	2026-01-03 02:12:14.943886+00	2	15
16	2026-01-03 02:12:15.019105+00	2026-01-03 02:12:15.019122+00	2	16
17	2026-01-03 02:12:15.114517+00	2026-01-03 02:12:15.114535+00	6	17
18	2026-01-03 02:12:15.183101+00	2026-01-03 02:12:15.183113+00	1	18
19	2026-01-03 02:12:15.240429+00	2026-01-03 02:12:15.240439+00	1	19
20	2026-01-03 02:16:05.922183+00	2026-01-03 02:16:05.922196+00	1	20
21	2026-01-04 08:24:36.624884+00	2026-01-04 08:24:36.624902+00	7	21
22	2026-01-08 08:29:36.788885+00	2026-01-08 08:29:36.788908+00	1	22
23	2026-01-08 08:29:37.327406+00	2026-01-08 08:29:37.327446+00	2	23
24	2026-01-08 08:29:37.931675+00	2026-01-08 08:29:37.931705+00	2	24
25	2026-01-08 08:29:38.284069+00	2026-01-08 08:29:38.284088+00	1	25
\.


--
-- Data for Name: lms_coursesection; Type: TABLE DATA; Schema: public; Owner: postgres
--

COPY public.lms_coursesection (id, created_at, updated_at, title, "order", is_preview, course_id) FROM stdin;
1	2026-01-03 02:12:13.741267+00	2026-01-03 02:12:13.74128+00	Section 1	1	f	1
2	2026-01-03 02:12:13.762062+00	2026-01-03 02:12:13.762087+00	Section 2	2	f	1
3	2026-01-03 02:12:13.786766+00	2026-01-03 02:12:13.786793+00	Section 3	3	f	1
4	2026-01-03 02:12:13.811864+00	2026-01-03 02:12:13.811892+00	Section 1	1	f	2
5	2026-01-03 02:12:13.833083+00	2026-01-03 02:12:13.8331+00	Section 2	2	f	2
6	2026-01-03 02:12:13.851036+00	2026-01-03 02:12:13.851046+00	Section 3	3	f	2
7	2026-01-03 02:12:13.866772+00	2026-01-03 02:12:13.866781+00	Section 1	1	f	3
8	2026-01-03 02:12:13.88333+00	2026-01-03 02:12:13.883354+00	Section 2	2	f	3
9	2026-01-03 02:12:13.902437+00	2026-01-03 02:12:13.90245+00	Section 3	3	f	3
10	2026-01-03 02:12:13.917433+00	2026-01-03 02:12:13.917441+00	Introduction to Python	1	f	1
11	2026-01-03 02:12:13.927011+00	2026-01-03 02:12:13.927034+00	Python Basics	2	f	1
12	2026-01-03 02:12:14.07204+00	2026-01-03 02:12:14.072048+00	Section 1	1	f	4
13	2026-01-03 02:12:14.092947+00	2026-01-03 02:12:14.093002+00	Section 2	2	f	4
14	2026-01-03 02:12:14.113294+00	2026-01-03 02:12:14.11331+00	Section 3	3	f	4
15	2026-01-03 02:12:14.14781+00	2026-01-03 02:12:14.147835+00	Section 1	1	f	5
16	2026-01-03 02:12:14.166559+00	2026-01-03 02:12:14.166571+00	Section 2	2	f	5
17	2026-01-03 02:12:14.181265+00	2026-01-03 02:12:14.181277+00	Section 3	3	f	5
18	2026-01-03 02:12:14.223379+00	2026-01-03 02:12:14.223393+00	Section 1	1	f	6
19	2026-01-03 02:12:14.250529+00	2026-01-03 02:12:14.250557+00	Section 2	2	f	6
20	2026-01-03 02:12:14.278434+00	2026-01-03 02:12:14.278479+00	Section 3	3	f	6
21	2026-01-03 02:12:14.324017+00	2026-01-03 02:12:14.324033+00	Section 1	1	f	7
22	2026-01-03 02:12:14.342209+00	2026-01-03 02:12:14.342245+00	Section 2	2	f	7
23	2026-01-03 02:12:14.360555+00	2026-01-03 02:12:14.360571+00	Section 3	3	f	7
24	2026-01-03 02:12:14.395775+00	2026-01-03 02:12:14.395797+00	Section 1	1	f	8
25	2026-01-03 02:12:14.418685+00	2026-01-03 02:12:14.418701+00	Section 2	2	f	8
26	2026-01-03 02:12:14.444359+00	2026-01-03 02:12:14.444402+00	Section 3	3	f	8
27	2026-01-03 02:12:14.48836+00	2026-01-03 02:12:14.488374+00	Section 1	1	f	9
28	2026-01-03 02:12:14.503115+00	2026-01-03 02:12:14.503125+00	Section 2	2	f	9
29	2026-01-03 02:12:14.517905+00	2026-01-03 02:12:14.517912+00	Section 3	3	f	9
30	2026-01-03 02:12:14.54678+00	2026-01-03 02:12:14.546804+00	Section 1	1	f	10
31	2026-01-03 02:12:14.568272+00	2026-01-03 02:12:14.568295+00	Section 2	2	f	10
32	2026-01-03 02:12:14.594181+00	2026-01-03 02:12:14.594243+00	Section 3	3	f	10
33	2026-01-03 02:12:14.632704+00	2026-01-03 02:12:14.63273+00	Section 1	1	f	11
34	2026-01-03 02:12:14.652478+00	2026-01-03 02:12:14.652492+00	Section 2	2	f	11
35	2026-01-03 02:12:14.66835+00	2026-01-03 02:12:14.668361+00	Section 3	3	f	11
36	2026-01-03 02:12:14.697096+00	2026-01-03 02:12:14.697143+00	Section 1	1	f	12
37	2026-01-03 02:12:14.720844+00	2026-01-03 02:12:14.720866+00	Section 2	2	f	12
38	2026-01-03 02:12:14.743463+00	2026-01-03 02:12:14.7435+00	Section 3	3	f	12
39	2026-01-03 02:12:14.811429+00	2026-01-03 02:12:14.811466+00	Section 1	1	f	13
40	2026-01-03 02:12:14.832593+00	2026-01-03 02:12:14.832612+00	Section 2	2	f	13
41	2026-01-03 02:12:14.848205+00	2026-01-03 02:12:14.848221+00	Section 3	3	f	13
42	2026-01-03 02:12:14.889324+00	2026-01-03 02:12:14.889352+00	Section 1	1	f	14
43	2026-01-03 02:12:14.907331+00	2026-01-03 02:12:14.907343+00	Section 2	2	f	14
44	2026-01-03 02:12:14.923078+00	2026-01-03 02:12:14.923087+00	Section 3	3	f	14
45	2026-01-03 02:12:14.951627+00	2026-01-03 02:12:14.951641+00	Section 1	1	f	15
46	2026-01-03 02:12:14.96749+00	2026-01-03 02:12:14.967505+00	Section 2	2	f	15
47	2026-01-03 02:12:14.985796+00	2026-01-03 02:12:14.985822+00	Section 3	3	f	15
51	2026-01-03 02:12:15.122977+00	2026-01-03 02:12:15.122999+00	Section 1	1	f	17
52	2026-01-03 02:12:15.141135+00	2026-01-03 02:12:15.141147+00	Section 2	2	f	17
53	2026-01-03 02:12:15.159086+00	2026-01-03 02:12:15.159104+00	Section 3	3	f	17
54	2026-01-03 02:12:15.190308+00	2026-01-03 02:12:15.190318+00	Section 1	1	f	18
55	2026-01-03 02:12:15.206663+00	2026-01-03 02:12:15.20667+00	Section 2	2	f	18
56	2026-01-03 02:12:15.222393+00	2026-01-03 02:12:15.222407+00	Section 3	3	f	18
60	2026-01-03 02:16:05.932656+00	2026-01-03 02:16:05.932677+00	Section 1	1	f	20
61	2026-01-03 02:16:05.949184+00	2026-01-03 02:16:05.949211+00	Section 2	2	f	20
62	2026-01-03 02:16:05.964275+00	2026-01-03 02:16:05.964288+00	Section 3	3	f	20
63	2026-01-03 15:31:03.379872+00	2026-01-03 15:31:03.379913+00	Introduction and Setup	1	f	1
64	2026-01-03 15:31:03.400435+00	2026-01-03 15:31:03.400443+00	Core Concepts	2	f	1
65	2026-01-03 15:31:03.415086+00	2026-01-03 15:31:03.415102+00	Advanced Topics	3	f	1
66	2026-01-03 15:31:03.435092+00	2026-01-03 15:31:03.435101+00	Introduction and Setup	1	f	2
67	2026-01-03 15:31:03.45396+00	2026-01-03 15:31:03.453971+00	Core Concepts	2	f	2
68	2026-01-03 15:31:03.471531+00	2026-01-03 15:31:03.47154+00	Advanced Topics	3	f	2
69	2026-01-03 15:31:03.488974+00	2026-01-03 15:31:03.488993+00	Introduction and Setup	1	f	3
70	2026-01-03 15:31:03.505637+00	2026-01-03 15:31:03.505657+00	Core Concepts	2	f	3
71	2026-01-03 15:31:03.522908+00	2026-01-03 15:31:03.522926+00	Advanced Topics	3	f	3
75	2026-01-04 08:25:42.837552+00	2026-01-04 08:25:42.837577+00	PostgreSQL Basics	1	t	16
76	2026-01-04 08:25:42.85697+00	2026-01-04 08:25:42.856985+00	SQL Fundamentals	2	f	16
77	2026-01-04 08:25:42.880882+00	2026-01-04 08:25:42.880898+00	Advanced PostgreSQL	3	f	16
78	2026-01-04 08:25:42.907748+00	2026-01-04 08:25:42.907763+00	Git Fundamentals	1	t	19
79	2026-01-04 08:25:42.927383+00	2026-01-04 08:25:42.927397+00	Git Commands and Workflow	2	f	19
80	2026-01-04 08:25:42.947619+00	2026-01-04 08:25:42.947636+00	GitHub and Collaboration	3	f	19
81	2026-01-04 08:25:42.971943+00	2026-01-04 08:25:42.971959+00	Shopify Store Setup	1	t	21
82	2026-01-04 08:25:42.985176+00	2026-01-04 08:25:42.985188+00	Products and Inventory	2	f	21
83	2026-01-04 08:25:43.00049+00	2026-01-04 08:25:43.000506+00	Store Customization and Marketing	3	f	21
84	2026-01-08 08:29:36.887138+00	2026-01-08 08:29:36.887234+00	Introduction to Python	1	t	22
85	2026-01-08 08:29:36.948812+00	2026-01-08 08:29:36.948834+00	Python Fundamentals	2	f	22
86	2026-01-08 08:29:37.00045+00	2026-01-08 08:29:37.000474+00	Control Flow and Functions	3	f	22
87	2026-01-08 08:29:37.39865+00	2026-01-08 08:29:37.398672+00	Introduction	1	t	23
88	2026-01-08 08:29:37.546737+00	2026-01-08 08:29:37.546756+00	Core Concepts	2	f	23
89	2026-01-08 08:29:37.627908+00	2026-01-08 08:29:37.627931+00	Advanced Topics	3	f	23
90	2026-01-08 08:29:38.004593+00	2026-01-08 08:29:38.004619+00	Introduction	1	t	24
91	2026-01-08 08:29:38.078919+00	2026-01-08 08:29:38.078947+00	Core Concepts	2	f	24
92	2026-01-08 08:29:38.147812+00	2026-01-08 08:29:38.149094+00	Advanced Topics	3	f	24
93	2026-01-08 08:29:38.314693+00	2026-01-08 08:29:38.314711+00	Introduction	1	t	25
94	2026-01-08 08:29:38.404649+00	2026-01-08 08:29:38.404673+00	Core Concepts	2	f	25
95	2026-01-08 08:29:38.473063+00	2026-01-08 08:29:38.473088+00	Advanced Topics	3	f	25
96	2026-01-15 14:50:59.784218+00	2026-01-15 14:50:59.784234+00	Introduction	1	t	8
97	2026-01-15 14:50:59.806826+00	2026-01-15 14:50:59.806837+00	Core Concepts	2	f	8
98	2026-01-15 14:50:59.820111+00	2026-01-15 14:50:59.820144+00	Advanced Topics	3	f	8
99	2026-01-15 14:50:59.844412+00	2026-01-15 14:50:59.844427+00	Introduction	1	t	9
100	2026-01-15 14:50:59.858023+00	2026-01-15 14:50:59.858034+00	Core Concepts	2	f	9
101	2026-01-15 14:50:59.869582+00	2026-01-15 14:50:59.869597+00	Advanced Topics	3	f	9
102	2026-01-15 14:50:59.914535+00	2026-01-15 14:50:59.914546+00	Introduction to Python	1	t	6
103	2026-01-15 14:50:59.925492+00	2026-01-15 14:50:59.925502+00	Python Fundamentals	2	f	6
104	2026-01-15 14:50:59.940475+00	2026-01-15 14:50:59.940486+00	Control Flow and Functions	3	f	6
105	2026-01-15 14:50:59.969417+00	2026-01-15 14:50:59.969429+00	Python Fundamentals	2	f	1
106	2026-01-15 14:50:59.984525+00	2026-01-15 14:50:59.984533+00	Control Flow and Functions	3	f	1
107	2026-01-15 14:51:00.00273+00	2026-01-15 14:51:00.002742+00	Introduction	1	t	14
108	2026-01-15 14:51:00.015433+00	2026-01-15 14:51:00.015445+00	Core Concepts	2	f	14
109	2026-01-15 14:51:00.026033+00	2026-01-15 14:51:00.026043+00	Advanced Topics	3	f	14
110	2026-01-15 14:51:00.047002+00	2026-01-15 14:51:00.047015+00	Introduction	1	t	13
111	2026-01-15 14:51:00.055776+00	2026-01-15 14:51:00.055783+00	Core Concepts	2	f	13
112	2026-01-15 14:51:00.067491+00	2026-01-15 14:51:00.067502+00	Advanced Topics	3	f	13
113	2026-01-15 14:51:00.086521+00	2026-01-15 14:51:00.086532+00	Introduction	1	t	7
114	2026-01-15 14:51:00.099535+00	2026-01-15 14:51:00.099545+00	Core Concepts	2	f	7
115	2026-01-15 14:51:00.112834+00	2026-01-15 14:51:00.112872+00	Advanced Topics	3	f	7
116	2026-01-15 14:51:00.135773+00	2026-01-15 14:51:00.135803+00	Introduction	1	t	4
117	2026-01-15 14:51:00.149254+00	2026-01-15 14:51:00.149265+00	Core Concepts	2	f	4
118	2026-01-15 14:51:00.161169+00	2026-01-15 14:51:00.161188+00	Advanced Topics	3	f	4
119	2026-01-15 14:51:00.180568+00	2026-01-15 14:51:00.180579+00	Introduction	1	t	3
120	2026-01-15 14:51:00.211743+00	2026-01-15 14:51:00.211769+00	Introduction to Python	1	t	10
121	2026-01-15 14:51:00.223531+00	2026-01-15 14:51:00.223549+00	Python Fundamentals	2	f	10
122	2026-01-15 14:51:00.239835+00	2026-01-15 14:51:00.239848+00	Control Flow and Functions	3	f	10
123	2026-01-15 14:51:00.260047+00	2026-01-15 14:51:00.260104+00	Introduction	1	t	11
124	2026-01-15 14:51:00.270871+00	2026-01-15 14:51:00.270877+00	Core Concepts	2	f	11
125	2026-01-15 14:51:00.284258+00	2026-01-15 14:51:00.284274+00	Advanced Topics	3	f	11
126	2026-01-15 14:51:00.321512+00	2026-01-15 14:51:00.321523+00	Introduction	1	t	15
127	2026-01-15 14:51:00.335626+00	2026-01-15 14:51:00.335637+00	Core Concepts	2	f	15
128	2026-01-15 14:51:00.34819+00	2026-01-15 14:51:00.348204+00	Advanced Topics	3	f	15
129	2026-01-15 14:51:00.369498+00	2026-01-15 14:51:00.369511+00	Introduction	1	t	2
130	2026-01-15 14:51:00.396726+00	2026-01-15 14:51:00.396741+00	Introduction	1	t	17
131	2026-01-15 14:51:00.407341+00	2026-01-15 14:51:00.407354+00	Core Concepts	2	f	17
132	2026-01-15 14:51:00.423756+00	2026-01-15 14:51:00.423781+00	Advanced Topics	3	f	17
133	2026-01-15 14:51:00.478882+00	2026-01-15 14:51:00.478901+00	Introduction	1	t	5
134	2026-01-15 14:51:00.494572+00	2026-01-15 14:51:00.494591+00	Core Concepts	2	f	5
135	2026-01-15 14:51:00.509716+00	2026-01-15 14:51:00.509734+00	Advanced Topics	3	f	5
136	2026-01-15 14:51:00.570949+00	2026-01-15 14:51:00.570963+00	Introduction to Python	1	t	12
137	2026-01-15 14:51:00.584042+00	2026-01-15 14:51:00.584051+00	Python Fundamentals	2	f	12
138	2026-01-15 14:51:00.601808+00	2026-01-15 14:51:00.601821+00	Control Flow and Functions	3	f	12
139	2026-01-15 14:51:00.621964+00	2026-01-15 14:51:00.621972+00	Introduction	1	t	18
140	2026-01-15 14:51:00.632836+00	2026-01-15 14:51:00.632844+00	Core Concepts	2	f	18
141	2026-01-15 14:51:00.641583+00	2026-01-15 14:51:00.641592+00	Advanced Topics	3	f	18
142	2026-01-15 14:51:00.658966+00	2026-01-15 14:51:00.658978+00	Introduction	1	t	20
143	2026-01-15 14:51:00.680193+00	2026-01-15 14:51:00.680221+00	Core Concepts	2	f	20
144	2026-01-15 14:51:00.699717+00	2026-01-15 14:51:00.699754+00	Advanced Topics	3	f	20
\.


--
-- Data for Name: lms_coursetag; Type: TABLE DATA; Schema: public; Owner: postgres
--

COPY public.lms_coursetag (id, created_at, updated_at, course_id, tag_id) FROM stdin;
1	2026-01-03 02:12:13.710864+00	2026-01-03 02:12:13.710877+00	1	1
2	2026-01-03 02:12:13.723571+00	2026-01-03 02:12:13.723585+00	2	2
3	2026-01-03 02:12:13.723599+00	2026-01-03 02:12:13.723604+00	2	3
4	2026-01-03 02:12:13.736362+00	2026-01-03 02:12:13.736372+00	3	1
5	2026-01-03 02:12:14.064452+00	2026-01-03 02:12:14.064464+00	4	2
6	2026-01-03 02:12:14.068369+00	2026-01-03 02:12:14.068377+00	4	4
7	2026-01-03 02:12:14.138235+00	2026-01-03 02:12:14.13825+00	5	2
8	2026-01-03 02:12:14.141508+00	2026-01-03 02:12:14.141523+00	5	5
9	2026-01-03 02:12:14.212036+00	2026-01-03 02:12:14.212066+00	6	1
10	2026-01-03 02:12:14.218202+00	2026-01-03 02:12:14.218226+00	6	8
11	2026-01-03 02:12:14.314597+00	2026-01-03 02:12:14.314616+00	7	6
12	2026-01-03 02:12:14.318833+00	2026-01-03 02:12:14.318845+00	7	7
13	2026-01-03 02:12:14.389937+00	2026-01-03 02:12:14.389951+00	8	2
14	2026-01-03 02:12:14.47328+00	2026-01-03 02:12:14.47329+00	9	1
15	2026-01-03 02:12:14.478601+00	2026-01-03 02:12:14.478629+00	9	3
16	2026-01-03 02:12:14.484507+00	2026-01-03 02:12:14.484522+00	9	4
17	2026-01-03 02:12:14.541407+00	2026-01-03 02:12:14.541415+00	10	1
18	2026-01-03 02:12:14.62297+00	2026-01-03 02:12:14.622982+00	11	2
19	2026-01-03 02:12:14.628231+00	2026-01-03 02:12:14.62825+00	11	5
20	2026-01-03 02:12:14.691214+00	2026-01-03 02:12:14.691231+00	12	1
21	2026-01-03 02:12:14.794412+00	2026-01-03 02:12:14.794462+00	13	2
22	2026-01-03 02:12:14.803736+00	2026-01-03 02:12:14.803774+00	13	4
23	2026-01-03 02:12:14.884883+00	2026-01-03 02:12:14.884903+00	14	2
24	2026-01-03 02:12:14.947821+00	2026-01-03 02:12:14.947837+00	15	5
25	2026-01-03 02:12:15.025789+00	2026-01-03 02:12:15.025808+00	16	5
26	2026-01-03 02:12:15.118222+00	2026-01-03 02:12:15.118234+00	17	6
27	2026-01-03 02:12:15.186525+00	2026-01-03 02:12:15.186535+00	18	1
28	2026-01-03 02:12:15.24517+00	2026-01-03 02:12:15.2452+00	19	2
29	2026-01-03 02:16:05.926603+00	2026-01-03 02:16:05.926611+00	20	2
30	2026-01-04 08:24:36.596668+00	2026-01-04 08:24:36.596684+00	16	9
31	2026-01-04 08:24:36.609945+00	2026-01-04 08:24:36.609956+00	19	10
32	2026-01-04 08:24:36.631532+00	2026-01-04 08:24:36.631549+00	21	11
33	2026-01-04 08:24:36.691839+00	2026-01-04 08:24:36.691853+00	2	1
34	2026-01-08 08:29:36.872221+00	2026-01-08 08:29:36.872244+00	22	1
35	2026-01-08 08:29:37.333173+00	2026-01-08 08:29:37.333195+00	23	2
36	2026-01-08 08:29:37.339615+00	2026-01-08 08:29:37.33964+00	23	4
37	2026-01-08 08:29:37.94825+00	2026-01-08 08:29:37.948276+00	24	1
38	2026-01-08 08:29:37.964981+00	2026-01-08 08:29:37.965006+00	24	2
39	2026-01-08 08:29:37.987328+00	2026-01-08 08:29:37.987352+00	24	3
40	2026-01-08 08:29:37.992474+00	2026-01-08 08:29:37.992497+00	24	4
41	2026-01-08 08:29:38.288124+00	2026-01-08 08:29:38.288144+00	25	1
42	2026-01-08 08:29:38.30317+00	2026-01-08 08:29:38.303191+00	25	3
\.


--
-- Data for Name: lms_enrollment; Type: TABLE DATA; Schema: public; Owner: postgres
--

COPY public.lms_enrollment (id, created_at, updated_at, status, progress_percent, certificate_url, completed_at, batch_id, course_id, user_id) FROM stdin;
1	2026-01-03 02:12:15.294593+00	2026-01-03 02:12:15.294615+00	active	25.00		\N	\N	1	2
2	2026-01-03 02:12:15.300334+00	2026-01-03 02:12:15.300354+00	active	45.00		\N	\N	2	2
4	2026-01-03 02:12:15.307061+00	2026-01-03 02:12:15.307076+00	active	75.00		\N	\N	4	2
7	2026-01-03 02:12:15.322301+00	2026-01-03 02:12:15.322326+00	active	80.00		\N	\N	7	2
8	2026-01-03 02:12:15.328879+00	2026-01-03 02:12:15.328907+00	active	15.00		\N	\N	8	2
9	2026-01-03 02:12:15.334552+00	2026-01-03 02:12:15.334566+00	active	90.00		\N	\N	9	2
11	2026-01-03 02:12:15.346784+00	2026-01-03 02:12:15.346816+00	active	65.00		\N	\N	11	2
12	2026-01-03 02:12:15.350903+00	2026-01-03 02:12:15.350918+00	active	100.00		\N	\N	12	2
13	2026-01-03 16:00:32.136285+00	2026-01-04 09:15:07.780034+00	active	0.00		\N	\N	16	2
5	2026-01-03 02:12:15.311241+00	2026-01-03 15:24:45.13003+00	active	0.00		\N	\N	5	2
14	2026-01-04 08:24:37.015207+00	2026-01-04 09:15:15.548622+00	active	0.00		\N	\N	19	2
17	2026-01-05 13:35:50.693493+00	2026-01-05 13:35:50.693511+00	active	0.00		\N	\N	1	10
18	2026-01-06 07:56:58.934974+00	2026-01-06 07:56:58.934991+00	active	0.00		\N	\N	9	10
3	2026-01-03 02:12:15.303718+00	2026-01-08 08:29:39.291262+00	active	60.00		\N	1	3	2
19	2026-01-08 08:29:39.552156+00	2026-01-08 08:29:39.568722+00	active	20.00		\N	2	22	2
20	2026-01-08 13:54:24.122089+00	2026-01-08 13:54:24.122113+00	active	0.00		\N	\N	2	10
21	2026-01-08 14:43:17.072152+00	2026-01-08 14:43:17.072167+00	active	0.00		\N	\N	25	10
16	2026-01-04 19:42:25.388899+00	2026-01-08 14:43:51.510288+00	active	36.36		\N	\N	21	10
23	2026-01-13 12:22:50.946911+00	2026-01-13 12:22:50.946928+00	active	0.00		\N	\N	24	12
24	2026-01-13 12:27:55.68198+00	2026-01-20 09:23:02.459981+00	active	18.18		\N	\N	21	12
25	2026-01-20 09:30:46.895291+00	2026-01-20 09:30:55.62971+00	active	5.56		\N	\N	8	12
6	2026-01-03 02:12:15.316562+00	2026-01-03 15:34:33.297419+00	active	11.11		\N	\N	6	2
10	2026-01-03 02:12:15.339936+00	2026-01-03 15:35:10.596578+00	active	0.00		\N	\N	10	2
22	2026-01-12 13:18:48.751249+00	2026-01-20 09:32:42.644645+00	completed	100.00		2026-01-20 09:32:42.644607+00	\N	25	12
15	2026-01-04 08:24:37.021181+00	2026-01-04 08:24:37.021198+00	active	75.00		\N	\N	21	2
\.


--
-- Data for Name: lms_forum; Type: TABLE DATA; Schema: public; Owner: postgres
--

COPY public.lms_forum (id, created_at, updated_at, is_active, course_id) FROM stdin;
1	2026-01-04 08:24:58.994679+00	2026-01-04 08:24:58.994694+00	t	1
2	2026-01-04 08:24:59.013773+00	2026-01-04 08:24:59.013789+00	t	16
3	2026-01-04 08:24:59.025029+00	2026-01-04 08:24:59.025044+00	t	19
\.


--
-- Data for Name: lms_lecture; Type: TABLE DATA; Schema: public; Owner: postgres
--

COPY public.lms_lecture (id, created_at, updated_at, title, description, "order", content_url, youtube_video_id, duration_minutes, is_preview, video_type, section_id) FROM stdin;
50	2026-01-03 02:12:14.236001+00	2026-01-15 14:56:53.550608+00	Lecture 2.1	Content for lecture 2.1	2		kqtD5dpn9C8	20	f	youtube	18
51	2026-01-03 02:12:14.243709+00	2026-01-15 14:56:53.55584+00	Lecture 3.1	Content for lecture 3.1	3		t8pPdYpowjU	25	f	youtube	18
52	2026-01-03 02:12:14.256087+00	2026-01-15 14:56:53.561402+00	Lecture 1.2	Content for lecture 1.2	1		HGOBQPFzyW8	15	f	youtube	19
53	2026-01-03 02:12:14.263399+00	2026-01-15 14:56:53.566123+00	Lecture 2.2	Content for lecture 2.2	2		Ej_02ICOIgs	20	f	youtube	19
54	2026-01-03 02:12:14.270738+00	2026-01-15 14:56:53.569897+00	Lecture 3.2	Content for lecture 3.2	3		rJzjDszODTI	25	f	youtube	19
55	2026-01-03 02:12:14.286721+00	2026-01-15 14:56:53.575703+00	Lecture 1.3	Content for lecture 1.3	1		onM0s5JH5aA	15	f	youtube	20
56	2026-01-03 02:12:14.293812+00	2026-01-15 14:56:53.580926+00	Lecture 2.3	Content for lecture 2.3	2		hVl4bQN0TvY	20	f	youtube	20
57	2026-01-03 02:12:14.299267+00	2026-01-15 14:56:53.585653+00	Lecture 3.3	Content for lecture 3.3	3		6iF8Xb7Z3wQ	25	f	youtube	20
1	2026-01-03 02:12:13.749371+00	2026-01-15 14:56:53.592121+00	Lecture 1.1	Content for lecture 1.1	1		rfscVS0vtbw	15	t	youtube	1
2	2026-01-03 02:12:13.753839+00	2026-01-15 14:56:53.604141+00	Lecture 2.1	Content for lecture 2.1	2		kqtD5dpn9C8	20	f	youtube	1
29	2026-01-03 02:12:13.922893+00	2026-01-15 14:56:53.607204+00	Installing Python	How to install Python on your computer	2		kqtD5dpn9C8	5	f	youtube	10
3	2026-01-03 02:12:13.757718+00	2026-01-15 14:56:53.615827+00	Lecture 3.1	Content for lecture 3.1	3		t8pPdYpowjU	25	f	youtube	1
4	2026-01-03 02:12:13.767571+00	2026-01-15 14:56:53.621302+00	Lecture 1.2	Content for lecture 1.2	1		HGOBQPFzyW8	15	f	youtube	2
30	2026-01-03 02:12:13.930978+00	2026-01-15 14:56:53.623607+00	Variables and Data Types	Learn about Python variables	1		HGOBQPFzyW8	15	f	youtube	11
5	2026-01-03 02:12:13.772261+00	2026-01-15 14:56:53.637343+00	Lecture 2.2	Content for lecture 2.2	2		Ej_02ICOIgs	20	f	youtube	2
6	2026-01-03 02:12:13.779275+00	2026-01-15 14:56:53.639783+00	Lecture 3.2	Content for lecture 3.2	3		rJzjDszODTI	25	f	youtube	2
7	2026-01-03 02:12:13.794617+00	2026-01-15 14:56:53.655623+00	Lecture 1.3	Content for lecture 1.3	1		onM0s5JH5aA	15	f	youtube	3
8	2026-01-03 02:12:13.801004+00	2026-01-15 14:56:53.658719+00	Lecture 2.3	Content for lecture 2.3	2		hVl4bQN0TvY	20	f	youtube	3
9	2026-01-03 02:12:13.805775+00	2026-01-15 14:56:53.669548+00	Lecture 3.3	Content for lecture 3.3	3		6iF8Xb7Z3wQ	25	f	youtube	3
58	2026-01-03 02:12:14.328434+00	2026-01-15 14:56:53.780997+00	Lecture 1.1	Content for lecture 1.1	1		fqMOX6JJhGo	15	t	youtube	21
59	2026-01-03 02:12:14.332858+00	2026-01-15 14:56:53.785903+00	Lecture 2.1	Content for lecture 2.1	2		3c-iBn73dDE	20	f	youtube	21
60	2026-01-03 02:12:14.337206+00	2026-01-15 14:56:53.79182+00	Lecture 3.1	Content for lecture 3.1	3		fqMOX6JJhGo	25	f	youtube	21
61	2026-01-03 02:12:14.347929+00	2026-01-15 14:56:53.797323+00	Lecture 1.2	Content for lecture 1.2	1		3c-iBn73dDE	15	f	youtube	22
31	2026-01-03 02:12:14.078+00	2026-01-15 14:56:53.832714+00	Lecture 1.1	Content for lecture 1.1	1		bMknfKXIFA8	15	t	youtube	12
32	2026-01-03 02:12:14.082711+00	2026-01-15 14:56:53.838045+00	Lecture 2.1	Content for lecture 2.1	2		SqcY0GlETPk	20	f	youtube	12
33	2026-01-03 02:12:14.087268+00	2026-01-15 14:56:53.843374+00	Lecture 3.1	Content for lecture 3.1	3		jLS0TkAHvRg	25	f	youtube	12
34	2026-01-03 02:12:14.099633+00	2026-01-15 14:56:53.848659+00	Lecture 1.2	Content for lecture 1.2	1		0ZJgIjIuY7U	15	f	youtube	13
35	2026-01-03 02:12:14.104441+00	2026-01-15 14:56:53.853209+00	Lecture 2.2	Content for lecture 2.2	2		bMknfKXIFA8	20	f	youtube	13
36	2026-01-03 02:12:14.108763+00	2026-01-15 14:56:53.86216+00	Lecture 3.2	Content for lecture 3.2	3		SqcY0GlETPk	25	f	youtube	13
37	2026-01-03 02:12:14.117465+00	2026-01-15 14:56:53.867963+00	Lecture 1.3	Content for lecture 1.3	1		jLS0TkAHvRg	15	f	youtube	14
38	2026-01-03 02:12:14.121057+00	2026-01-15 14:56:53.871477+00	Lecture 2.3	Content for lecture 2.3	2		0ZJgIjIuY7U	20	f	youtube	14
39	2026-01-03 02:12:14.125116+00	2026-01-15 14:56:53.879188+00	Lecture 3.3	Content for lecture 3.3	3		bMknfKXIFA8	25	f	youtube	14
19	2026-01-03 02:12:13.869885+00	2026-01-15 14:56:53.889137+00	Lecture 1.1	Content for lecture 1.1	1		r-uOLxNrNk8	15	t	youtube	7
20	2026-01-03 02:12:13.873234+00	2026-01-15 14:56:53.89707+00	Lecture 2.1	Content for lecture 2.1	2		vmEHCJofslg	20	f	youtube	7
21	2026-01-03 02:12:13.877351+00	2026-01-15 14:56:53.905094+00	Lecture 3.1	Content for lecture 3.1	3		QUT1V3l2_7I	25	f	youtube	7
22	2026-01-03 02:12:13.887336+00	2026-01-15 14:56:53.915883+00	Lecture 1.2	Content for lecture 1.2	1		PJ1tv9w2K7g	15	f	youtube	8
23	2026-01-03 02:12:13.890812+00	2026-01-15 14:56:53.918209+00	Lecture 2.2	Content for lecture 2.2	2		r-uOLxNrNk8	20	f	youtube	8
24	2026-01-03 02:12:13.898187+00	2026-01-15 14:56:53.927135+00	Lecture 3.2	Content for lecture 3.2	3		vmEHCJofslg	25	f	youtube	8
25	2026-01-03 02:12:13.905513+00	2026-01-15 14:56:53.93209+00	Lecture 1.3	Content for lecture 1.3	1		QUT1V3l2_7I	15	f	youtube	9
26	2026-01-03 02:12:13.909492+00	2026-01-15 14:56:53.934405+00	Lecture 2.3	Content for lecture 2.3	2		PJ1tv9w2K7g	20	f	youtube	9
27	2026-01-03 02:12:13.913855+00	2026-01-15 14:56:53.94118+00	Lecture 3.3	Content for lecture 3.3	3		r-uOLxNrNk8	25	f	youtube	9
10	2026-01-03 02:12:13.817423+00	2026-01-15 14:56:54.111076+00	Lecture 1.1	Content for lecture 1.1	1		F5mRW0jo-U4	15	t	youtube	4
11	2026-01-03 02:12:13.822299+00	2026-01-15 14:56:54.120945+00	Lecture 2.1	Content for lecture 2.1	2		UmljXZIypDc	20	f	youtube	4
12	2026-01-03 02:12:13.828067+00	2026-01-15 14:56:54.128609+00	Lecture 3.1	Content for lecture 3.1	3		sm1mokevMNk	25	f	youtube	4
13	2026-01-03 02:12:13.837365+00	2026-01-15 14:56:54.138774+00	Lecture 1.2	Content for lecture 1.2	1		0oG2PED5p68	15	f	youtube	5
14	2026-01-03 02:12:13.841441+00	2026-01-15 14:56:54.141293+00	Lecture 2.2	Content for lecture 2.2	2		Zx04kf8xs4M	20	f	youtube	5
15	2026-01-03 02:12:13.847084+00	2026-01-15 14:56:54.149662+00	Lecture 3.2	Content for lecture 3.2	3		B8Z9hGpN6Ow	25	f	youtube	5
16	2026-01-03 02:12:13.855131+00	2026-01-15 14:56:54.154482+00	Lecture 1.3	Content for lecture 1.3	1		JT80XhYJdBw	15	f	youtube	6
17	2026-01-03 02:12:13.859744+00	2026-01-15 14:56:54.156447+00	Lecture 2.3	Content for lecture 2.3	2		c708Nf0cU4Y	20	f	youtube	6
40	2026-01-03 02:12:14.152716+00	2026-01-15 14:56:54.240247+00	Lecture 1.1	Content for lecture 1.1	1		PkZNo7MFNFg	15	t	youtube	15
41	2026-01-03 02:12:14.157602+00	2026-01-15 14:56:54.245291+00	Lecture 2.1	Content for lecture 2.1	2		W6NZfCO5SIk	20	f	youtube	15
42	2026-01-03 02:12:14.161761+00	2026-01-15 14:56:54.250413+00	Lecture 3.1	Content for lecture 3.1	3		hdI2bqOjy3c	25	f	youtube	15
43	2026-01-03 02:12:14.170272+00	2026-01-15 14:56:54.25581+00	Lecture 1.2	Content for lecture 1.2	1		PkZNo7MFNFg	15	f	youtube	16
44	2026-01-03 02:12:14.173385+00	2026-01-15 14:56:54.261025+00	Lecture 2.2	Content for lecture 2.2	2		W6NZfCO5SIk	20	f	youtube	16
45	2026-01-03 02:12:14.177622+00	2026-01-15 14:56:54.267715+00	Lecture 3.2	Content for lecture 3.2	3		hdI2bqOjy3c	25	f	youtube	16
46	2026-01-03 02:12:14.185589+00	2026-01-15 14:56:54.271551+00	Lecture 1.3	Content for lecture 1.3	1		PkZNo7MFNFg	15	f	youtube	17
47	2026-01-03 02:12:14.189401+00	2026-01-15 14:56:54.273226+00	Lecture 2.3	Content for lecture 2.3	2		W6NZfCO5SIk	20	f	youtube	17
48	2026-01-03 02:12:14.19579+00	2026-01-15 14:56:54.277681+00	Lecture 3.3	Content for lecture 3.3	3		hdI2bqOjy3c	25	f	youtube	17
68	2026-01-03 02:12:14.407466+00	2026-01-15 14:56:53.41909+00	Lecture 2.1	Content for lecture 2.1	2		W6NZfCO5SIk	20	f	youtube	24
69	2026-01-03 02:12:14.413454+00	2026-01-15 14:56:53.425543+00	Lecture 3.1	Content for lecture 3.1	3		hdI2bqOjy3c	25	f	youtube	24
70	2026-01-03 02:12:14.424516+00	2026-01-15 14:56:53.431485+00	Lecture 1.2	Content for lecture 1.2	1		PkZNo7MFNFg	15	f	youtube	25
71	2026-01-03 02:12:14.431033+00	2026-01-15 14:56:53.436911+00	Lecture 2.2	Content for lecture 2.2	2		W6NZfCO5SIk	20	f	youtube	25
72	2026-01-03 02:12:14.436768+00	2026-01-15 14:56:53.444372+00	Lecture 3.2	Content for lecture 3.2	3		hdI2bqOjy3c	25	f	youtube	25
73	2026-01-03 02:12:14.452068+00	2026-01-15 14:56:53.449716+00	Lecture 1.3	Content for lecture 1.3	1		PkZNo7MFNFg	15	f	youtube	26
74	2026-01-03 02:12:14.456927+00	2026-01-15 14:56:53.453571+00	Lecture 2.3	Content for lecture 2.3	2		W6NZfCO5SIk	20	f	youtube	26
75	2026-01-03 02:12:14.463208+00	2026-01-15 14:56:53.460155+00	Lecture 3.3	Content for lecture 3.3	3		hdI2bqOjy3c	25	f	youtube	26
76	2026-01-03 02:12:14.491937+00	2026-01-15 14:56:53.467823+00	Lecture 1.1	Content for lecture 1.1	1		F5mRW0jo-U4	15	t	youtube	27
77	2026-01-03 02:12:14.49649+00	2026-01-15 14:56:53.473277+00	Lecture 2.1	Content for lecture 2.1	2		UmljXZIypDc	20	f	youtube	27
78	2026-01-03 02:12:14.499917+00	2026-01-15 14:56:53.479016+00	Lecture 3.1	Content for lecture 3.1	3		sm1mokevMNk	25	f	youtube	27
79	2026-01-03 02:12:14.506326+00	2026-01-15 14:56:53.483963+00	Lecture 1.2	Content for lecture 1.2	1		0oG2PED5p68	15	f	youtube	28
80	2026-01-03 02:12:14.510819+00	2026-01-15 14:56:53.489082+00	Lecture 2.2	Content for lecture 2.2	2		Zx04kf8xs4M	20	f	youtube	28
81	2026-01-03 02:12:14.514635+00	2026-01-15 14:56:53.497714+00	Lecture 3.2	Content for lecture 3.2	3		B8Z9hGpN6Ow	25	f	youtube	28
82	2026-01-03 02:12:14.521015+00	2026-01-15 14:56:53.50264+00	Lecture 1.3	Content for lecture 1.3	1		JT80XhYJdBw	15	f	youtube	29
83	2026-01-03 02:12:14.524602+00	2026-01-15 14:56:53.505068+00	Lecture 2.3	Content for lecture 2.3	2		c708Nf0cU4Y	20	f	youtube	29
84	2026-01-03 02:12:14.529486+00	2026-01-15 14:56:53.509411+00	Lecture 3.3	Content for lecture 3.3	3		F5mRW0jo-U4	25	f	youtube	29
121	2026-01-03 02:12:14.894346+00	2026-01-15 14:56:53.676036+00	Lecture 1.1	Content for lecture 1.1	1		3qBXWUpoPH0	15	t	youtube	42
122	2026-01-03 02:12:14.899506+00	2026-01-15 14:56:53.681773+00	Lecture 2.1	Content for lecture 2.1	2		3qBXWUpoPH0	20	f	youtube	42
112	2026-01-03 02:12:14.817482+00	2026-01-15 14:56:53.728348+00	Lecture 1.1	Content for lecture 1.1	1		PkZNo7MFNFg	15	t	youtube	39
113	2026-01-03 02:12:14.82296+00	2026-01-15 14:56:53.733572+00	Lecture 2.1	Content for lecture 2.1	2		W6NZfCO5SIk	20	f	youtube	39
114	2026-01-03 02:12:14.828217+00	2026-01-15 14:56:53.738628+00	Lecture 3.1	Content for lecture 3.1	3		hdI2bqOjy3c	25	f	youtube	39
115	2026-01-03 02:12:14.836325+00	2026-01-15 14:56:53.743996+00	Lecture 1.2	Content for lecture 1.2	1		PkZNo7MFNFg	15	f	youtube	40
116	2026-01-03 02:12:14.840061+00	2026-01-15 14:56:53.750606+00	Lecture 2.2	Content for lecture 2.2	2		W6NZfCO5SIk	20	f	youtube	40
117	2026-01-03 02:12:14.84447+00	2026-01-15 14:56:53.758708+00	Lecture 3.2	Content for lecture 3.2	3		hdI2bqOjy3c	25	f	youtube	40
118	2026-01-03 02:12:14.85161+00	2026-01-15 14:56:53.764356+00	Lecture 1.3	Content for lecture 1.3	1		PkZNo7MFNFg	15	f	youtube	41
119	2026-01-03 02:12:14.856573+00	2026-01-15 14:56:53.767511+00	Lecture 2.3	Content for lecture 2.3	2		W6NZfCO5SIk	20	f	youtube	41
120	2026-01-03 02:12:14.863381+00	2026-01-15 14:56:53.773208+00	Lecture 3.3	Content for lecture 3.3	3		hdI2bqOjy3c	25	f	youtube	41
62	2026-01-03 02:12:14.352213+00	2026-01-15 14:56:53.803422+00	Lecture 2.2	Content for lecture 2.2	2		fqMOX6JJhGo	20	f	youtube	22
64	2026-01-03 02:12:14.365046+00	2026-01-15 14:56:53.817225+00	Lecture 1.3	Content for lecture 1.3	1		fqMOX6JJhGo	15	f	youtube	23
65	2026-01-03 02:12:14.370058+00	2026-01-15 14:56:53.819907+00	Lecture 2.3	Content for lecture 2.3	2		fqMOX6JJhGo	20	f	youtube	23
66	2026-01-03 02:12:14.376518+00	2026-01-15 14:56:53.825274+00	Lecture 3.3	Content for lecture 3.3	3		3c-iBn73dDE	25	f	youtube	23
85	2026-01-03 02:12:14.551609+00	2026-01-15 14:56:53.945546+00	Lecture 1.1	Content for lecture 1.1	1		rfscVS0vtbw	15	t	youtube	30
86	2026-01-03 02:12:14.555596+00	2026-01-15 14:56:53.950154+00	Lecture 2.1	Content for lecture 2.1	2		kqtD5dpn9C8	20	f	youtube	30
87	2026-01-03 02:12:14.561862+00	2026-01-15 14:56:53.955156+00	Lecture 3.1	Content for lecture 3.1	3		t8pPdYpowjU	25	f	youtube	30
88	2026-01-03 02:12:14.574515+00	2026-01-15 14:56:53.961407+00	Lecture 1.2	Content for lecture 1.2	1		HGOBQPFzyW8	15	f	youtube	31
89	2026-01-03 02:12:14.58104+00	2026-01-15 14:56:53.966519+00	Lecture 2.2	Content for lecture 2.2	2		Ej_02ICOIgs	20	f	youtube	31
90	2026-01-03 02:12:14.586248+00	2026-01-15 14:56:53.970565+00	Lecture 3.2	Content for lecture 3.2	3		rJzjDszODTI	25	f	youtube	31
91	2026-01-03 02:12:14.600466+00	2026-01-15 14:56:53.977714+00	Lecture 1.3	Content for lecture 1.3	1		onM0s5JH5aA	15	f	youtube	32
92	2026-01-03 02:12:14.604691+00	2026-01-15 14:56:53.982685+00	Lecture 2.3	Content for lecture 2.3	2		hVl4bQN0TvY	20	f	youtube	32
93	2026-01-03 02:12:14.609677+00	2026-01-15 14:56:53.987233+00	Lecture 3.3	Content for lecture 3.3	3		6iF8Xb7Z3wQ	25	f	youtube	32
94	2026-01-03 02:12:14.637086+00	2026-01-15 14:56:53.993899+00	Lecture 1.1	Content for lecture 1.1	1		GZvSYJDk-us	15	t	youtube	33
95	2026-01-03 02:12:14.641946+00	2026-01-15 14:56:53.998512+00	Lecture 2.1	Content for lecture 2.1	2		FLnxgSZ0DG4	20	f	youtube	33
96	2026-01-03 02:12:14.64857+00	2026-01-15 14:56:54.003514+00	Lecture 3.1	Content for lecture 3.1	3		GZvSYJDk-us	25	f	youtube	33
97	2026-01-03 02:12:14.656701+00	2026-01-15 14:56:54.007645+00	Lecture 1.2	Content for lecture 1.2	1		FLnxgSZ0DG4	15	f	youtube	34
98	2026-01-03 02:12:14.661292+00	2026-01-15 14:56:54.013076+00	Lecture 2.2	Content for lecture 2.2	2		GZvSYJDk-us	20	f	youtube	34
99	2026-01-03 02:12:14.665327+00	2026-01-15 14:56:54.019886+00	Lecture 3.2	Content for lecture 3.2	3		FLnxgSZ0DG4	25	f	youtube	34
100	2026-01-03 02:12:14.671277+00	2026-01-15 14:56:54.024702+00	Lecture 1.3	Content for lecture 1.3	1		GZvSYJDk-us	15	f	youtube	35
101	2026-01-03 02:12:14.674234+00	2026-01-15 14:56:54.027541+00	Lecture 2.3	Content for lecture 2.3	2		FLnxgSZ0DG4	20	f	youtube	35
102	2026-01-03 02:12:14.678342+00	2026-01-15 14:56:54.033025+00	Lecture 3.3	Content for lecture 3.3	3		GZvSYJDk-us	25	f	youtube	35
103	2026-01-03 02:12:14.70224+00	2026-01-15 14:56:54.336185+00	Lecture 1.1	Content for lecture 1.1	1		rfscVS0vtbw	15	t	youtube	36
104	2026-01-03 02:12:14.707887+00	2026-01-15 14:56:54.342233+00	Lecture 2.1	Content for lecture 2.1	2		kqtD5dpn9C8	20	f	youtube	36
105	2026-01-03 02:12:14.715376+00	2026-01-15 14:56:54.347187+00	Lecture 3.1	Content for lecture 3.1	3		t8pPdYpowjU	25	f	youtube	36
106	2026-01-03 02:12:14.726031+00	2026-01-15 14:56:54.351653+00	Lecture 1.2	Content for lecture 1.2	1		HGOBQPFzyW8	15	f	youtube	37
107	2026-01-03 02:12:14.732265+00	2026-01-15 14:56:54.356684+00	Lecture 2.2	Content for lecture 2.2	2		Ej_02ICOIgs	20	f	youtube	37
108	2026-01-03 02:12:14.737514+00	2026-01-15 14:56:54.3617+00	Lecture 3.2	Content for lecture 3.2	3		rJzjDszODTI	25	f	youtube	37
109	2026-01-03 02:12:14.750297+00	2026-01-15 14:56:54.369204+00	Lecture 1.3	Content for lecture 1.3	1		onM0s5JH5aA	15	f	youtube	38
110	2026-01-03 02:12:14.760094+00	2026-01-15 14:56:54.373667+00	Lecture 2.3	Content for lecture 2.3	2		hVl4bQN0TvY	20	f	youtube	38
111	2026-01-03 02:12:14.767821+00	2026-01-15 14:56:54.378801+00	Lecture 3.3	Content for lecture 3.3	3		6iF8Xb7Z3wQ	25	f	youtube	38
123	2026-01-03 02:12:14.903518+00	2026-01-15 14:56:53.686577+00	Lecture 3.1	Content for lecture 3.1	3		3qBXWUpoPH0	25	f	youtube	42
124	2026-01-03 02:12:14.911876+00	2026-01-15 14:56:53.692679+00	Lecture 1.2	Content for lecture 1.2	1		3qBXWUpoPH0	15	f	youtube	43
125	2026-01-03 02:12:14.91561+00	2026-01-15 14:56:53.699703+00	Lecture 2.2	Content for lecture 2.2	2		3qBXWUpoPH0	20	f	youtube	43
126	2026-01-03 02:12:14.919495+00	2026-01-15 14:56:53.707198+00	Lecture 3.2	Content for lecture 3.2	3		3qBXWUpoPH0	25	f	youtube	43
127	2026-01-03 02:12:14.928056+00	2026-01-15 14:56:53.712962+00	Lecture 1.3	Content for lecture 1.3	1		3qBXWUpoPH0	15	f	youtube	44
128	2026-01-03 02:12:14.932157+00	2026-01-15 14:56:53.715839+00	Lecture 2.3	Content for lecture 2.3	2		3qBXWUpoPH0	20	f	youtube	44
129	2026-01-03 02:12:14.935947+00	2026-01-15 14:56:53.721092+00	Lecture 3.3	Content for lecture 3.3	3		3qBXWUpoPH0	25	f	youtube	44
130	2026-01-03 02:12:14.955584+00	2026-01-15 14:56:54.065596+00	Lecture 1.1	Content for lecture 1.1	1		ofme2o29ngU	15	t	youtube	45
131	2026-01-03 02:12:14.959632+00	2026-01-15 14:56:54.070311+00	Lecture 2.1	Content for lecture 2.1	2		ofme2o29ngU	20	f	youtube	45
132	2026-01-03 02:12:14.963913+00	2026-01-15 14:56:54.074888+00	Lecture 3.1	Content for lecture 3.1	3		ofme2o29ngU	25	f	youtube	45
133	2026-01-03 02:12:14.971054+00	2026-01-15 14:56:54.079603+00	Lecture 1.2	Content for lecture 1.2	1		ofme2o29ngU	15	f	youtube	46
134	2026-01-03 02:12:14.974413+00	2026-01-15 14:56:54.08448+00	Lecture 2.2	Content for lecture 2.2	2		ofme2o29ngU	20	f	youtube	46
135	2026-01-03 02:12:14.979351+00	2026-01-15 14:56:54.091642+00	Lecture 3.2	Content for lecture 3.2	3		ofme2o29ngU	25	f	youtube	46
136	2026-01-03 02:12:14.992339+00	2026-01-15 14:56:54.096754+00	Lecture 1.3	Content for lecture 1.3	1		ofme2o29ngU	15	f	youtube	47
137	2026-01-03 02:12:15.000558+00	2026-01-15 14:56:54.098634+00	Lecture 2.3	Content for lecture 2.3	2		ofme2o29ngU	20	f	youtube	47
138	2026-01-03 02:12:15.006202+00	2026-01-15 14:56:54.102991+00	Lecture 3.3	Content for lecture 3.3	3		ofme2o29ngU	25	f	youtube	47
148	2026-01-03 02:12:15.128767+00	2026-01-15 14:56:54.167077+00	Lecture 1.1	Content for lecture 1.1	1		ulprqHHWlng	15	t	youtube	51
149	2026-01-03 02:12:15.134508+00	2026-01-15 14:56:54.171401+00	Lecture 2.1	Content for lecture 2.1	2		Ia-UEYYR44s	20	f	youtube	51
150	2026-01-03 02:12:15.138224+00	2026-01-15 14:56:54.176711+00	Lecture 3.1	Content for lecture 3.1	3		ulprqHHWlng	25	f	youtube	51
151	2026-01-03 02:12:15.146184+00	2026-01-15 14:56:54.18097+00	Lecture 1.2	Content for lecture 1.2	1		Ia-UEYYR44s	15	f	youtube	52
152	2026-01-03 02:12:15.151189+00	2026-01-15 14:56:54.184769+00	Lecture 2.2	Content for lecture 2.2	2		ulprqHHWlng	20	f	youtube	52
153	2026-01-03 02:12:15.15548+00	2026-01-15 14:56:54.191357+00	Lecture 3.2	Content for lecture 3.2	3		Ia-UEYYR44s	25	f	youtube	52
154	2026-01-03 02:12:15.164516+00	2026-01-15 14:56:54.197288+00	Lecture 1.3	Content for lecture 1.3	1		ulprqHHWlng	15	f	youtube	53
155	2026-01-03 02:12:15.168836+00	2026-01-15 14:56:54.199945+00	Lecture 2.3	Content for lecture 2.3	2		Ia-UEYYR44s	20	f	youtube	53
156	2026-01-03 02:12:15.173583+00	2026-01-15 14:56:54.205039+00	Lecture 3.3	Content for lecture 3.3	3		ulprqHHWlng	25	f	youtube	53
157	2026-01-03 02:12:15.195097+00	2026-01-15 14:56:54.3851+00	Lecture 1.1	Content for lecture 1.1	1		inN8seMm7UI	15	t	youtube	54
158	2026-01-03 02:12:15.199486+00	2026-01-15 14:56:54.389691+00	Lecture 2.1	Content for lecture 2.1	2		inN8seMm7UI	20	f	youtube	54
159	2026-01-03 02:12:15.203036+00	2026-01-15 14:56:54.39494+00	Lecture 3.1	Content for lecture 3.1	3		inN8seMm7UI	25	f	youtube	54
160	2026-01-03 02:12:15.211561+00	2026-01-15 14:56:54.399675+00	Lecture 1.2	Content for lecture 1.2	1		inN8seMm7UI	15	f	youtube	55
161	2026-01-03 02:12:15.215622+00	2026-01-15 14:56:54.404968+00	Lecture 2.2	Content for lecture 2.2	2		inN8seMm7UI	20	f	youtube	55
162	2026-01-03 02:12:15.219013+00	2026-01-15 14:56:54.412834+00	Lecture 3.2	Content for lecture 3.2	3		inN8seMm7UI	25	f	youtube	55
163	2026-01-03 02:12:15.226437+00	2026-01-15 14:56:54.417692+00	Lecture 1.3	Content for lecture 1.3	1		inN8seMm7UI	15	f	youtube	56
164	2026-01-03 02:12:15.2307+00	2026-01-15 14:56:54.419772+00	Lecture 2.3	Content for lecture 2.3	2		inN8seMm7UI	20	f	youtube	56
165	2026-01-03 02:12:15.233918+00	2026-01-15 14:56:54.423859+00	Lecture 3.3	Content for lecture 3.3	3		inN8seMm7UI	25	f	youtube	56
175	2026-01-03 02:16:05.937604+00	2026-01-15 14:56:54.430044+00	Lecture 1.1	Content for lecture 1.1	1		30jCH7wL8KM	15	t	youtube	60
176	2026-01-03 02:16:05.942155+00	2026-01-15 14:56:54.43479+00	Lecture 2.1	Content for lecture 2.1	2		30jCH7wL8KM	20	f	youtube	60
177	2026-01-03 02:16:05.945719+00	2026-01-15 14:56:54.438931+00	Lecture 3.1	Content for lecture 3.1	3		30jCH7wL8KM	25	f	youtube	60
178	2026-01-03 02:16:05.954171+00	2026-01-15 14:56:54.444394+00	Lecture 1.2	Content for lecture 1.2	1		30jCH7wL8KM	15	f	youtube	61
179	2026-01-03 02:16:05.957625+00	2026-01-15 14:56:54.449097+00	Lecture 2.2	Content for lecture 2.2	2		30jCH7wL8KM	20	f	youtube	61
180	2026-01-03 02:16:05.960941+00	2026-01-15 14:56:54.456926+00	Lecture 3.2	Content for lecture 3.2	3		30jCH7wL8KM	25	f	youtube	61
181	2026-01-03 02:16:05.969932+00	2026-01-15 14:56:54.462582+00	Lecture 1.3	Content for lecture 1.3	1		30jCH7wL8KM	15	f	youtube	62
182	2026-01-03 02:16:05.974435+00	2026-01-15 14:56:54.464813+00	Lecture 2.3	Content for lecture 2.3	2		30jCH7wL8KM	20	f	youtube	62
183	2026-01-03 02:16:05.978201+00	2026-01-15 14:56:54.469313+00	Lecture 3.3	Content for lecture 3.3	3		30jCH7wL8KM	25	f	youtube	62
184	2026-01-03 15:31:03.386706+00	2026-01-15 14:56:53.599703+00	Getting Started	Learn getting started in Python for Beginners. This lecture covers essential concepts and practical examples.	1		rfscVS0vtbw	17	t	youtube	63
185	2026-01-03 15:31:03.39283+00	2026-01-15 14:56:53.601757+00	Basic Concepts	Learn basic concepts in Python for Beginners. This lecture covers essential concepts and practical examples.	2		kqtD5dpn9C8	22	f	youtube	63
186	2026-01-03 15:31:03.397236+00	2026-01-15 14:56:53.613036+00	First Steps	Learn first steps in Python for Beginners. This lecture covers essential concepts and practical examples.	3		t8pPdYpowjU	27	f	youtube	63
187	2026-01-03 15:31:03.404143+00	2026-01-15 14:56:53.626346+00	Intermediate Topics	Learn intermediate topics in Python for Beginners. This lecture covers essential concepts and practical examples.	1		HGOBQPFzyW8	19	f	youtube	64
188	2026-01-03 15:31:03.407321+00	2026-01-15 14:56:53.63469+00	Working with Data	Learn working with data in Python for Beginners. This lecture covers essential concepts and practical examples.	2		Ej_02ICOIgs	24	f	youtube	64
189	2026-01-03 15:31:03.410893+00	2026-01-15 14:56:53.645041+00	Best Practices	Learn best practices in Python for Beginners. This lecture covers essential concepts and practical examples.	3		rJzjDszODTI	29	f	youtube	64
190	2026-01-03 15:31:03.419209+00	2026-01-15 14:56:53.650401+00	Advanced Features	Learn advanced features in Python for Beginners. This lecture covers essential concepts and practical examples.	1		onM0s5JH5aA	21	f	youtube	65
191	2026-01-03 15:31:03.423409+00	2026-01-15 14:56:53.661688+00	Real-world Examples	Learn real-world examples in Python for Beginners. This lecture covers essential concepts and practical examples.	2		hVl4bQN0TvY	26	f	youtube	65
192	2026-01-03 15:31:03.432201+00	2026-01-15 14:56:53.667081+00	Project Building	Learn project building in Python for Beginners. This lecture covers essential concepts and practical examples.	3		6iF8Xb7Z3wQ	31	f	youtube	65
202	2026-01-03 15:31:03.493503+00	2026-01-15 14:56:53.886851+00	Getting Started	Learn getting started in Data Science Fundamentals. This lecture covers essential concepts and practical examples.	1		r-uOLxNrNk8	17	t	youtube	69
203	2026-01-03 15:31:03.498067+00	2026-01-15 14:56:53.894669+00	Basic Concepts	Learn basic concepts in Data Science Fundamentals. This lecture covers essential concepts and practical examples.	2		vmEHCJofslg	22	f	youtube	69
204	2026-01-03 15:31:03.501722+00	2026-01-15 14:56:53.908397+00	First Steps	Learn first steps in Data Science Fundamentals. This lecture covers essential concepts and practical examples.	3		QUT1V3l2_7I	27	f	youtube	69
205	2026-01-03 15:31:03.508504+00	2026-01-15 14:56:53.910995+00	Intermediate Topics	Learn intermediate topics in Data Science Fundamentals. This lecture covers essential concepts and practical examples.	1		PJ1tv9w2K7g	19	f	youtube	70
206	2026-01-03 15:31:03.514137+00	2026-01-15 14:56:53.920908+00	Working with Data	Learn working with data in Data Science Fundamentals. This lecture covers essential concepts and practical examples.	2		r-uOLxNrNk8	24	f	youtube	70
207	2026-01-03 15:31:03.518668+00	2026-01-15 14:56:53.923816+00	Best Practices	Learn best practices in Data Science Fundamentals. This lecture covers essential concepts and practical examples.	3		vmEHCJofslg	29	f	youtube	70
208	2026-01-03 15:31:03.528856+00	2026-01-15 14:56:53.92958+00	Advanced Features	Learn advanced features in Data Science Fundamentals. This lecture covers essential concepts and practical examples.	1		QUT1V3l2_7I	21	f	youtube	71
209	2026-01-03 15:31:03.534866+00	2026-01-15 14:56:53.936498+00	Real-world Examples	Learn real-world examples in Data Science Fundamentals. This lecture covers essential concepts and practical examples.	2		PJ1tv9w2K7g	26	f	youtube	71
210	2026-01-03 15:31:03.539198+00	2026-01-15 14:56:53.938799+00	Project Building	Learn project building in Data Science Fundamentals. This lecture covers essential concepts and practical examples.	3		r-uOLxNrNk8	31	f	youtube	71
193	2026-01-03 15:31:03.439205+00	2026-01-15 14:56:54.108331+00	Getting Started	Learn getting started in Django Web Development. This lecture covers essential concepts and practical examples.	1		F5mRW0jo-U4	17	t	youtube	66
194	2026-01-03 15:31:03.444342+00	2026-01-15 14:56:54.117508+00	Basic Concepts	Learn basic concepts in Django Web Development. This lecture covers essential concepts and practical examples.	2		UmljXZIypDc	22	f	youtube	66
195	2026-01-03 15:31:03.448876+00	2026-01-15 14:56:54.130886+00	First Steps	Learn first steps in Django Web Development. This lecture covers essential concepts and practical examples.	3		sm1mokevMNk	27	f	youtube	66
196	2026-01-03 15:31:03.457228+00	2026-01-15 14:56:54.13346+00	Intermediate Topics	Learn intermediate topics in Django Web Development. This lecture covers essential concepts and practical examples.	1		0oG2PED5p68	19	f	youtube	67
197	2026-01-03 15:31:03.463366+00	2026-01-15 14:56:54.144522+00	Working with Data	Learn working with data in Django Web Development. This lecture covers essential concepts and practical examples.	2		Zx04kf8xs4M	24	f	youtube	67
198	2026-01-03 15:31:03.468486+00	2026-01-15 14:56:54.147475+00	Best Practices	Learn best practices in Django Web Development. This lecture covers essential concepts and practical examples.	3		B8Z9hGpN6Ow	29	f	youtube	67
199	2026-01-03 15:31:03.474714+00	2026-01-15 14:56:54.152415+00	Advanced Features	Learn advanced features in Django Web Development. This lecture covers essential concepts and practical examples.	1		JT80XhYJdBw	21	f	youtube	68
200	2026-01-03 15:31:03.479316+00	2026-01-15 14:56:54.158995+00	Real-world Examples	Learn real-world examples in Django Web Development. This lecture covers essential concepts and practical examples.	2		c708Nf0cU4Y	26	f	youtube	68
201	2026-01-03 15:31:03.48459+00	2026-01-15 14:56:54.161605+00	Project Building	Learn project building in Django Web Development. This lecture covers essential concepts and practical examples.	3		F5mRW0jo-U4	31	f	youtube	68
236	2026-01-04 08:25:42.935321+00	2026-01-15 14:56:53.527131+00	Understanding Git Branches	Create, switch, and merge branches in Git.	2		RGOj5yH7evk	22	f	youtube	79
237	2026-01-04 08:25:42.940108+00	2026-01-15 14:56:53.529938+00	Working with Remote Repositories	Connect local repositories to GitHub and push/pull changes.	3		HVsySz-h9r4	25	f	youtube	79
243	2026-01-04 08:25:42.978496+00	2026-01-15 14:56:54.478836+00	Creating Your Shopify Store	Step-by-step guide to create and configure your Shopify store.	2		jFUL_Zs7qJQ	20	f	youtube	81
244	2026-01-04 08:25:42.98168+00	2026-01-15 14:56:54.481166+00	Setting Up Payment Methods	Configure payment gateways and payment methods for your store.	3		BxYxXUKY28g	18	f	youtube	81
249	2026-01-04 08:25:43.004161+00	2026-01-15 14:56:54.49228+00	Customizing Your Store Theme	Customize store appearance with themes and design settings.	1		ONAxRU-Vm1o	25	f	youtube	83
250	2026-01-04 08:25:43.007199+00	2026-01-15 14:56:54.494898+00	Setting Up Discounts and Promotions	Create discount codes and promotional campaigns.	2		jFUL_Zs7qJQ	20	f	youtube	83
251	2026-01-04 08:25:43.010258+00	2026-01-15 14:56:54.497163+00	Shopify Apps and Integrations	Install and configure useful Shopify apps for enhanced functionality.	3		BxYxXUKY28g	22	f	youtube	83
252	2026-01-04 08:25:43.013352+00	2026-01-15 14:56:54.499356+00	SEO and Marketing Strategies	Optimize your store for search engines and implement marketing strategies.	4		ONAxRU-Vm1o	25	f	youtube	83
238	2026-01-04 08:25:42.943841+00	2026-01-15 14:56:53.532708+00	Merge Conflicts and Resolution	Handle merge conflicts and resolve them effectively.	4		RGOj5yH7evk	20	f	youtube	79
239	2026-01-04 08:25:42.951964+00	2026-01-15 14:56:53.535805+00	GitHub Basics: Repositories and Cloning	Create GitHub repositories and clone existing ones.	1		RGOj5yH7evk	18	f	youtube	80
240	2026-01-04 08:25:42.956082+00	2026-01-15 14:56:53.538453+00	Pull Requests and Code Review	Create pull requests and collaborate with team members.	2		HVsySz-h9r4	22	f	youtube	80
245	2026-01-04 08:25:42.988706+00	2026-01-15 14:56:54.483634+00	Adding Products to Your Store	Add products with images, descriptions, variants, and pricing.	1		ONAxRU-Vm1o	22	f	youtube	82
246	2026-01-04 08:25:42.991608+00	2026-01-15 14:56:54.485722+00	Managing Inventory and Stock	Track inventory levels and set up stock management.	2		jFUL_Zs7qJQ	20	f	youtube	82
247	2026-01-04 08:25:42.994465+00	2026-01-15 14:56:54.48772+00	Product Collections and Organization	Organize products into collections for better navigation.	3		BxYxXUKY28g	18	f	youtube	82
248	2026-01-04 08:25:42.997192+00	2026-01-15 14:56:54.489607+00	Product Variants and Options	Create product variants with different sizes, colors, and options.	4		ONAxRU-Vm1o	20	f	youtube	82
233	2026-01-04 08:25:42.918091+00	2026-01-15 14:56:53.518518+00	Installing Git	Install Git on different operating systems and verify installation.	2		HVsySz-h9r4	10	f	youtube	78
234	2026-01-04 08:25:42.923586+00	2026-01-15 14:56:53.520771+00	Your First Git Repository	Initialize a repository and make your first commit.	3		RGOj5yH7evk	18	f	youtube	78
235	2026-01-04 08:25:42.931537+00	2026-01-15 14:56:53.523561+00	Basic Git Commands: add, commit, status	Learn essential Git commands for daily workflow.	1		HVsySz-h9r4	20	f	youtube	79
241	2026-01-04 08:25:42.959922+00	2026-01-15 14:56:53.540885+00	Git Workflows: Feature Branches and Git Flow	Learn professional Git workflows for team collaboration.	3		RGOj5yH7evk	25	f	youtube	80
253	2026-01-08 08:29:36.903176+00	2026-01-15 14:56:54.03901+00	What is Python?	Introduction to Python programming language and its applications.	1		rfscVS0vtbw	12	t	youtube	84
223	2026-01-04 08:25:42.847798+00	2026-01-15 14:56:54.214671+00	Installing PostgreSQL	Install PostgreSQL on Windows, Mac, and Linux systems.	2		xz5Xy2sS9yI	18	f	youtube	75
224	2026-01-04 08:25:42.852214+00	2026-01-15 14:56:54.217172+00	Creating Your First Database	Learn to create databases and connect to them using psql.	3		qw--VYLpxG4	20	f	youtube	75
225	2026-01-04 08:25:42.861121+00	2026-01-15 14:56:54.219755+00	Creating Tables and Data Types	Learn to create tables with proper data types and constraints.	1		xz5Xy2sS9yI	25	f	youtube	76
227	2026-01-04 08:25:42.870279+00	2026-01-15 14:56:54.225093+00	SELECT Queries and Filtering	Query data with SELECT statements, WHERE clauses, and filtering.	3		qw--VYLpxG4	28	f	youtube	76
228	2026-01-04 08:25:42.875286+00	2026-01-15 14:56:54.229561+00	Joins: INNER, LEFT, RIGHT, FULL	Combine data from multiple tables using different join types.	4		xz5Xy2sS9yI	30	f	youtube	76
229	2026-01-04 08:25:42.885809+00	2026-01-15 14:56:54.232358+00	Indexes and Performance Optimization	Create indexes to improve query performance.	1		xz5Xy2sS9yI	25	f	youtube	77
230	2026-01-04 08:25:42.890032+00	2026-01-15 14:56:54.234449+00	Stored Procedures and Functions	Write stored procedures and functions in PostgreSQL.	2		qw--VYLpxG4	28	f	youtube	77
231	2026-01-04 08:25:42.893554+00	2026-01-15 14:56:54.236554+00	Transactions and ACID Properties	Understand database transactions and maintain data integrity.	3		xz5Xy2sS9yI	22	f	youtube	77
263	2026-01-08 08:29:37.461852+00	2026-01-15 14:56:54.307975+00	Course Overview	Introduction to the course and what you will learn.	1		rfscVS0vtbw	15	t	youtube	87
242	2026-01-04 08:25:42.975484+00	2026-01-15 14:56:54.47631+00	Introduction to Shopify E-commerce	Overview of Shopify platform and e-commerce fundamentals.	1		ONAxRU-Vm1o	15	t	youtube	81
254	2026-01-08 08:29:36.915804+00	2026-01-15 14:56:54.041634+00	Installing Python and Setting Up Environment	Step-by-step guide to install Python and set up your development environment.	2		kqtD5dpn9C8	15	f	youtube	84
255	2026-01-08 08:29:36.924365+00	2026-01-15 14:56:54.044662+00	Your First Python Program	Write and run your first Python program. Learn about Python syntax basics.	3		t8pPdYpowjU	18	f	youtube	84
256	2026-01-08 08:29:36.953979+00	2026-01-15 14:56:54.047291+00	Variables and Data Types	Learn about Python variables, strings, numbers, and basic data types.	1		HGOBQPFzyW8	20	f	youtube	85
257	2026-01-08 08:29:36.962825+00	2026-01-15 14:56:54.049563+00	Working with Strings	String manipulation, formatting, and common string operations.	2		Ej_02ICOIgs	25	f	youtube	85
258	2026-01-08 08:29:36.983073+00	2026-01-15 14:56:54.052128+00	Numbers and Math Operations	Working with integers, floats, and mathematical operations in Python.	3		rJzjDszODTI	18	f	youtube	85
259	2026-01-08 08:29:36.99359+00	2026-01-15 14:56:54.054462+00	Lists and Tuples	Understanding Python lists and tuples, indexing, and common operations.	4		onM0s5JH5aA	22	f	youtube	85
260	2026-01-08 08:29:37.032688+00	2026-01-15 14:56:54.056637+00	Conditional Statements (if/else)	Learn to make decisions in your code with if, elif, and else statements.	1		onM0s5JH5aA	20	f	youtube	86
261	2026-01-08 08:29:37.038046+00	2026-01-15 14:56:54.058968+00	Loops: for and while	Master loops to repeat code blocks efficiently.	2		hVl4bQN0TvY	25	f	youtube	86
262	2026-01-08 08:29:37.045226+00	2026-01-15 14:56:54.061547+00	Functions and Parameters	Create reusable code with functions, parameters, and return values.	3		6iF8Xb7Z3wQ	28	f	youtube	86
222	2026-01-04 08:25:42.84318+00	2026-01-15 14:56:54.21229+00	Introduction to PostgreSQL	Overview of PostgreSQL database system and its features.	1		qw--VYLpxG4	15	t	youtube	75
291	2026-01-15 14:50:59.798791+00	2026-01-15 14:56:53.421967+00	Getting Started	Set up your development environment and tools.	2		W6NZfCO5SIk	18	f	youtube	96
292	2026-01-15 14:50:59.803262+00	2026-01-15 14:56:53.428604+00	First Steps	Take your first steps in this course.	3		hdI2bqOjy3c	20	f	youtube	96
293	2026-01-15 14:50:59.810903+00	2026-01-15 14:56:53.43428+00	Fundamental Concepts	Learn the fundamental concepts of this topic.	1		PkZNo7MFNFg	22	f	youtube	97
294	2026-01-15 14:50:59.814164+00	2026-01-15 14:56:53.439184+00	Working with Data	Understand how to work with data effectively.	2		W6NZfCO5SIk	25	f	youtube	97
295	2026-01-15 14:50:59.817026+00	2026-01-15 14:56:53.441676+00	Best Practices	Follow industry best practices.	3		hdI2bqOjy3c	20	f	youtube	97
296	2026-01-15 14:50:59.823448+00	2026-01-15 14:56:53.447103+00	Advanced Features	Explore advanced features and techniques.	1		PkZNo7MFNFg	28	f	youtube	98
297	2026-01-15 14:50:59.826941+00	2026-01-15 14:56:53.456889+00	Real-world Examples	See real-world examples and use cases.	2		W6NZfCO5SIk	25	f	youtube	98
298	2026-01-15 14:50:59.830073+00	2026-01-15 14:56:53.463085+00	Project Building	Build a complete project from scratch.	3		hdI2bqOjy3c	30	f	youtube	98
299	2026-01-15 14:50:59.847779+00	2026-01-15 14:56:53.470415+00	Course Overview	Introduction to the course and what you will learn.	1		F5mRW0jo-U4	15	t	youtube	99
300	2026-01-15 14:50:59.851512+00	2026-01-15 14:56:53.476151+00	Getting Started	Set up your development environment and tools.	2		UmljXZIypDc	18	f	youtube	99
301	2026-01-15 14:50:59.854821+00	2026-01-15 14:56:53.481657+00	First Steps	Take your first steps in this course.	3		sm1mokevMNk	20	f	youtube	99
302	2026-01-15 14:50:59.861234+00	2026-01-15 14:56:53.486577+00	Fundamental Concepts	Learn the fundamental concepts of this topic.	1		0oG2PED5p68	22	f	youtube	100
303	2026-01-15 14:50:59.86433+00	2026-01-15 14:56:53.491928+00	Working with Data	Understand how to work with data effectively.	2		Zx04kf8xs4M	25	f	youtube	100
304	2026-01-15 14:50:59.86698+00	2026-01-15 14:56:53.49495+00	Best Practices	Follow industry best practices.	3		B8Z9hGpN6Ow	20	f	youtube	100
305	2026-01-15 14:50:59.872745+00	2026-01-15 14:56:53.500075+00	Advanced Features	Explore advanced features and techniques.	1		JT80XhYJdBw	28	f	youtube	101
306	2026-01-15 14:50:59.876263+00	2026-01-15 14:56:53.507233+00	Real-world Examples	See real-world examples and use cases.	2		c708Nf0cU4Y	25	f	youtube	101
308	2026-01-15 14:50:59.917245+00	2026-01-15 14:56:53.547807+00	What is Python?	Introduction to Python programming language and its applications.	1		rfscVS0vtbw	12	t	youtube	102
309	2026-01-15 14:50:59.919897+00	2026-01-15 14:56:53.553276+00	Installing Python and Setting Up Environment	Step-by-step guide to install Python and set up your development environment.	2		kqtD5dpn9C8	15	f	youtube	102
310	2026-01-15 14:50:59.922753+00	2026-01-15 14:56:53.558857+00	Your First Python Program	Write and run your first Python program. Learn about Python syntax basics.	3		t8pPdYpowjU	18	f	youtube	102
311	2026-01-15 14:50:59.928184+00	2026-01-15 14:56:53.563859+00	Variables and Data Types	Learn about Python variables, strings, numbers, and basic data types.	1		HGOBQPFzyW8	20	f	youtube	103
312	2026-01-15 14:50:59.931318+00	2026-01-15 14:56:53.568056+00	Working with Strings	String manipulation, formatting, and common string operations.	2		Ej_02ICOIgs	25	f	youtube	103
313	2026-01-15 14:50:59.934088+00	2026-01-15 14:56:53.571667+00	Numbers and Math Operations	Working with integers, floats, and mathematical operations in Python.	3		rJzjDszODTI	18	f	youtube	103
272	2026-01-08 08:29:38.014611+00	2026-01-15 14:56:54.284334+00	Course Overview	Introduction to the course and what you will learn.	1		rfscVS0vtbw	15	t	youtube	90
273	2026-01-08 08:29:38.025801+00	2026-01-15 14:56:54.286497+00	Getting Started	Set up your development environment and tools.	2		PkZNo7MFNFg	18	f	youtube	90
274	2026-01-08 08:29:38.049326+00	2026-01-15 14:56:54.288717+00	First Steps	Take your first steps in this course.	3		bMknfKXIFA8	20	f	youtube	90
275	2026-01-08 08:29:38.096722+00	2026-01-15 14:56:54.291389+00	Fundamental Concepts	Learn the fundamental concepts of this topic.	1		TlB_eWDSMt4	22	f	youtube	91
276	2026-01-08 08:29:38.116731+00	2026-01-15 14:56:54.293913+00	Working with Data	Understand how to work with data effectively.	2		rfscVS0vtbw	25	f	youtube	91
277	2026-01-08 08:29:38.140396+00	2026-01-15 14:56:54.296279+00	Best Practices	Follow industry best practices.	3		PkZNo7MFNFg	20	f	youtube	91
278	2026-01-08 08:29:38.157783+00	2026-01-15 14:56:54.298931+00	Advanced Features	Explore advanced features and techniques.	1		bMknfKXIFA8	28	f	youtube	92
279	2026-01-08 08:29:38.164726+00	2026-01-15 14:56:54.30136+00	Real-world Examples	See real-world examples and use cases.	2		TlB_eWDSMt4	25	f	youtube	92
280	2026-01-08 08:29:38.169589+00	2026-01-15 14:56:54.304191+00	Project Building	Build a complete project from scratch.	3		rfscVS0vtbw	30	f	youtube	92
264	2026-01-08 08:29:37.468958+00	2026-01-15 14:56:54.310685+00	Getting Started	Set up your development environment and tools.	2		PkZNo7MFNFg	18	f	youtube	87
265	2026-01-08 08:29:37.493063+00	2026-01-15 14:56:54.31308+00	First Steps	Take your first steps in this course.	3		bMknfKXIFA8	20	f	youtube	87
266	2026-01-08 08:29:37.564613+00	2026-01-15 14:56:54.315276+00	Fundamental Concepts	Learn the fundamental concepts of this topic.	1		TlB_eWDSMt4	22	f	youtube	88
267	2026-01-08 08:29:37.576906+00	2026-01-15 14:56:54.317885+00	Working with Data	Understand how to work with data effectively.	2		rfscVS0vtbw	25	f	youtube	88
268	2026-01-08 08:29:37.603806+00	2026-01-15 14:56:54.320348+00	Best Practices	Follow industry best practices.	3		PkZNo7MFNFg	20	f	youtube	88
269	2026-01-08 08:29:37.633968+00	2026-01-15 14:56:54.322236+00	Advanced Features	Explore advanced features and techniques.	1		bMknfKXIFA8	28	f	youtube	89
270	2026-01-08 08:29:37.638348+00	2026-01-15 14:56:54.325053+00	Real-world Examples	See real-world examples and use cases.	2		TlB_eWDSMt4	25	f	youtube	89
271	2026-01-08 08:29:37.643546+00	2026-01-15 14:56:54.32942+00	Project Building	Build a complete project from scratch.	3		rfscVS0vtbw	30	f	youtube	89
281	2026-01-08 08:29:38.320963+00	2026-01-15 14:56:54.503089+00	Course Overview	Introduction to the course and what you will learn.	1		rfscVS0vtbw	15	t	youtube	93
282	2026-01-08 08:29:38.370082+00	2026-01-15 14:56:54.50566+00	Getting Started	Set up your development environment and tools.	2		PkZNo7MFNFg	18	f	youtube	93
283	2026-01-08 08:29:38.392178+00	2026-01-15 14:56:54.508761+00	First Steps	Take your first steps in this course.	3		bMknfKXIFA8	20	f	youtube	93
284	2026-01-08 08:29:38.434989+00	2026-01-15 14:56:54.511443+00	Fundamental Concepts	Learn the fundamental concepts of this topic.	1		TlB_eWDSMt4	22	f	youtube	94
285	2026-01-08 08:29:38.456856+00	2026-01-15 14:56:54.513885+00	Working with Data	Understand how to work with data effectively.	2		rfscVS0vtbw	25	f	youtube	94
286	2026-01-08 08:29:38.464502+00	2026-01-15 14:56:54.517111+00	Best Practices	Follow industry best practices.	3		PkZNo7MFNFg	20	f	youtube	94
287	2026-01-08 08:29:38.49636+00	2026-01-15 14:56:54.520093+00	Advanced Features	Explore advanced features and techniques.	1		bMknfKXIFA8	28	f	youtube	95
288	2026-01-08 08:29:38.516578+00	2026-01-15 14:56:54.522184+00	Real-world Examples	See real-world examples and use cases.	2		TlB_eWDSMt4	25	f	youtube	95
289	2026-01-08 08:29:38.541005+00	2026-01-15 14:56:54.524828+00	Project Building	Build a complete project from scratch.	3		rfscVS0vtbw	30	f	youtube	95
315	2026-01-15 14:50:59.943719+00	2026-01-15 14:56:53.578216+00	Conditional Statements (if/else)	Learn to make decisions in your code with if, elif, and else statements.	1		onM0s5JH5aA	20	f	youtube	104
316	2026-01-15 14:50:59.946883+00	2026-01-15 14:56:53.583432+00	Loops: for and while	Master loops to repeat code blocks efficiently.	2		hVl4bQN0TvY	25	f	youtube	104
317	2026-01-15 14:50:59.950024+00	2026-01-15 14:56:53.588113+00	Functions and Parameters	Create reusable code with functions, parameters, and return values.	3		6iF8Xb7Z3wQ	28	f	youtube	104
318	2026-01-15 14:50:59.960878+00	2026-01-15 14:56:53.597283+00	What is Python?	Introduction to Python programming language and its applications.	1		rfscVS0vtbw	12	t	youtube	10
319	2026-01-15 14:50:59.963586+00	2026-01-15 14:56:53.609952+00	Installing Python and Setting Up Environment	Step-by-step guide to install Python and set up your development environment.	2		kqtD5dpn9C8	15	f	youtube	10
320	2026-01-15 14:50:59.966785+00	2026-01-15 14:56:53.6189+00	Your First Python Program	Write and run your first Python program. Learn about Python syntax basics.	3		t8pPdYpowjU	18	f	youtube	10
321	2026-01-15 14:50:59.972232+00	2026-01-15 14:56:53.629276+00	Variables and Data Types	Learn about Python variables, strings, numbers, and basic data types.	1		HGOBQPFzyW8	20	f	youtube	105
322	2026-01-15 14:50:59.975367+00	2026-01-15 14:56:53.631936+00	Working with Strings	String manipulation, formatting, and common string operations.	2		Ej_02ICOIgs	25	f	youtube	105
323	2026-01-15 14:50:59.978953+00	2026-01-15 14:56:53.642544+00	Numbers and Math Operations	Working with integers, floats, and mathematical operations in Python.	3		rJzjDszODTI	18	f	youtube	105
324	2026-01-15 14:50:59.982053+00	2026-01-15 14:56:53.647802+00	Lists and Tuples	Understanding Python lists and tuples, indexing, and common operations.	4		onM0s5JH5aA	22	f	youtube	105
325	2026-01-15 14:50:59.986815+00	2026-01-15 14:56:53.653049+00	Conditional Statements (if/else)	Learn to make decisions in your code with if, elif, and else statements.	1		onM0s5JH5aA	20	f	youtube	106
326	2026-01-15 14:50:59.989018+00	2026-01-15 14:56:53.664671+00	Loops: for and while	Master loops to repeat code blocks efficiently.	2		hVl4bQN0TvY	25	f	youtube	106
327	2026-01-15 14:50:59.991883+00	2026-01-15 14:56:53.671752+00	Functions and Parameters	Create reusable code with functions, parameters, and return values.	3		6iF8Xb7Z3wQ	28	f	youtube	106
328	2026-01-15 14:51:00.005169+00	2026-01-15 14:56:53.678897+00	Course Overview	Introduction to the course and what you will learn.	1		3qBXWUpoPH0	15	t	youtube	107
329	2026-01-15 14:51:00.009165+00	2026-01-15 14:56:53.684338+00	Getting Started	Set up your development environment and tools.	2		3qBXWUpoPH0	18	f	youtube	107
330	2026-01-15 14:51:00.012498+00	2026-01-15 14:56:53.688851+00	First Steps	Take your first steps in this course.	3		3qBXWUpoPH0	20	f	youtube	107
331	2026-01-15 14:51:00.018195+00	2026-01-15 14:56:53.697309+00	Fundamental Concepts	Learn the fundamental concepts of this topic.	1		3qBXWUpoPH0	22	f	youtube	108
332	2026-01-15 14:51:00.021004+00	2026-01-15 14:56:53.702169+00	Working with Data	Understand how to work with data effectively.	2		3qBXWUpoPH0	25	f	youtube	108
333	2026-01-15 14:51:00.023511+00	2026-01-15 14:56:53.704963+00	Best Practices	Follow industry best practices.	3		3qBXWUpoPH0	20	f	youtube	108
334	2026-01-15 14:51:00.029331+00	2026-01-15 14:56:53.710183+00	Advanced Features	Explore advanced features and techniques.	1		3qBXWUpoPH0	28	f	youtube	109
335	2026-01-15 14:51:00.032937+00	2026-01-15 14:56:53.718382+00	Real-world Examples	See real-world examples and use cases.	2		3qBXWUpoPH0	25	f	youtube	109
336	2026-01-15 14:51:00.036164+00	2026-01-15 14:56:53.723599+00	Project Building	Build a complete project from scratch.	3		3qBXWUpoPH0	30	f	youtube	109
337	2026-01-15 14:51:00.049639+00	2026-01-15 14:56:53.731002+00	Course Overview	Introduction to the course and what you will learn.	1		PkZNo7MFNFg	15	t	youtube	110
338	2026-01-15 14:51:00.051799+00	2026-01-15 14:56:53.736289+00	Getting Started	Set up your development environment and tools.	2		W6NZfCO5SIk	18	f	youtube	110
339	2026-01-15 14:51:00.053856+00	2026-01-15 14:56:53.740717+00	First Steps	Take your first steps in this course.	3		hdI2bqOjy3c	20	f	youtube	110
340	2026-01-15 14:51:00.059201+00	2026-01-15 14:56:53.7474+00	Fundamental Concepts	Learn the fundamental concepts of this topic.	1		PkZNo7MFNFg	22	f	youtube	111
341	2026-01-15 14:51:00.06212+00	2026-01-15 14:56:53.753216+00	Working with Data	Understand how to work with data effectively.	2		W6NZfCO5SIk	25	f	youtube	111
342	2026-01-15 14:51:00.06475+00	2026-01-15 14:56:53.755835+00	Best Practices	Follow industry best practices.	3		hdI2bqOjy3c	20	f	youtube	111
343	2026-01-15 14:51:00.070108+00	2026-01-15 14:56:53.76155+00	Advanced Features	Explore advanced features and techniques.	1		PkZNo7MFNFg	28	f	youtube	112
344	2026-01-15 14:51:00.072713+00	2026-01-15 14:56:53.770726+00	Real-world Examples	See real-world examples and use cases.	2		W6NZfCO5SIk	25	f	youtube	112
345	2026-01-15 14:51:00.076055+00	2026-01-15 14:56:53.776268+00	Project Building	Build a complete project from scratch.	3		hdI2bqOjy3c	30	f	youtube	112
346	2026-01-15 14:51:00.089259+00	2026-01-15 14:56:53.783664+00	Course Overview	Introduction to the course and what you will learn.	1		fqMOX6JJhGo	15	t	youtube	113
348	2026-01-15 14:51:00.096911+00	2026-01-15 14:56:53.794625+00	First Steps	Take your first steps in this course.	3		fqMOX6JJhGo	20	f	youtube	113
349	2026-01-15 14:51:00.102383+00	2026-01-15 14:56:53.800474+00	Fundamental Concepts	Learn the fundamental concepts of this topic.	1		3c-iBn73dDE	22	f	youtube	114
350	2026-01-15 14:51:00.105205+00	2026-01-15 14:56:53.805758+00	Working with Data	Understand how to work with data effectively.	2		fqMOX6JJhGo	25	f	youtube	114
351	2026-01-15 14:51:00.108575+00	2026-01-15 14:56:53.808822+00	Best Practices	Follow industry best practices.	3		3c-iBn73dDE	20	f	youtube	114
352	2026-01-15 14:51:00.116211+00	2026-01-15 14:56:53.814712+00	Advanced Features	Explore advanced features and techniques.	1		fqMOX6JJhGo	28	f	youtube	115
353	2026-01-15 14:51:00.119722+00	2026-01-15 14:56:53.82284+00	Real-world Examples	See real-world examples and use cases.	2		fqMOX6JJhGo	25	f	youtube	115
354	2026-01-15 14:51:00.122809+00	2026-01-15 14:56:53.828203+00	Project Building	Build a complete project from scratch.	3		3c-iBn73dDE	30	f	youtube	115
355	2026-01-15 14:51:00.138879+00	2026-01-15 14:56:53.835535+00	Course Overview	Introduction to the course and what you will learn.	1		bMknfKXIFA8	15	t	youtube	116
356	2026-01-15 14:51:00.142405+00	2026-01-15 14:56:53.840395+00	Getting Started	Set up your development environment and tools.	2		SqcY0GlETPk	18	f	youtube	116
357	2026-01-15 14:51:00.146316+00	2026-01-15 14:56:53.846243+00	First Steps	Take your first steps in this course.	3		jLS0TkAHvRg	20	f	youtube	116
358	2026-01-15 14:51:00.151978+00	2026-01-15 14:56:53.850682+00	Fundamental Concepts	Learn the fundamental concepts of this topic.	1		0ZJgIjIuY7U	22	f	youtube	117
359	2026-01-15 14:51:00.154541+00	2026-01-15 14:56:53.856161+00	Working with Data	Understand how to work with data effectively.	2		bMknfKXIFA8	25	f	youtube	117
360	2026-01-15 14:51:00.157895+00	2026-01-15 14:56:53.859215+00	Best Practices	Follow industry best practices.	3		SqcY0GlETPk	20	f	youtube	117
361	2026-01-15 14:51:00.164686+00	2026-01-15 14:56:53.864772+00	Advanced Features	Explore advanced features and techniques.	1		jLS0TkAHvRg	28	f	youtube	118
363	2026-01-15 14:51:00.169804+00	2026-01-15 14:56:53.88297+00	Project Building	Build a complete project from scratch.	3		bMknfKXIFA8	30	f	youtube	118
364	2026-01-15 14:51:00.183706+00	2026-01-15 14:56:53.89182+00	Course Overview	Introduction to the course and what you will learn.	1		r-uOLxNrNk8	15	t	youtube	119
365	2026-01-15 14:51:00.186734+00	2026-01-15 14:56:53.899808+00	Getting Started	Set up your development environment and tools.	2		vmEHCJofslg	18	f	youtube	119
366	2026-01-15 14:51:00.18922+00	2026-01-15 14:56:53.902594+00	First Steps	Take your first steps in this course.	3		QUT1V3l2_7I	20	f	youtube	119
367	2026-01-15 14:51:00.192354+00	2026-01-15 14:56:53.913509+00	Fundamental Concepts	Learn the fundamental concepts of this topic.	1		PJ1tv9w2K7g	22	f	youtube	70
368	2026-01-15 14:51:00.214956+00	2026-01-15 14:56:53.948102+00	What is Python?	Introduction to Python programming language and its applications.	1		rfscVS0vtbw	12	t	youtube	120
370	2026-01-15 14:51:00.220573+00	2026-01-15 14:56:53.958031+00	Your First Python Program	Write and run your first Python program. Learn about Python syntax basics.	3		t8pPdYpowjU	18	f	youtube	120
371	2026-01-15 14:51:00.227255+00	2026-01-15 14:56:53.964204+00	Variables and Data Types	Learn about Python variables, strings, numbers, and basic data types.	1		HGOBQPFzyW8	20	f	youtube	121
372	2026-01-15 14:51:00.23056+00	2026-01-15 14:56:53.968369+00	Working with Strings	String manipulation, formatting, and common string operations.	2		Ej_02ICOIgs	25	f	youtube	121
373	2026-01-15 14:51:00.233303+00	2026-01-15 14:56:53.97266+00	Numbers and Math Operations	Working with integers, floats, and mathematical operations in Python.	3		rJzjDszODTI	18	f	youtube	121
374	2026-01-15 14:51:00.236415+00	2026-01-15 14:56:53.975128+00	Lists and Tuples	Understanding Python lists and tuples, indexing, and common operations.	4		onM0s5JH5aA	22	f	youtube	121
375	2026-01-15 14:51:00.242777+00	2026-01-15 14:56:53.980152+00	Conditional Statements (if/else)	Learn to make decisions in your code with if, elif, and else statements.	1		onM0s5JH5aA	20	f	youtube	122
376	2026-01-15 14:51:00.246024+00	2026-01-15 14:56:53.984936+00	Loops: for and while	Master loops to repeat code blocks efficiently.	2		hVl4bQN0TvY	25	f	youtube	122
377	2026-01-15 14:51:00.249107+00	2026-01-15 14:56:53.989563+00	Functions and Parameters	Create reusable code with functions, parameters, and return values.	3		6iF8Xb7Z3wQ	28	f	youtube	122
378	2026-01-15 14:51:00.263599+00	2026-01-15 14:56:53.996452+00	Course Overview	Introduction to the course and what you will learn.	1		GZvSYJDk-us	15	t	youtube	123
379	2026-01-15 14:51:00.266298+00	2026-01-15 14:56:54.00113+00	Getting Started	Set up your development environment and tools.	2		FLnxgSZ0DG4	18	f	youtube	123
380	2026-01-15 14:51:00.268587+00	2026-01-15 14:56:54.005536+00	First Steps	Take your first steps in this course.	3		GZvSYJDk-us	20	f	youtube	123
381	2026-01-15 14:51:00.274253+00	2026-01-15 14:56:54.01016+00	Fundamental Concepts	Learn the fundamental concepts of this topic.	1		FLnxgSZ0DG4	22	f	youtube	124
382	2026-01-15 14:51:00.277654+00	2026-01-15 14:56:54.01565+00	Working with Data	Understand how to work with data effectively.	2		GZvSYJDk-us	25	f	youtube	124
383	2026-01-15 14:51:00.281186+00	2026-01-15 14:56:54.017873+00	Best Practices	Follow industry best practices.	3		FLnxgSZ0DG4	20	f	youtube	124
384	2026-01-15 14:51:00.28838+00	2026-01-15 14:56:54.022066+00	Advanced Features	Explore advanced features and techniques.	1		GZvSYJDk-us	28	f	youtube	125
385	2026-01-15 14:51:00.292261+00	2026-01-15 14:56:54.030258+00	Real-world Examples	See real-world examples and use cases.	2		FLnxgSZ0DG4	25	f	youtube	125
386	2026-01-15 14:51:00.295945+00	2026-01-15 14:56:54.03542+00	Project Building	Build a complete project from scratch.	3		GZvSYJDk-us	30	f	youtube	125
387	2026-01-15 14:51:00.325047+00	2026-01-15 14:56:54.068144+00	Course Overview	Introduction to the course and what you will learn.	1		ofme2o29ngU	15	t	youtube	126
388	2026-01-15 14:51:00.329489+00	2026-01-15 14:56:54.072459+00	Getting Started	Set up your development environment and tools.	2		ofme2o29ngU	18	f	youtube	126
389	2026-01-15 14:51:00.33302+00	2026-01-15 14:56:54.077469+00	First Steps	Take your first steps in this course.	3		ofme2o29ngU	20	f	youtube	126
390	2026-01-15 14:51:00.338379+00	2026-01-15 14:56:54.082149+00	Fundamental Concepts	Learn the fundamental concepts of this topic.	1		ofme2o29ngU	22	f	youtube	127
391	2026-01-15 14:51:00.341888+00	2026-01-15 14:56:54.086747+00	Working with Data	Understand how to work with data effectively.	2		ofme2o29ngU	25	f	youtube	127
392	2026-01-15 14:51:00.34527+00	2026-01-15 14:56:54.089285+00	Best Practices	Follow industry best practices.	3		ofme2o29ngU	20	f	youtube	127
393	2026-01-15 14:51:00.351574+00	2026-01-15 14:56:54.094406+00	Advanced Features	Explore advanced features and techniques.	1		ofme2o29ngU	28	f	youtube	128
394	2026-01-15 14:51:00.354601+00	2026-01-15 14:56:54.100936+00	Real-world Examples	See real-world examples and use cases.	2		ofme2o29ngU	25	f	youtube	128
395	2026-01-15 14:51:00.357405+00	2026-01-15 14:56:54.104915+00	Project Building	Build a complete project from scratch.	3		ofme2o29ngU	30	f	youtube	128
396	2026-01-15 14:51:00.372212+00	2026-01-15 14:56:54.113508+00	Course Overview	Introduction to the course and what you will learn.	1		F5mRW0jo-U4	15	t	youtube	129
397	2026-01-15 14:51:00.375414+00	2026-01-15 14:56:54.123428+00	Getting Started	Set up your development environment and tools.	2		UmljXZIypDc	18	f	youtube	129
398	2026-01-15 14:51:00.379519+00	2026-01-15 14:56:54.12617+00	First Steps	Take your first steps in this course.	3		sm1mokevMNk	20	f	youtube	129
399	2026-01-15 14:51:00.382958+00	2026-01-15 14:56:54.136067+00	Fundamental Concepts	Learn the fundamental concepts of this topic.	1		0oG2PED5p68	22	f	youtube	67
400	2026-01-15 14:51:00.399307+00	2026-01-15 14:56:54.169218+00	Course Overview	Introduction to the course and what you will learn.	1		ulprqHHWlng	15	t	youtube	130
401	2026-01-15 14:51:00.401819+00	2026-01-15 14:56:54.174018+00	Getting Started	Set up your development environment and tools.	2		Ia-UEYYR44s	18	f	youtube	130
402	2026-01-15 14:51:00.404725+00	2026-01-15 14:56:54.17886+00	First Steps	Take your first steps in this course.	3		ulprqHHWlng	20	f	youtube	130
403	2026-01-15 14:51:00.410999+00	2026-01-15 14:56:54.182902+00	Fundamental Concepts	Learn the fundamental concepts of this topic.	1		Ia-UEYYR44s	22	f	youtube	131
404	2026-01-15 14:51:00.417484+00	2026-01-15 14:56:54.186519+00	Working with Data	Understand how to work with data effectively.	2		ulprqHHWlng	25	f	youtube	131
405	2026-01-15 14:51:00.420584+00	2026-01-15 14:56:54.18864+00	Best Practices	Follow industry best practices.	3		Ia-UEYYR44s	20	f	youtube	131
406	2026-01-15 14:51:00.427312+00	2026-01-15 14:56:54.194691+00	Advanced Features	Explore advanced features and techniques.	1		ulprqHHWlng	28	f	youtube	132
407	2026-01-15 14:51:00.431019+00	2026-01-15 14:56:54.202665+00	Real-world Examples	See real-world examples and use cases.	2		Ia-UEYYR44s	25	f	youtube	132
408	2026-01-15 14:51:00.433962+00	2026-01-15 14:56:54.207564+00	Project Building	Build a complete project from scratch.	3		ulprqHHWlng	30	f	youtube	132
409	2026-01-15 14:51:00.482775+00	2026-01-15 14:56:54.24302+00	Course Overview	Introduction to the course and what you will learn.	1		PkZNo7MFNFg	15	t	youtube	133
410	2026-01-15 14:51:00.48617+00	2026-01-15 14:56:54.247879+00	Getting Started	Set up your development environment and tools.	2		W6NZfCO5SIk	18	f	youtube	133
67	2026-01-03 02:12:14.401792+00	2026-01-15 14:56:53.4118+00	Lecture 1.1	Content for lecture 1.1	1		PkZNo7MFNFg	15	t	youtube	24
290	2026-01-15 14:50:59.792499+00	2026-01-15 14:56:53.416094+00	Course Overview	Introduction to the course and what you will learn.	1		PkZNo7MFNFg	15	t	youtube	96
307	2026-01-15 14:50:59.879718+00	2026-01-15 14:56:53.512279+00	Project Building	Build a complete project from scratch.	3		F5mRW0jo-U4	30	f	youtube	101
232	2026-01-04 08:25:42.912368+00	2026-01-15 14:56:53.516352+00	What is Version Control?	Introduction to version control systems and why Git is essential.	1		RGOj5yH7evk	12	t	youtube	78
49	2026-01-03 02:12:14.228928+00	2026-01-15 14:56:53.545442+00	Lecture 1.1	Content for lecture 1.1	1		rfscVS0vtbw	15	t	youtube	18
314	2026-01-15 14:50:59.93674+00	2026-01-15 14:56:53.573489+00	Lists and Tuples	Understanding Python lists and tuples, indexing, and common operations.	4		onM0s5JH5aA	22	f	youtube	103
28	2026-01-03 02:12:13.920099+00	2026-01-15 14:56:53.594648+00	Welcome to Python	Introduction to Python programming	1		rfscVS0vtbw	10	t	youtube	10
347	2026-01-15 14:51:00.093607+00	2026-01-15 14:56:53.788567+00	Getting Started	Set up your development environment and tools.	2		3c-iBn73dDE	18	f	youtube	113
63	2026-01-03 02:12:14.35592+00	2026-01-15 14:56:53.811866+00	Lecture 3.2	Content for lecture 3.2	3		3c-iBn73dDE	25	f	youtube	22
362	2026-01-15 14:51:00.167052+00	2026-01-15 14:56:53.87517+00	Real-world Examples	See real-world examples and use cases.	2		0ZJgIjIuY7U	25	f	youtube	118
369	2026-01-15 14:51:00.217779+00	2026-01-15 14:56:53.952388+00	Installing Python and Setting Up Environment	Step-by-step guide to install Python and set up your development environment.	2		kqtD5dpn9C8	15	f	youtube	120
18	2026-01-03 02:12:13.863961+00	2026-01-15 14:56:54.163741+00	Lecture 3.3	Content for lecture 3.3	3		F5mRW0jo-U4	25	f	youtube	6
226	2026-01-04 08:25:42.865641+00	2026-01-15 14:56:54.222121+00	INSERT, UPDATE, and DELETE Operations	Master data manipulation with INSERT, UPDATE, and DELETE statements.	2		qw--VYLpxG4	22	f	youtube	76
411	2026-01-15 14:51:00.490139+00	2026-01-15 14:56:54.25333+00	First Steps	Take your first steps in this course.	3		hdI2bqOjy3c	20	f	youtube	133
412	2026-01-15 14:51:00.498494+00	2026-01-15 14:56:54.258263+00	Fundamental Concepts	Learn the fundamental concepts of this topic.	1		PkZNo7MFNFg	22	f	youtube	134
413	2026-01-15 14:51:00.501992+00	2026-01-15 14:56:54.263693+00	Working with Data	Understand how to work with data effectively.	2		W6NZfCO5SIk	25	f	youtube	134
414	2026-01-15 14:51:00.505576+00	2026-01-15 14:56:54.265807+00	Best Practices	Follow industry best practices.	3		hdI2bqOjy3c	20	f	youtube	134
415	2026-01-15 14:51:00.513893+00	2026-01-15 14:56:54.26957+00	Advanced Features	Explore advanced features and techniques.	1		PkZNo7MFNFg	28	f	youtube	135
416	2026-01-15 14:51:00.517383+00	2026-01-15 14:56:54.275384+00	Real-world Examples	See real-world examples and use cases.	2		W6NZfCO5SIk	25	f	youtube	135
418	2026-01-15 14:51:00.575147+00	2026-01-15 14:56:54.339498+00	What is Python?	Introduction to Python programming language and its applications.	1		rfscVS0vtbw	12	t	youtube	136
419	2026-01-15 14:51:00.57865+00	2026-01-15 14:56:54.344685+00	Installing Python and Setting Up Environment	Step-by-step guide to install Python and set up your development environment.	2		kqtD5dpn9C8	15	f	youtube	136
420	2026-01-15 14:51:00.581416+00	2026-01-15 14:56:54.349357+00	Your First Python Program	Write and run your first Python program. Learn about Python syntax basics.	3		t8pPdYpowjU	18	f	youtube	136
421	2026-01-15 14:51:00.58689+00	2026-01-15 14:56:54.353894+00	Variables and Data Types	Learn about Python variables, strings, numbers, and basic data types.	1		HGOBQPFzyW8	20	f	youtube	137
422	2026-01-15 14:51:00.590268+00	2026-01-15 14:56:54.358971+00	Working with Strings	String manipulation, formatting, and common string operations.	2		Ej_02ICOIgs	25	f	youtube	137
423	2026-01-15 14:51:00.594026+00	2026-01-15 14:56:54.364243+00	Numbers and Math Operations	Working with integers, floats, and mathematical operations in Python.	3		rJzjDszODTI	18	f	youtube	137
424	2026-01-15 14:51:00.597438+00	2026-01-15 14:56:54.366717+00	Lists and Tuples	Understanding Python lists and tuples, indexing, and common operations.	4		onM0s5JH5aA	22	f	youtube	137
425	2026-01-15 14:51:00.604893+00	2026-01-15 14:56:54.371609+00	Conditional Statements (if/else)	Learn to make decisions in your code with if, elif, and else statements.	1		onM0s5JH5aA	20	f	youtube	138
426	2026-01-15 14:51:00.608389+00	2026-01-15 14:56:54.376408+00	Loops: for and while	Master loops to repeat code blocks efficiently.	2		hVl4bQN0TvY	25	f	youtube	138
427	2026-01-15 14:51:00.612095+00	2026-01-15 14:56:54.381106+00	Functions and Parameters	Create reusable code with functions, parameters, and return values.	3		6iF8Xb7Z3wQ	28	f	youtube	138
428	2026-01-15 14:51:00.624782+00	2026-01-15 14:56:54.387397+00	Course Overview	Introduction to the course and what you will learn.	1		inN8seMm7UI	15	t	youtube	139
429	2026-01-15 14:51:00.627571+00	2026-01-15 14:56:54.392367+00	Getting Started	Set up your development environment and tools.	2		inN8seMm7UI	18	f	youtube	139
430	2026-01-15 14:51:00.630339+00	2026-01-15 14:56:54.39756+00	First Steps	Take your first steps in this course.	3		inN8seMm7UI	20	f	youtube	139
431	2026-01-15 14:51:00.63498+00	2026-01-15 14:56:54.402204+00	Fundamental Concepts	Learn the fundamental concepts of this topic.	1		inN8seMm7UI	22	f	youtube	140
432	2026-01-15 14:51:00.637083+00	2026-01-15 14:56:54.407659+00	Working with Data	Understand how to work with data effectively.	2		inN8seMm7UI	25	f	youtube	140
433	2026-01-15 14:51:00.639092+00	2026-01-15 14:56:54.410268+00	Best Practices	Follow industry best practices.	3		inN8seMm7UI	20	f	youtube	140
434	2026-01-15 14:51:00.645024+00	2026-01-15 14:56:54.415478+00	Advanced Features	Explore advanced features and techniques.	1		inN8seMm7UI	28	f	youtube	141
435	2026-01-15 14:51:00.647605+00	2026-01-15 14:56:54.421677+00	Real-world Examples	See real-world examples and use cases.	2		inN8seMm7UI	25	f	youtube	141
436	2026-01-15 14:51:00.649832+00	2026-01-15 14:56:54.426171+00	Project Building	Build a complete project from scratch.	3		inN8seMm7UI	30	f	youtube	141
437	2026-01-15 14:51:00.661578+00	2026-01-15 14:56:54.43226+00	Course Overview	Introduction to the course and what you will learn.	1		30jCH7wL8KM	15	t	youtube	142
438	2026-01-15 14:51:00.664919+00	2026-01-15 14:56:54.436811+00	Getting Started	Set up your development environment and tools.	2		30jCH7wL8KM	18	f	youtube	142
439	2026-01-15 14:51:00.669595+00	2026-01-15 14:56:54.441687+00	First Steps	Take your first steps in this course.	3		30jCH7wL8KM	20	f	youtube	142
440	2026-01-15 14:51:00.685821+00	2026-01-15 14:56:54.446817+00	Fundamental Concepts	Learn the fundamental concepts of this topic.	1		30jCH7wL8KM	22	f	youtube	143
441	2026-01-15 14:51:00.68981+00	2026-01-15 14:56:54.451574+00	Working with Data	Understand how to work with data effectively.	2		30jCH7wL8KM	25	f	youtube	143
442	2026-01-15 14:51:00.694045+00	2026-01-15 14:56:54.454527+00	Best Practices	Follow industry best practices.	3		30jCH7wL8KM	20	f	youtube	143
443	2026-01-15 14:51:00.706169+00	2026-01-15 14:56:54.459677+00	Advanced Features	Explore advanced features and techniques.	1		30jCH7wL8KM	28	f	youtube	144
444	2026-01-15 14:51:00.710978+00	2026-01-15 14:56:54.467231+00	Real-world Examples	See real-world examples and use cases.	2		30jCH7wL8KM	25	f	youtube	144
445	2026-01-15 14:51:00.714457+00	2026-01-15 14:56:54.471855+00	Project Building	Build a complete project from scratch.	3		30jCH7wL8KM	30	f	youtube	144
417	2026-01-15 14:51:00.520801+00	2026-01-15 14:56:54.280041+00	Project Building	Build a complete project from scratch.	3		hdI2bqOjy3c	30	f	youtube	135
\.


--
-- Data for Name: lms_lectureprogress; Type: TABLE DATA; Schema: public; Owner: postgres
--

COPY public.lms_lectureprogress (id, created_at, updated_at, completed, completed_at, watch_time_seconds, last_position, enrollment_id, lecture_id) FROM stdin;
7	2026-01-04 08:26:43.925733+00	2026-01-04 09:15:02.777934+00	f	\N	0	0	13	222
2	2026-01-03 15:22:37.628527+00	2026-01-03 15:22:37.633202+00	f	\N	10	10	10	89
3	2026-01-03 15:24:44.119922+00	2026-01-03 15:24:45.119794+00	f	\N	0	0	5	40
11	2026-01-04 08:26:59.934984+00	2026-01-04 09:15:07.77088+00	f	\N	10	10	13	230
12	2026-01-04 08:27:29.834926+00	2026-01-04 09:15:15.53819+00	f	\N	0	0	14	232
15	2026-01-04 20:07:57.139217+00	2026-01-04 20:07:57.148061+00	t	2026-01-04 20:07:57.14795+00	0	0	16	242
16	2026-01-04 20:16:11.784101+00	2026-01-04 20:16:11.789579+00	t	2026-01-04 20:16:11.789313+00	0	0	16	243
17	2026-01-08 13:54:46.472851+00	2026-01-08 13:54:46.4807+00	t	2026-01-08 13:54:46.480648+00	0	0	16	244
18	2026-01-08 14:43:51.500743+00	2026-01-08 14:43:51.505723+00	t	2026-01-08 14:43:51.505659+00	0	0	16	245
19	2026-01-12 13:18:58.887313+00	2026-01-12 13:18:58.894024+00	t	2026-01-12 13:18:58.893903+00	0	0	22	281
20	2026-01-13 12:23:27.210925+00	2026-01-13 12:23:27.218997+00	t	2026-01-13 12:23:27.218925+00	0	0	22	282
21	2026-01-13 12:23:35.897285+00	2026-01-13 12:23:35.899595+00	t	2026-01-13 12:23:35.899542+00	0	0	22	283
22	2026-01-20 09:22:58.449387+00	2026-01-20 09:22:58.457704+00	t	2026-01-20 09:22:58.457611+00	0	0	24	242
23	2026-01-20 09:23:02.44908+00	2026-01-20 09:23:02.453583+00	t	2026-01-20 09:23:02.45345+00	0	0	24	243
24	2026-01-20 09:30:55.618644+00	2026-01-20 09:30:55.622775+00	t	2026-01-20 09:30:55.6227+00	0	0	25	67
25	2026-01-20 09:32:31.129479+00	2026-01-20 09:32:31.136777+00	t	2026-01-20 09:32:31.136662+00	0	0	22	284
4	2026-01-03 15:25:01.469598+00	2026-01-03 15:34:33.288784+00	t	2026-01-03 15:31:45.219535+00	210	210	6	49
1	2026-01-03 15:22:25.616582+00	2026-01-03 15:35:10.586588+00	f	\N	0	0	10	85
26	2026-01-20 09:32:34.067894+00	2026-01-20 09:32:34.071558+00	t	2026-01-20 09:32:34.071478+00	0	0	22	285
27	2026-01-20 09:32:36.549009+00	2026-01-20 09:32:36.554807+00	t	2026-01-20 09:32:36.554736+00	0	0	22	286
28	2026-01-20 09:32:38.741314+00	2026-01-20 09:32:38.744785+00	t	2026-01-20 09:32:38.74468+00	0	0	22	287
29	2026-01-20 09:32:40.940508+00	2026-01-20 09:32:40.945231+00	t	2026-01-20 09:32:40.945146+00	0	0	22	288
30	2026-01-20 09:32:42.632831+00	2026-01-20 09:32:42.637287+00	t	2026-01-20 09:32:42.637238+00	0	0	22	289
8	2026-01-04 08:26:49.938986+00	2026-01-04 08:26:49.944075+00	f	\N	0	0	13	224
9	2026-01-04 08:26:53.943167+00	2026-01-04 08:26:53.946704+00	f	\N	0	0	13	226
10	2026-01-04 08:26:54.936411+00	2026-01-04 08:26:54.942207+00	f	\N	0	0	13	227
13	2026-01-04 08:27:35.848009+00	2026-01-04 08:27:36.842899+00	f	\N	0	0	14	240
14	2026-01-04 08:27:37.851587+00	2026-01-04 08:27:38.845686+00	f	\N	0	0	14	241
\.


--
-- Data for Name: lms_note; Type: TABLE DATA; Schema: public; Owner: postgres
--

COPY public.lms_note (id, created_at, updated_at, content, is_public, "timestamp", enrollment_id, lecture_id) FROM stdin;
1	2026-01-08 14:44:38.535779+00	2026-01-08 14:44:38.535793+00	abc	f	0	16	242
2	2026-01-12 13:19:13.932918+00	2026-01-12 13:19:13.932933+00	Add Note test	f	0	22	281
3	2026-01-20 10:54:14.617957+00	2026-01-20 11:09:34.319704+00	Python Course	f	0	23	272
\.


--
-- Data for Name: lms_notification; Type: TABLE DATA; Schema: public; Owner: postgres
--

COPY public.lms_notification (id, created_at, updated_at, notification_type, title, message, is_read, read_at, metadata, related_course_id, user_id) FROM stdin;
1	2026-01-04 08:24:58.984313+00	2026-01-04 08:24:58.984328+00	info	New Course Available	Check out our new courses!	f	\N	{}	\N	2
\.


--
-- Data for Name: lms_payment; Type: TABLE DATA; Schema: public; Owner: postgres
--

COPY public.lms_payment (id, created_at, updated_at, amount, status, payfast_payment_id, payfast_signature, metadata, cart_id, course_id, user_id) FROM stdin;
1	2026-01-08 08:29:43.720147+00	2026-01-08 08:29:43.72018+00	49.99	completed	PF-526655		{}	\N	1	2
2	2026-01-08 08:29:43.742275+00	2026-01-08 08:29:43.742295+00	79.99	pending	PF-263489		{}	\N	2	2
3	2026-01-08 08:29:43.759817+00	2026-01-08 08:29:43.759839+00	89.99	completed	PF-385642		{}	\N	4	2
4	2026-01-08 08:29:43.771378+00	2026-01-08 08:29:43.771393+00	109.99	completed	PF-802001		{}	\N	7	2
5	2026-01-08 08:29:43.813131+00	2026-01-08 08:29:43.813149+00	69.99	completed	PF-441302		{}	\N	8	2
6	2026-01-08 08:29:43.832307+00	2026-01-08 08:29:43.832328+00	129.99	completed	PF-353551		{}	\N	9	2
7	2026-01-08 08:29:43.863058+00	2026-01-08 08:29:43.863083+00	99.99	pending	PF-760677		{}	\N	11	2
8	2026-01-08 08:29:43.877208+00	2026-01-08 08:29:43.877231+00	59.99	completed	PF-135826		{}	\N	12	2
9	2026-01-08 08:29:43.888121+00	2026-01-08 08:29:43.888141+00	79.99	completed	PF-268060		{}	\N	16	2
10	2026-01-08 08:29:43.902547+00	2026-01-08 08:29:43.902569+00	94.99	completed	PF-190438		{}	\N	5	2
11	2026-01-08 08:29:43.916667+00	2026-01-08 08:29:43.916692+00	49.99	completed	PF-794038		{}	\N	19	2
12	2026-01-08 08:29:43.922955+00	2026-01-08 08:29:43.922969+00	99.99	failed	PF-200891		{}	\N	21	10
13	2026-01-08 08:29:43.933714+00	2026-01-08 08:29:43.933729+00	49.99	failed	PF-245952		{}	\N	1	10
14	2026-01-08 08:29:43.939578+00	2026-01-08 08:29:43.939592+00	129.99	completed	PF-443034		{}	\N	9	10
15	2026-01-08 08:29:43.956209+00	2026-01-08 08:29:43.956239+00	99.99	completed	PF-578853		{}	\N	3	2
16	2026-01-08 08:29:43.976684+00	2026-01-08 08:29:43.976708+00	199.99	completed	PF-952097		{}	\N	22	2
17	2026-01-08 08:29:43.984328+00	2026-01-08 08:29:43.984346+00	119.99	completed	PF-132787		{}	\N	6	2
18	2026-01-08 08:29:43.993858+00	2026-01-08 08:29:43.99388+00	79.99	failed	PF-878068		{}	\N	10	2
19	2026-01-08 08:29:44.016747+00	2026-01-08 08:29:44.016769+00	99.99	failed	PF-509941		{}	\N	21	2
20	2026-01-08 08:29:44.035486+00	2026-01-08 08:29:44.03551+00	299.99	failed	PF-366534		{}	\N	24	2
21	2026-01-08 08:29:44.054284+00	2026-01-08 08:29:44.054304+00	799.99	completed	PF-997024		{}	\N	25	2
22	2026-01-08 08:29:44.062913+00	2026-01-08 08:29:44.062935+00	799.99	failed	PF-635974		{}	\N	25	5
23	2026-01-08 08:29:44.073891+00	2026-01-08 08:29:44.073918+00	129.99	pending	PF-743083		{}	\N	9	5
24	2026-01-08 08:29:44.093507+00	2026-01-08 08:29:44.093531+00	79.99	completed	PF-499531		{}	\N	2	5
25	2026-01-08 08:29:44.099557+00	2026-01-08 08:29:44.099581+00	49.99	failed	PF-289396		{}	\N	19	5
26	2026-01-08 08:29:44.104838+00	2026-01-08 08:29:44.104862+00	799.99	completed	PF-600828		{}	\N	25	6
27	2026-01-08 08:29:44.112319+00	2026-01-08 08:29:44.11234+00	79.99	failed	PF-746604		{}	\N	16	6
28	2026-01-08 08:29:44.117129+00	2026-01-08 08:29:44.117149+00	94.99	completed	PF-531626		{}	\N	5	7
29	2026-01-08 08:29:44.126694+00	2026-01-08 08:29:44.126724+00	89.99	pending	PF-389579		{}	\N	4	7
30	2026-01-08 12:16:15.345701+00	2026-01-08 12:16:15.345715+00	499.99	failed	PF-575389		{}	\N	23	2
31	2026-01-08 12:16:15.352887+00	2026-01-08 12:16:15.352899+00	99.99	failed	PF-357562		{}	\N	21	5
32	2026-01-08 12:16:15.358724+00	2026-01-08 12:16:15.358788+00	49.99	completed	PF-421269		{}	\N	1	5
33	2026-01-08 12:16:15.363073+00	2026-01-08 12:16:15.363095+00	99.99	completed	PF-470849		{}	\N	21	6
34	2026-01-08 12:16:15.369059+00	2026-01-08 12:16:15.369092+00	79.99	completed	PF-860633		{}	\N	2	6
35	2026-01-08 12:16:15.373649+00	2026-01-08 12:16:15.373672+00	129.99	completed	PF-423240		{}	\N	9	6
36	2026-01-08 12:16:15.378072+00	2026-01-08 12:16:15.37809+00	299.99	pending	PF-952151		{}	\N	24	6
37	2026-01-08 12:16:15.383807+00	2026-01-08 12:16:15.383824+00	99.99	pending	PF-998780		{}	\N	21	7
38	2026-01-08 12:16:15.387376+00	2026-01-08 12:16:15.38739+00	499.99	completed	PF-324528		{}	\N	23	7
39	2026-01-08 12:16:15.391413+00	2026-01-08 12:16:15.391454+00	799.99	failed	PF-507824		{}	\N	25	7
40	2026-01-08 12:16:15.395678+00	2026-01-08 12:16:15.395694+00	79.99	pending	PF-890226		{}	\N	2	7
41	2026-01-08 12:16:15.39951+00	2026-01-08 12:16:15.399523+00	49.99	pending	PF-549318		{}	\N	1	7
42	2026-01-08 14:33:21.64188+00	2026-01-08 14:33:21.641894+00	79.99	failed	PF-823298		{}	\N	2	10
43	2026-01-08 14:33:21.65806+00	2026-01-08 14:33:21.658075+00	299.99	completed	PF-941111		{}	\N	24	5
44	2026-01-08 14:33:21.662308+00	2026-01-08 14:33:21.662323+00	89.99	pending	PF-331492		{}	\N	4	5
45	2026-01-08 14:33:21.666044+00	2026-01-08 14:33:21.666055+00	94.99	completed	PF-488554		{}	\N	5	6
46	2026-01-08 14:33:21.669917+00	2026-01-08 14:33:21.669928+00	89.99	pending	PF-587850		{}	\N	4	6
47	2026-01-09 11:46:53.86836+00	2026-01-09 11:46:53.868369+00	799.99	pending	PF-740423		{}	\N	25	10
48	2026-01-09 11:46:53.881218+00	2026-01-09 11:46:53.881225+00	49.99	completed	PF-923543		{}	\N	1	6
49	2026-01-09 11:46:53.884146+00	2026-01-09 11:46:53.884153+00	199.99	completed	PF-665534		{}	\N	22	7
50	2026-01-09 11:46:53.887233+00	2026-01-09 11:46:53.88724+00	129.99	failed	PF-217363		{}	\N	9	7
51	2026-01-09 12:22:24.726075+00	2026-01-09 12:22:24.726095+00	79.99	completed	PF-664310		{}	\N	16	5
52	2026-01-09 12:22:24.730629+00	2026-01-09 12:22:24.730641+00	499.99	failed	PF-116838		{}	\N	23	5
53	2026-01-09 12:22:24.733199+00	2026-01-09 12:22:24.733207+00	199.99	completed	PF-961415		{}	\N	22	5
54	2026-01-09 12:22:24.738078+00	2026-01-09 12:22:24.738086+00	49.99	pending	PF-949271		{}	\N	19	6
55	2026-01-09 12:48:59.589927+00	2026-01-09 12:48:59.589941+00	94.99	failed	PF-553348		{}	\N	5	5
56	2026-01-09 12:48:59.594985+00	2026-01-09 12:48:59.595001+00	199.99	pending	PF-285346		{}	\N	22	6
57	2026-01-09 12:48:59.598274+00	2026-01-09 12:48:59.598289+00	79.99	failed	PF-971598		{}	\N	16	7
58	2026-01-09 13:09:33.824283+00	2026-01-09 13:09:33.824294+00	499.99	failed	PF-928758		{}	\N	23	6
59	2026-01-09 14:49:36.417856+00	2026-01-09 14:49:36.417872+00	299.99	pending	PF-808454		{}	\N	24	7
60	2026-01-09 15:07:49.981884+00	2026-01-09 15:07:49.981894+00	49.99	failed	PF-898940		{}	\N	19	7
61	2026-01-12 13:44:34.792632+00	2026-01-12 13:44:34.792649+00	799.99	failed	PF-139423		{}	\N	25	12
62	2026-01-13 15:59:33.739473+00	2026-01-13 15:59:33.739482+00	299.99	completed	PF-718789		{}	\N	24	12
63	2026-01-13 15:59:33.746131+00	2026-01-13 15:59:33.746139+00	99.99	completed	PF-205336		{}	\N	21	12
64	2026-01-20 10:03:11.513289+00	2026-01-20 10:03:11.513299+00	69.99	pending	PF-732065		{}	\N	8	12
\.


--
-- Data for Name: lms_post; Type: TABLE DATA; Schema: public; Owner: postgres
--

COPY public.lms_post (id, created_at, updated_at, title, content, is_pinned, is_locked, post_type, forum_id, user_id) FROM stdin;
1	2026-01-04 08:24:59.003608+00	2026-01-04 08:24:59.003649+00	Welcome to Python for Beginners Discussion	Welcome everyone! Feel free to ask questions and share your progress.	t	f	discussion	1	2
2	2026-01-04 08:24:59.019517+00	2026-01-04 08:24:59.019553+00	Welcome to PostgreSQL Advanced Discussion	Welcome everyone! Feel free to ask questions and share your progress.	t	f	discussion	2	2
3	2026-01-04 08:24:59.028541+00	2026-01-04 08:24:59.028553+00	Welcome to Git & GitHub Mastery Discussion	Welcome everyone! Feel free to ask questions and share your progress.	t	f	discussion	3	2
\.


--
-- Data for Name: lms_prerequisite; Type: TABLE DATA; Schema: public; Owner: postgres
--

COPY public.lms_prerequisite (id, created_at, updated_at, course_id, required_course_id) FROM stdin;
\.


--
-- Data for Name: lms_qanda; Type: TABLE DATA; Schema: public; Owner: postgres
--

COPY public.lms_qanda (id, created_at, updated_at, question, answer, "order", is_active, views_count, course_id) FROM stdin;
1	2026-01-04 20:35:59.526526+00	2026-01-04 20:35:59.526536+00	What programming experience do I need?	No prior programming experience is required. This course starts from the basics and gradually builds up to more advanced concepts.	1	t	0	1
2	2026-01-04 20:35:59.530722+00	2026-01-04 20:35:59.530741+00	How long does it take to complete the course?	The course is self-paced. Most students complete it in 4-6 weeks by dedicating 5-10 hours per week.	2	t	0	1
3	2026-01-04 20:35:59.535164+00	2026-01-04 20:35:59.535178+00	Will I get a certificate?	Yes! Upon completion, you will receive a certificate of completion that you can add to your resume or LinkedIn profile.	3	t	0	1
4	2026-01-04 20:35:59.538978+00	2026-01-04 20:35:59.538991+00	What if I get stuck?	You can ask questions in the Q&A section, and our instructors will help you. We also have a community forum for peer support.	4	t	0	1
5	2026-01-04 20:35:59.542097+00	2026-01-04 20:35:59.542106+00	Can I access the course materials after completion?	Yes! You have lifetime access to all course materials, including future updates.	5	t	0	1
6	2026-01-04 20:35:59.558779+00	2026-01-04 20:35:59.558786+00	What will I learn in this course?	This course covers all the essential concepts and practical applications of PostgreSQL Advanced.	1	t	0	16
7	2026-01-04 20:35:59.562841+00	2026-01-04 20:35:59.562853+00	How long is the course?	The course includes 10 lectures with a total duration of 3.88 hours.	2	t	0	16
8	2026-01-04 20:35:59.566688+00	2026-01-04 20:35:59.566707+00	Is there a certificate?	Yes, you will receive a certificate upon successful completion of the course.	3	t	0	16
9	2026-01-04 20:35:59.582878+00	2026-01-04 20:35:59.582897+00	What will I learn in this course?	This course covers all the essential concepts and practical applications of Git & GitHub Mastery.	1	t	0	19
10	2026-01-04 20:35:59.586727+00	2026-01-04 20:35:59.586737+00	How long is the course?	The course includes 10 lectures with a total duration of 3.2 hours.	2	t	0	19
11	2026-01-04 20:35:59.589731+00	2026-01-04 20:35:59.589738+00	Is there a certificate?	Yes, you will receive a certificate upon successful completion of the course.	3	t	0	19
12	2026-01-04 20:35:59.603437+00	2026-01-04 20:35:59.60345+00	Do I need a Shopify account?	Yes, you will need a Shopify account. We provide instructions on setting up a free development store.	1	t	0	21
13	2026-01-04 20:35:59.606874+00	2026-01-04 20:35:59.606882+00	Will I learn how to create custom themes?	Yes! The course covers theme development, customization, and best practices for creating professional Shopify stores.	2	t	0	21
14	2026-01-04 20:35:59.610835+00	2026-01-04 20:35:59.610853+00	What about Shopify apps?	We cover both theme development and app development, giving you a complete understanding of the Shopify ecosystem.	3	t	0	21
15	2026-01-04 20:35:59.626195+00	2026-01-04 20:35:59.626215+00	Do I need to know Python before taking this course?	Yes, basic Python knowledge is recommended. We cover Django-specific concepts, but Python fundamentals are assumed.	1	t	0	2
16	2026-01-04 20:35:59.631584+00	2026-01-04 20:35:59.631614+00	What will I build in this course?	You will build a complete web application including user authentication, database models, API endpoints, and deployment.	2	t	0	2
17	2026-01-04 20:35:59.636501+00	2026-01-04 20:35:59.636521+00	Is Django still relevant in 2024?	Absolutely! Django is one of the most popular Python web frameworks and is widely used in production applications.	3	t	0	2
18	2026-01-04 20:35:59.651516+00	2026-01-04 20:35:59.651531+00	What will I learn in this course?	This course covers all the essential concepts and practical applications of React - The Complete Guide.	1	t	0	4
19	2026-01-04 20:35:59.654497+00	2026-01-04 20:35:59.654512+00	How long is the course?	The course includes 9 lectures with a total duration of 3.0 hours.	2	t	0	4
20	2026-01-04 20:35:59.657517+00	2026-01-04 20:35:59.657529+00	Is there a certificate?	Yes, you will receive a certificate upon successful completion of the course.	3	t	0	4
21	2026-01-04 20:35:59.670041+00	2026-01-04 20:35:59.670051+00	What will I learn in this course?	This course covers all the essential concepts and practical applications of Node.js Backend Development.	1	t	0	5
22	2026-01-04 20:35:59.672517+00	2026-01-04 20:35:59.672527+00	How long is the course?	The course includes 9 lectures with a total duration of 3.0 hours.	2	t	0	5
23	2026-01-04 20:35:59.675035+00	2026-01-04 20:35:59.675045+00	Is there a certificate?	Yes, you will receive a certificate upon successful completion of the course.	3	t	0	5
24	2026-01-04 20:35:59.686965+00	2026-01-04 20:35:59.686973+00	Do I need to know Python before taking this course?	Yes, basic Python knowledge is recommended. We cover Django-specific concepts, but Python fundamentals are assumed.	1	t	0	9
25	2026-01-04 20:35:59.689385+00	2026-01-04 20:35:59.689394+00	What will I build in this course?	You will build a complete web application including user authentication, database models, API endpoints, and deployment.	2	t	0	9
26	2026-01-04 20:35:59.692196+00	2026-01-04 20:35:59.692206+00	Is Django still relevant in 2024?	Absolutely! Django is one of the most popular Python web frameworks and is widely used in production applications.	3	t	0	9
37	2026-01-08 08:29:43.061461+00	2026-01-08 08:29:43.061482+00	How long is the course?	The course includes 9 lectures with a total duration of 3.38 hours.	2	t	0	24
28	2026-01-08 08:29:42.948925+00	2026-01-08 08:29:42.948946+00	What programming experience do I need?	No prior programming experience is required. This course starts from the basics and gradually builds up to more advanced concepts.	1	t	0	22
29	2026-01-08 08:29:42.954317+00	2026-01-08 08:29:42.954338+00	How long does it take to complete the course?	The course is self-paced. Most students complete it in 4-6 weeks by dedicating 5-10 hours per week.	2	t	0	22
30	2026-01-08 08:29:42.958245+00	2026-01-08 08:29:42.958264+00	Will I get a certificate?	Yes! Upon completion, you will receive a certificate of completion that you can add to your resume or LinkedIn profile.	3	t	0	22
31	2026-01-08 08:29:42.962435+00	2026-01-08 08:29:42.96246+00	What if I get stuck?	You can ask questions in the Q&A section, and our instructors will help you. We also have a community forum for peer support.	4	t	0	22
32	2026-01-08 08:29:42.967929+00	2026-01-08 08:29:42.967949+00	Can I access the course materials after completion?	Yes! You have lifetime access to all course materials, including future updates.	5	t	0	22
33	2026-01-08 08:29:42.997068+00	2026-01-08 08:29:42.997093+00	What will I learn in this course?	This course covers all the essential concepts and practical applications of Web Development Bootcamp.	1	t	0	23
34	2026-01-08 08:29:43.010653+00	2026-01-08 08:29:43.010725+00	How long is the course?	The course includes 9 lectures with a total duration of 3.38 hours.	2	t	0	23
35	2026-01-08 08:29:43.02418+00	2026-01-08 08:29:43.024199+00	Is there a certificate?	Yes, you will receive a certificate upon successful completion of the course.	3	t	0	23
36	2026-01-08 08:29:43.057367+00	2026-01-08 08:29:43.057386+00	What will I learn in this course?	This course covers all the essential concepts and practical applications of Full Stack Development - Hybrid.	1	t	0	24
38	2026-01-08 08:29:43.069269+00	2026-01-08 08:29:43.069295+00	Is there a certificate?	Yes, you will receive a certificate upon successful completion of the course.	3	t	0	24
39	2026-01-08 08:29:43.097043+00	2026-01-08 08:29:43.097066+00	What will I learn in this course?	This course covers all the essential concepts and practical applications of Software Development Internship.	1	t	0	25
40	2026-01-08 08:29:43.119541+00	2026-01-08 08:29:43.119564+00	How long is the course?	The course includes 9 lectures with a total duration of 3.38 hours.	2	t	0	25
41	2026-01-08 08:29:43.130907+00	2026-01-08 08:29:43.130932+00	Is there a certificate?	Yes, you will receive a certificate upon successful completion of the course.	3	t	0	25
\.


--
-- Data for Name: lms_question; Type: TABLE DATA; Schema: public; Owner: postgres
--

COPY public.lms_question (id, created_at, updated_at, question_text, question_type, points, "order", correct_answer, quiz_id) FROM stdin;
1	2026-01-04 08:24:36.733218+00	2026-01-04 08:24:36.733234+00	What is the main topic covered in Python for Beginners?	multiple_choice	10.00	1	{}	1
2	2026-01-04 08:24:36.759087+00	2026-01-04 08:24:36.759098+00	Is Python for Beginners suitable for beginners?	true_false	5.00	2	{}	1
3	2026-01-04 08:24:36.770416+00	2026-01-04 08:24:36.770429+00	What is the main topic covered in PostgreSQL Advanced?	multiple_choice	10.00	1	{}	2
4	2026-01-04 08:24:36.784676+00	2026-01-04 08:24:36.784684+00	Is PostgreSQL Advanced suitable for beginners?	true_false	5.00	2	{}	2
5	2026-01-04 08:24:36.799358+00	2026-01-04 08:24:36.799373+00	What is the main topic covered in Git & GitHub Mastery?	multiple_choice	10.00	1	{}	3
6	2026-01-04 08:24:36.818026+00	2026-01-04 08:24:36.818043+00	Is Git & GitHub Mastery suitable for beginners?	true_false	5.00	2	{}	3
9	2026-01-04 08:24:36.86551+00	2026-01-04 08:24:36.86552+00	What is the main topic covered in Django Web Development?	multiple_choice	10.00	1	{}	5
10	2026-01-04 08:24:36.885932+00	2026-01-04 08:24:36.885946+00	Is Django Web Development suitable for beginners?	true_false	5.00	2	{}	5
11	2026-01-04 08:24:36.899507+00	2026-01-04 08:24:36.899517+00	What is the main topic covered in React - The Complete Guide?	multiple_choice	10.00	1	{}	6
12	2026-01-04 08:24:36.914882+00	2026-01-04 08:24:36.914891+00	Is React - The Complete Guide suitable for beginners?	true_false	5.00	2	{}	6
13	2026-01-04 08:24:36.927215+00	2026-01-04 08:24:36.927226+00	What is the main topic covered in Node.js Backend Development?	multiple_choice	10.00	1	{}	7
14	2026-01-04 08:24:36.940095+00	2026-01-04 08:24:36.940107+00	Is Node.js Backend Development suitable for beginners?	true_false	5.00	2	{}	7
15	2026-01-04 08:24:36.951372+00	2026-01-04 08:24:36.951383+00	What is the main topic covered in Full Stack Django & React?	multiple_choice	10.00	1	{}	8
16	2026-01-04 08:24:36.965547+00	2026-01-04 08:24:36.965555+00	Is Full Stack Django & React suitable for beginners?	true_false	5.00	2	{}	8
17	2026-01-06 11:07:11.394535+00	2026-01-06 11:07:11.394552+00	Is Shopify E-commerce Mastery suitable for beginners?	multiple_choice	1.00	1	{}	4
8	2026-01-04 08:24:36.848733+00	2026-01-06 11:07:54.612068+00	Is Shopify E-commerce Mastery suitable for beginners?	multiple_choice	5.00	2	{}	4
7	2026-01-04 08:24:36.832172+00	2026-01-06 12:38:21.350735+00	What is the main topic covered in Shopify E-commerce Mastery?	multiple_choice	10.00	1	{}	4
18	2026-01-08 08:29:39.865924+00	2026-01-08 08:29:39.865951+00	What will you learn in Python for Beginners?	multiple_choice	15.00	5	{}	1
19	2026-01-08 08:29:39.963671+00	2026-01-08 08:29:39.963692+00	Does Python for Beginners include hands-on practice?	true_false	10.00	6	{}	1
20	2026-01-08 08:29:40.054259+00	2026-01-08 08:29:40.05428+00	What will you learn in PostgreSQL Advanced?	multiple_choice	15.00	5	{}	2
21	2026-01-08 08:29:40.100892+00	2026-01-08 08:29:40.10092+00	Does PostgreSQL Advanced include hands-on practice?	true_false	10.00	6	{}	2
22	2026-01-08 08:29:40.173938+00	2026-01-08 08:29:40.173967+00	What will you learn in Git & GitHub Mastery?	multiple_choice	15.00	5	{}	3
23	2026-01-08 08:29:40.233251+00	2026-01-08 08:29:40.233271+00	Does Git & GitHub Mastery include hands-on practice?	true_false	10.00	6	{}	3
24	2026-01-08 08:29:40.38588+00	2026-01-08 08:29:40.385902+00	What will you learn in Django Web Development?	multiple_choice	15.00	5	{}	5
25	2026-01-08 08:29:40.490708+00	2026-01-08 08:29:40.490732+00	Does Django Web Development include hands-on practice?	true_false	10.00	6	{}	5
26	2026-01-08 08:29:40.563183+00	2026-01-08 08:29:40.563205+00	What will you learn in React - The Complete Guide?	multiple_choice	15.00	5	{}	6
27	2026-01-08 08:29:40.667281+00	2026-01-08 08:29:40.667301+00	Does React - The Complete Guide include hands-on practice?	true_false	10.00	6	{}	6
28	2026-01-08 08:29:40.810968+00	2026-01-08 08:29:40.810985+00	What will you learn in Node.js Backend Development?	multiple_choice	15.00	5	{}	7
29	2026-01-08 08:29:40.921931+00	2026-01-08 08:29:40.921958+00	Does Node.js Backend Development include hands-on practice?	true_false	10.00	6	{}	7
30	2026-01-08 08:29:41.067363+00	2026-01-08 08:29:41.067389+00	What will you learn in Full Stack Django & React?	multiple_choice	15.00	5	{}	8
31	2026-01-08 08:29:41.166183+00	2026-01-08 08:29:41.166207+00	Does Full Stack Django & React include hands-on practice?	true_false	10.00	6	{}	8
32	2026-01-08 08:29:41.273499+00	2026-01-08 08:29:41.273522+00	What is the main topic covered in Python Programming - Physical Class?	multiple_choice	10.00	1	{}	9
33	2026-01-08 08:29:41.366963+00	2026-01-08 08:29:41.366996+00	Is Python Programming - Physical Class suitable for beginners?	true_false	5.00	2	{}	9
34	2026-01-08 08:29:41.402119+00	2026-01-08 08:29:41.402147+00	What will you learn in Python Programming - Physical Class?	multiple_choice	15.00	3	{}	9
35	2026-01-08 08:29:41.488111+00	2026-01-08 08:29:41.488136+00	Does Python Programming - Physical Class include hands-on practice?	true_false	10.00	4	{}	9
36	2026-01-08 08:29:41.530906+00	2026-01-08 08:29:41.530945+00	What is the main topic covered in Web Development Bootcamp?	multiple_choice	10.00	1	{}	10
37	2026-01-08 08:29:41.582009+00	2026-01-08 08:29:41.582037+00	Is Web Development Bootcamp suitable for beginners?	true_false	5.00	2	{}	10
38	2026-01-08 08:29:41.606325+00	2026-01-08 08:29:41.606349+00	What will you learn in Web Development Bootcamp?	multiple_choice	15.00	3	{}	10
39	2026-01-08 08:29:41.677919+00	2026-01-08 08:29:41.677947+00	Does Web Development Bootcamp include hands-on practice?	true_false	10.00	4	{}	10
40	2026-01-08 08:29:41.733134+00	2026-01-08 08:29:41.73316+00	What is the main topic covered in Full Stack Development - Hybrid?	multiple_choice	10.00	1	{}	11
41	2026-01-08 08:29:41.854694+00	2026-01-08 08:29:41.854716+00	Is Full Stack Development - Hybrid suitable for beginners?	true_false	5.00	2	{}	11
42	2026-01-08 08:29:41.897191+00	2026-01-08 08:29:41.897218+00	What will you learn in Full Stack Development - Hybrid?	multiple_choice	15.00	3	{}	11
43	2026-01-08 08:29:41.967548+00	2026-01-08 08:29:41.967573+00	Does Full Stack Development - Hybrid include hands-on practice?	true_false	10.00	4	{}	11
44	2026-01-08 08:29:42.007054+00	2026-01-08 08:29:42.00708+00	What is the main topic covered in Software Development Internship?	multiple_choice	10.00	1	{}	12
45	2026-01-08 08:29:42.089175+00	2026-01-08 08:29:42.0892+00	Is Software Development Internship suitable for beginners?	true_false	5.00	2	{}	12
46	2026-01-08 08:29:42.125309+00	2026-01-08 08:29:42.125342+00	What will you learn in Software Development Internship?	multiple_choice	15.00	3	{}	12
47	2026-01-08 08:29:42.207593+00	2026-01-08 08:29:42.207614+00	Does Software Development Internship include hands-on practice?	true_false	10.00	4	{}	12
\.


--
-- Data for Name: lms_questionoption; Type: TABLE DATA; Schema: public; Owner: postgres
--

COPY public.lms_questionoption (id, created_at, updated_at, option_text, is_correct, "order", question_id) FROM stdin;
1	2026-01-04 08:24:36.741197+00	2026-01-04 08:24:36.741215+00	Basic concepts	t	1	1
2	2026-01-04 08:24:36.746397+00	2026-01-04 08:24:36.746413+00	Advanced topics	f	2	1
3	2026-01-04 08:24:36.751575+00	2026-01-04 08:24:36.751616+00	Both	f	3	1
4	2026-01-04 08:24:36.755863+00	2026-01-04 08:24:36.755876+00	None	f	4	1
5	2026-01-04 08:24:36.761671+00	2026-01-04 08:24:36.76168+00	True	t	1	2
6	2026-01-04 08:24:36.763882+00	2026-01-04 08:24:36.763889+00	False	f	2	2
7	2026-01-04 08:24:36.773805+00	2026-01-04 08:24:36.773816+00	Basic concepts	t	1	3
8	2026-01-04 08:24:36.777229+00	2026-01-04 08:24:36.777237+00	Advanced topics	f	2	3
9	2026-01-04 08:24:36.779618+00	2026-01-04 08:24:36.779638+00	Both	f	3	3
10	2026-01-04 08:24:36.782133+00	2026-01-04 08:24:36.78214+00	None	f	4	3
11	2026-01-04 08:24:36.787561+00	2026-01-04 08:24:36.787573+00	True	f	1	4
12	2026-01-04 08:24:36.791119+00	2026-01-04 08:24:36.791142+00	False	t	2	4
13	2026-01-04 08:24:36.803449+00	2026-01-04 08:24:36.803465+00	Basic concepts	t	1	5
14	2026-01-04 08:24:36.808322+00	2026-01-04 08:24:36.808337+00	Advanced topics	f	2	5
15	2026-01-04 08:24:36.812042+00	2026-01-04 08:24:36.812057+00	Both	f	3	5
16	2026-01-04 08:24:36.81444+00	2026-01-04 08:24:36.814448+00	None	f	4	5
17	2026-01-04 08:24:36.821418+00	2026-01-04 08:24:36.821438+00	True	t	1	6
18	2026-01-04 08:24:36.825059+00	2026-01-04 08:24:36.825075+00	False	f	2	6
19	2026-01-04 08:24:36.835594+00	2026-01-04 08:24:36.835606+00	Basic concepts	t	1	7
20	2026-01-04 08:24:36.83894+00	2026-01-04 08:24:36.838952+00	Advanced topics	f	2	7
21	2026-01-04 08:24:36.84235+00	2026-01-04 08:24:36.842362+00	Both	f	3	7
22	2026-01-04 08:24:36.845733+00	2026-01-04 08:24:36.845743+00	None	f	4	7
23	2026-01-04 08:24:36.852791+00	2026-01-04 08:24:36.852804+00	True	t	1	8
24	2026-01-04 08:24:36.856342+00	2026-01-04 08:24:36.85636+00	False	f	2	8
25	2026-01-04 08:24:36.869423+00	2026-01-04 08:24:36.869436+00	Basic concepts	t	1	9
26	2026-01-04 08:24:36.873593+00	2026-01-04 08:24:36.873608+00	Advanced topics	f	2	9
27	2026-01-04 08:24:36.877833+00	2026-01-04 08:24:36.877851+00	Both	f	3	9
28	2026-01-04 08:24:36.882154+00	2026-01-04 08:24:36.882163+00	None	f	4	9
29	2026-01-04 08:24:36.889297+00	2026-01-04 08:24:36.88931+00	True	f	1	10
30	2026-01-04 08:24:36.892683+00	2026-01-04 08:24:36.892698+00	False	t	2	10
31	2026-01-04 08:24:36.903005+00	2026-01-04 08:24:36.903019+00	Basic concepts	t	1	11
32	2026-01-04 08:24:36.906447+00	2026-01-04 08:24:36.906462+00	Advanced topics	f	2	11
33	2026-01-04 08:24:36.909847+00	2026-01-04 08:24:36.909862+00	Both	f	3	11
34	2026-01-04 08:24:36.912453+00	2026-01-04 08:24:36.912465+00	None	f	4	11
35	2026-01-04 08:24:36.917065+00	2026-01-04 08:24:36.917076+00	True	f	1	12
36	2026-01-04 08:24:36.919903+00	2026-01-04 08:24:36.919913+00	False	t	2	12
37	2026-01-04 08:24:36.929657+00	2026-01-04 08:24:36.929664+00	Basic concepts	t	1	13
38	2026-01-04 08:24:36.93207+00	2026-01-04 08:24:36.932077+00	Advanced topics	f	2	13
39	2026-01-04 08:24:36.934446+00	2026-01-04 08:24:36.934462+00	Both	f	3	13
40	2026-01-04 08:24:36.937223+00	2026-01-04 08:24:36.937234+00	None	f	4	13
41	2026-01-04 08:24:36.943245+00	2026-01-04 08:24:36.943255+00	True	f	1	14
42	2026-01-04 08:24:36.945831+00	2026-01-04 08:24:36.945838+00	False	t	2	14
43	2026-01-04 08:24:36.955042+00	2026-01-04 08:24:36.955056+00	Basic concepts	t	1	15
44	2026-01-04 08:24:36.95806+00	2026-01-04 08:24:36.958072+00	Advanced topics	f	2	15
45	2026-01-04 08:24:36.960758+00	2026-01-04 08:24:36.960769+00	Both	f	3	15
46	2026-01-04 08:24:36.963059+00	2026-01-04 08:24:36.963067+00	None	f	4	15
47	2026-01-04 08:24:36.967902+00	2026-01-04 08:24:36.967912+00	True	f	1	16
48	2026-01-04 08:24:36.971047+00	2026-01-04 08:24:36.97106+00	False	t	2	16
49	2026-01-08 08:29:39.887636+00	2026-01-08 08:29:39.887662+00	Core concepts and practical skills	t	1	18
50	2026-01-08 08:29:39.899107+00	2026-01-08 08:29:39.899128+00	Only theory	f	2	18
51	2026-01-08 08:29:39.911154+00	2026-01-08 08:29:39.911181+00	Only advanced topics	f	3	18
52	2026-01-08 08:29:39.955579+00	2026-01-08 08:29:39.955603+00	Nothing specific	f	4	18
53	2026-01-08 08:29:39.968201+00	2026-01-08 08:29:39.968222+00	True	t	1	19
54	2026-01-08 08:29:39.97308+00	2026-01-08 08:29:39.973104+00	False	f	2	19
55	2026-01-08 08:29:40.073886+00	2026-01-08 08:29:40.073908+00	Core concepts and practical skills	t	1	20
56	2026-01-08 08:29:40.079399+00	2026-01-08 08:29:40.079469+00	Only theory	f	2	20
57	2026-01-08 08:29:40.085836+00	2026-01-08 08:29:40.085862+00	Only advanced topics	f	3	20
58	2026-01-08 08:29:40.092299+00	2026-01-08 08:29:40.092325+00	Nothing specific	f	4	20
59	2026-01-08 08:29:40.122589+00	2026-01-08 08:29:40.12269+00	True	t	1	21
60	2026-01-08 08:29:40.143467+00	2026-01-08 08:29:40.143517+00	False	f	2	21
61	2026-01-08 08:29:40.180573+00	2026-01-08 08:29:40.18062+00	Core concepts and practical skills	t	1	22
62	2026-01-08 08:29:40.208798+00	2026-01-08 08:29:40.208907+00	Only theory	f	2	22
63	2026-01-08 08:29:40.219573+00	2026-01-08 08:29:40.219595+00	Only advanced topics	f	3	22
64	2026-01-08 08:29:40.225598+00	2026-01-08 08:29:40.225621+00	Nothing specific	f	4	22
65	2026-01-08 08:29:40.277155+00	2026-01-08 08:29:40.277259+00	True	t	1	23
66	2026-01-08 08:29:40.317127+00	2026-01-08 08:29:40.317152+00	False	f	2	23
67	2026-01-08 08:29:40.392965+00	2026-01-08 08:29:40.392987+00	Core concepts and practical skills	t	1	24
68	2026-01-08 08:29:40.416616+00	2026-01-08 08:29:40.416635+00	Only theory	f	2	24
69	2026-01-08 08:29:40.430324+00	2026-01-08 08:29:40.43035+00	Only advanced topics	f	3	24
70	2026-01-08 08:29:40.485227+00	2026-01-08 08:29:40.485246+00	Nothing specific	f	4	24
71	2026-01-08 08:29:40.506078+00	2026-01-08 08:29:40.506104+00	True	t	1	25
72	2026-01-08 08:29:40.52038+00	2026-01-08 08:29:40.520407+00	False	f	2	25
73	2026-01-08 08:29:40.607572+00	2026-01-08 08:29:40.60768+00	Core concepts and practical skills	t	1	26
74	2026-01-08 08:29:40.641889+00	2026-01-08 08:29:40.641911+00	Only theory	f	2	26
75	2026-01-08 08:29:40.647188+00	2026-01-08 08:29:40.647207+00	Only advanced topics	f	3	26
76	2026-01-08 08:29:40.66055+00	2026-01-08 08:29:40.66058+00	Nothing specific	f	4	26
77	2026-01-08 08:29:40.734529+00	2026-01-08 08:29:40.734558+00	True	t	1	27
78	2026-01-08 08:29:40.746839+00	2026-01-08 08:29:40.746859+00	False	f	2	27
79	2026-01-08 08:29:40.85327+00	2026-01-08 08:29:40.853299+00	Core concepts and practical skills	t	1	28
80	2026-01-08 08:29:40.892971+00	2026-01-08 08:29:40.892992+00	Only theory	f	2	28
81	2026-01-08 08:29:40.901337+00	2026-01-08 08:29:40.90136+00	Only advanced topics	f	3	28
82	2026-01-08 08:29:40.913944+00	2026-01-08 08:29:40.913968+00	Nothing specific	f	4	28
83	2026-01-08 08:29:40.965092+00	2026-01-08 08:29:40.965114+00	True	t	1	29
84	2026-01-08 08:29:40.998031+00	2026-01-08 08:29:40.998068+00	False	f	2	29
85	2026-01-08 08:29:41.110383+00	2026-01-08 08:29:41.110404+00	Core concepts and practical skills	t	1	30
86	2026-01-08 08:29:41.120045+00	2026-01-08 08:29:41.120066+00	Only theory	f	2	30
87	2026-01-08 08:29:41.133616+00	2026-01-08 08:29:41.133653+00	Only advanced topics	f	3	30
88	2026-01-08 08:29:41.148755+00	2026-01-08 08:29:41.148779+00	Nothing specific	f	4	30
89	2026-01-08 08:29:41.203551+00	2026-01-08 08:29:41.203574+00	True	t	1	31
90	2026-01-08 08:29:41.222134+00	2026-01-08 08:29:41.222156+00	False	f	2	31
91	2026-01-08 08:29:41.290018+00	2026-01-08 08:29:41.290039+00	Basic concepts	t	1	32
92	2026-01-08 08:29:41.297726+00	2026-01-08 08:29:41.297749+00	Advanced topics	f	2	32
93	2026-01-08 08:29:41.319257+00	2026-01-08 08:29:41.319355+00	Both	f	3	32
94	2026-01-08 08:29:41.358204+00	2026-01-08 08:29:41.358227+00	None	f	4	32
95	2026-01-08 08:29:41.380968+00	2026-01-08 08:29:41.380996+00	True	t	1	33
96	2026-01-08 08:29:41.390075+00	2026-01-08 08:29:41.390101+00	False	f	2	33
97	2026-01-08 08:29:41.433251+00	2026-01-08 08:29:41.433272+00	Core concepts and practical skills	t	1	34
98	2026-01-08 08:29:41.446657+00	2026-01-08 08:29:41.446693+00	Only theory	f	2	34
99	2026-01-08 08:29:41.455035+00	2026-01-08 08:29:41.455064+00	Only advanced topics	f	3	34
100	2026-01-08 08:29:41.478082+00	2026-01-08 08:29:41.47811+00	Nothing specific	f	4	34
101	2026-01-08 08:29:41.500439+00	2026-01-08 08:29:41.500472+00	True	t	1	35
102	2026-01-08 08:29:41.5104+00	2026-01-08 08:29:41.510492+00	False	f	2	35
103	2026-01-08 08:29:41.549765+00	2026-01-08 08:29:41.549829+00	Basic concepts	t	1	36
104	2026-01-08 08:29:41.556105+00	2026-01-08 08:29:41.55613+00	Advanced topics	f	2	36
105	2026-01-08 08:29:41.56723+00	2026-01-08 08:29:41.567253+00	Both	f	3	36
106	2026-01-08 08:29:41.572688+00	2026-01-08 08:29:41.572709+00	None	f	4	36
107	2026-01-08 08:29:41.589217+00	2026-01-08 08:29:41.589236+00	True	t	1	37
108	2026-01-08 08:29:41.595924+00	2026-01-08 08:29:41.595951+00	False	f	2	37
109	2026-01-08 08:29:41.619186+00	2026-01-08 08:29:41.619212+00	Core concepts and practical skills	t	1	38
110	2026-01-08 08:29:41.629059+00	2026-01-08 08:29:41.629084+00	Only theory	f	2	38
111	2026-01-08 08:29:41.644012+00	2026-01-08 08:29:41.644036+00	Only advanced topics	f	3	38
112	2026-01-08 08:29:41.669096+00	2026-01-08 08:29:41.669141+00	Nothing specific	f	4	38
113	2026-01-08 08:29:41.686602+00	2026-01-08 08:29:41.686625+00	True	t	1	39
114	2026-01-08 08:29:41.703738+00	2026-01-08 08:29:41.70376+00	False	f	2	39
115	2026-01-08 08:29:41.751107+00	2026-01-08 08:29:41.75113+00	Basic concepts	t	1	40
116	2026-01-08 08:29:41.786231+00	2026-01-08 08:29:41.78625+00	Advanced topics	f	2	40
117	2026-01-08 08:29:41.806319+00	2026-01-08 08:29:41.806342+00	Both	f	3	40
118	2026-01-08 08:29:41.834856+00	2026-01-08 08:29:41.834882+00	None	f	4	40
119	2026-01-08 08:29:41.863993+00	2026-01-08 08:29:41.864018+00	True	f	1	41
120	2026-01-08 08:29:41.879329+00	2026-01-08 08:29:41.879356+00	False	t	2	41
121	2026-01-08 08:29:41.908961+00	2026-01-08 08:29:41.908986+00	Core concepts and practical skills	t	1	42
122	2026-01-08 08:29:41.920203+00	2026-01-08 08:29:41.920228+00	Only theory	f	2	42
123	2026-01-08 08:29:41.931221+00	2026-01-08 08:29:41.931244+00	Only advanced topics	f	3	42
124	2026-01-08 08:29:41.944651+00	2026-01-08 08:29:41.94468+00	Nothing specific	f	4	42
125	2026-01-08 08:29:41.978002+00	2026-01-08 08:29:41.978068+00	True	t	1	43
126	2026-01-08 08:29:41.98503+00	2026-01-08 08:29:41.985051+00	False	f	2	43
127	2026-01-08 08:29:42.035066+00	2026-01-08 08:29:42.035089+00	Basic concepts	t	1	44
128	2026-01-08 08:29:42.052513+00	2026-01-08 08:29:42.052543+00	Advanced topics	f	2	44
129	2026-01-08 08:29:42.073898+00	2026-01-08 08:29:42.073924+00	Both	f	3	44
130	2026-01-08 08:29:42.083099+00	2026-01-08 08:29:42.083122+00	None	f	4	44
131	2026-01-08 08:29:42.104312+00	2026-01-08 08:29:42.104331+00	True	f	1	45
132	2026-01-08 08:29:42.114177+00	2026-01-08 08:29:42.114204+00	False	t	2	45
133	2026-01-08 08:29:42.149382+00	2026-01-08 08:29:42.149408+00	Core concepts and practical skills	t	1	46
134	2026-01-08 08:29:42.181134+00	2026-01-08 08:29:42.181156+00	Only theory	f	2	46
135	2026-01-08 08:29:42.18903+00	2026-01-08 08:29:42.189052+00	Only advanced topics	f	3	46
136	2026-01-08 08:29:42.19524+00	2026-01-08 08:29:42.195263+00	Nothing specific	f	4	46
137	2026-01-08 08:29:42.214193+00	2026-01-08 08:29:42.214216+00	True	t	1	47
138	2026-01-08 08:29:42.221617+00	2026-01-08 08:29:42.221639+00	False	f	2	47
\.


--
-- Data for Name: lms_quiz; Type: TABLE DATA; Schema: public; Owner: postgres
--

COPY public.lms_quiz (id, created_at, updated_at, title, description, passing_score, time_limit_minutes, max_attempts, is_active, "order", allow_retake, course_id) FROM stdin;
1	2026-01-04 08:24:36.727376+00	2026-01-04 08:24:36.727392+00	Python for Beginners - Quiz 1	Test your knowledge of Python for Beginners fundamentals.	70.00	30	3	t	1	t	1
2	2026-01-04 08:24:36.766945+00	2026-01-04 08:24:36.766952+00	PostgreSQL Advanced - Quiz 1	Test your knowledge of PostgreSQL Advanced fundamentals.	70.00	30	3	t	1	t	16
3	2026-01-04 08:24:36.79612+00	2026-01-04 08:24:36.796137+00	Git & GitHub Mastery - Quiz 1	Test your knowledge of Git & GitHub Mastery fundamentals.	70.00	30	3	t	1	t	19
5	2026-01-04 08:24:36.861715+00	2026-01-04 08:24:36.861728+00	Django Web Development - Quiz 1	Test your knowledge of Django Web Development fundamentals.	70.00	30	3	t	1	t	2
6	2026-01-04 08:24:36.896652+00	2026-01-04 08:24:36.896664+00	React - The Complete Guide - Quiz 1	Test your knowledge of React - The Complete Guide fundamentals.	70.00	30	3	t	1	t	4
7	2026-01-04 08:24:36.924051+00	2026-01-04 08:24:36.924061+00	Node.js Backend Development - Quiz 1	Test your knowledge of Node.js Backend Development fundamentals.	70.00	30	3	t	1	t	5
8	2026-01-04 08:24:36.948676+00	2026-01-04 08:24:36.948683+00	Full Stack Django & React - Quiz 1	Test your knowledge of Full Stack Django & React fundamentals.	70.00	30	3	t	1	t	9
4	2026-01-04 08:24:36.828964+00	2026-01-06 11:07:54.610888+00	Shopify E-commerce Mastery - Quiz 1	Test your knowledge of Shopify E-commerce Mastery fundamentals.	70.00	30	3	t	1	t	21
9	2026-01-08 08:29:41.231658+00	2026-01-08 08:29:41.23168+00	Python Programming - Physical Class - Quiz 1	Test your knowledge of Python Programming - Physical Class fundamentals.	70.00	30	3	t	1	t	22
10	2026-01-08 08:29:41.522873+00	2026-01-08 08:29:41.5229+00	Web Development Bootcamp - Quiz 1	Test your knowledge of Web Development Bootcamp fundamentals.	70.00	30	3	t	1	t	23
11	2026-01-08 08:29:41.722626+00	2026-01-08 08:29:41.722647+00	Full Stack Development - Hybrid - Quiz 1	Test your knowledge of Full Stack Development - Hybrid fundamentals.	70.00	30	3	t	1	t	24
12	2026-01-08 08:29:41.992407+00	2026-01-08 08:29:41.992581+00	Software Development Internship - Quiz 1	Test your knowledge of Software Development Internship fundamentals.	70.00	30	3	t	1	t	25
14	2026-01-28 15:40:10.539054+00	2026-01-28 15:40:10.539074+00	test		70.00	\N	3	t	1	t	28
\.


--
-- Data for Name: lms_quizattempt; Type: TABLE DATA; Schema: public; Owner: postgres
--

COPY public.lms_quizattempt (id, created_at, updated_at, score, passed, started_at, completed_at, answers, attempt_number, enrollment_id, quiz_id) FROM stdin;
1	2026-01-06 10:53:57.532159+00	2026-01-06 10:53:57.624991+00	0.00	f	2026-01-06 10:53:57.532205+00	2026-01-06 10:53:57.624934+00	{"7": 20, "8": "True"}	1	16	4
2	2026-01-06 10:55:54.221179+00	2026-01-06 10:55:54.33011+00	0.00	f	2026-01-06 10:55:54.221209+00	2026-01-06 10:55:54.330062+00	{"7": 21, "8": "False"}	1	16	4
3	2026-01-06 10:56:18.733662+00	2026-01-06 10:56:18.826034+00	66.67	f	2026-01-06 10:56:18.733687+00	2026-01-06 10:56:18.825969+00	{"7": 19, "8": "True"}	1	16	4
4	2026-01-06 11:02:50.687263+00	2026-01-06 11:02:50.76435+00	66.67	f	2026-01-06 11:02:50.687286+00	2026-01-06 11:02:50.76429+00	{"7": 19, "8": "True"}	1	16	4
5	2026-01-06 11:03:08.733862+00	2026-01-06 11:03:08.838553+00	0.00	f	2026-01-06 11:03:08.7339+00	2026-01-06 11:03:08.838421+00	{"7": 20, "8": "True"}	1	16	4
6	2026-01-08 08:29:44.176457+00	2026-01-08 08:29:44.176478+00	95.00	t	2026-01-08 08:29:44.176509+00	2026-01-06 08:53:44.166649+00	{"1": 3, "2": 3, "3": "False", "4": "True"}	1	1	1
7	2026-01-08 08:29:44.223992+00	2026-01-08 08:29:44.224011+00	52.00	f	2026-01-08 08:29:44.22404+00	2026-01-04 08:53:44.219596+00	{"1": "True", "2": "False", "3": "False", "4": 2}	2	1	1
8	2026-01-08 08:29:44.239585+00	2026-01-08 08:29:44.239614+00	67.00	f	2026-01-08 08:29:44.239656+00	2026-01-02 08:44:44.234795+00	{"1": 3, "2": 1, "3": 2, "4": "False"}	3	1	1
9	2026-01-08 08:29:44.251717+00	2026-01-08 08:29:44.251738+00	79.00	t	2026-01-08 08:29:44.251769+00	2026-01-06 08:50:44.24751+00	{"1": "True", "2": "False", "3": "True", "4": "False"}	1	17	1
10	2026-01-08 08:29:44.269267+00	2026-01-08 08:29:44.269307+00	72.00	t	2026-01-08 08:29:44.269344+00	2026-01-06 08:51:44.263843+00	{"1": 3, "2": "False", "3": "True", "4": "True"}	1	2	5
11	2026-01-08 08:29:44.287042+00	2026-01-08 08:29:44.287064+00	72.00	t	2026-01-08 08:29:44.287096+00	2026-01-06 08:53:44.280376+00	{"1": 4, "2": "True", "3": "False", "4": "False"}	1	4	6
12	2026-01-08 08:29:44.306546+00	2026-01-08 08:29:44.306572+00	57.00	f	2026-01-08 08:29:44.306729+00	2026-01-04 08:45:44.299381+00	{"1": "True", "2": 2, "3": 2, "4": 4}	2	4	6
13	2026-01-08 08:29:44.363303+00	2026-01-08 08:29:44.363327+00	67.00	f	2026-01-08 08:29:44.363362+00	2026-01-06 08:54:44.356965+00	{"1": "False", "2": 1, "3": "True", "4": "True"}	1	9	8
14	2026-01-08 08:29:44.377151+00	2026-01-08 08:29:44.377171+00	59.00	f	2026-01-08 08:29:44.377201+00	2026-01-04 08:45:44.370709+00	{"1": 1, "2": "False", "3": 3, "4": "False"}	2	9	8
15	2026-01-08 08:29:44.404288+00	2026-01-08 08:29:44.404309+00	63.00	f	2026-01-08 08:29:44.404339+00	2026-01-06 08:46:44.399667+00	{"1": 2, "2": 2, "3": "False", "4": "False"}	1	18	8
16	2026-01-08 08:29:44.444221+00	2026-01-08 08:29:44.44424+00	88.00	t	2026-01-08 08:29:44.444273+00	2026-01-06 08:50:44.438981+00	{"1": "True", "2": "False", "3": "True", "4": 1}	1	13	2
17	2026-01-08 08:29:44.465645+00	2026-01-08 08:29:44.46567+00	83.00	t	2026-01-08 08:29:44.46571+00	2026-01-06 08:50:44.460951+00	{"1": "False", "2": "True", "3": 3, "4": 2}	1	5	7
18	2026-01-08 08:29:44.480742+00	2026-01-08 08:29:44.480765+00	82.00	t	2026-01-08 08:29:44.480797+00	2026-01-06 08:48:44.476789+00	{"1": "False", "2": "False", "3": "True", "4": 2}	1	14	3
19	2026-01-08 08:29:44.501863+00	2026-01-08 08:29:44.501886+00	57.00	f	2026-01-08 08:29:44.501918+00	2026-01-04 08:45:44.497178+00	{"1": "True", "2": 4, "3": "True", "4": "True"}	2	14	3
20	2026-01-08 12:19:26.714696+00	2026-01-08 12:19:26.812587+00	93.75	t	2026-01-08 12:19:26.714728+00	2026-01-08 12:19:26.812523+00	{"7": 19, "8": 23}	1	16	4
21	2026-01-08 13:27:03.296271+00	2026-01-08 13:27:03.408623+00	93.75	t	2026-01-08 13:27:03.296315+00	2026-01-08 13:27:03.4085+00	{"7": 19, "8": 23}	1	16	4
22	2026-01-08 13:50:08.125325+00	2026-01-08 13:50:08.222065+00	93.75	t	2026-01-08 13:50:08.125359+00	2026-01-08 13:50:08.221967+00	{"7": 19, "8": 23}	1	16	4
23	2026-01-08 14:33:21.685496+00	2026-01-08 14:33:21.685504+00	65.00	f	2026-01-08 14:33:21.685517+00	2026-01-06 14:51:21.68432+00	{"1": 4, "2": 3, "3": 4, "4": 1}	1	20	5
24	2026-01-08 14:33:21.690191+00	2026-01-08 14:33:21.690203+00	64.00	f	2026-01-08 14:33:21.690214+00	2026-01-04 14:57:21.688941+00	{"1": "True", "2": "False", "3": 3, "4": 1}	2	20	5
25	2026-01-08 14:33:21.693904+00	2026-01-08 14:33:21.693916+00	48.00	f	2026-01-08 14:33:21.693937+00	2026-01-02 14:57:21.692174+00	{"1": 4, "2": 1, "3": 2, "4": 3}	3	20	5
26	2026-01-08 14:33:21.730833+00	2026-01-08 14:33:21.730858+00	62.00	f	2026-01-08 14:33:21.730876+00	2026-01-06 14:49:21.729123+00	{"1": "True", "2": "False", "3": 2, "4": 1}	1	19	9
27	2026-01-08 14:46:06.742743+00	2026-01-08 14:46:06.83469+00	93.75	t	2026-01-08 14:46:06.742766+00	2026-01-08 14:46:06.834609+00	{"7": 19, "8": 23}	1	16	4
28	2026-01-08 14:46:23.369392+00	2026-01-08 14:46:23.464042+00	0.00	f	2026-01-08 14:46:23.36944+00	2026-01-08 14:46:23.463975+00	{"7": 20}	1	16	4
29	2026-01-08 14:46:35.827049+00	2026-01-08 14:46:35.925277+00	31.25	f	2026-01-08 14:46:35.827069+00	2026-01-08 14:46:35.925203+00	{"7": 20, "8": 23}	1	16	4
30	2026-01-09 11:46:53.950699+00	2026-01-09 11:46:53.950714+00	74.00	t	2026-01-09 11:46:53.95074+00	2026-01-07 12:09:53.948627+00	{"1": 3, "2": "True", "3": 2, "4": 1}	1	21	12
31	2026-01-09 11:46:53.957247+00	2026-01-09 11:46:53.957259+00	48.00	f	2026-01-09 11:46:53.957278+00	2026-01-05 12:03:53.955034+00	{"1": 1, "2": 2, "3": "True", "4": "False"}	2	21	12
32	2026-01-09 11:46:53.961415+00	2026-01-09 11:46:53.961423+00	42.00	f	2026-01-09 11:46:53.961459+00	2026-01-03 12:10:53.959635+00	{"1": "True", "2": 2, "3": 4, "4": "True"}	3	21	12
33	2026-01-12 13:19:37.951776+00	2026-01-12 13:19:38.057562+00	25.00	f	2026-01-12 13:19:37.951832+00	2026-01-12 13:19:38.057487+00	{"44": 127, "45": "True", "46": 134, "47": "True"}	1	22	12
34	2026-01-12 13:20:03.893655+00	2026-01-12 13:20:03.993646+00	0.00	f	2026-01-12 13:20:03.89369+00	2026-01-12 13:20:03.99358+00	{"44": 128, "45": "True", "46": 135, "47": "True"}	1	22	12
35	2026-01-12 13:20:20.827824+00	2026-01-12 13:20:20.923872+00	62.50	f	2026-01-12 13:20:20.827846+00	2026-01-12 13:20:20.923814+00	{"44": 127, "45": "True", "46": 133, "47": "False"}	1	22	12
36	2026-01-13 12:28:41.549145+00	2026-01-13 12:28:41.639497+00	93.75	t	2026-01-13 12:28:41.549165+00	2026-01-13 12:28:41.639446+00	{"7": 19, "8": 23}	1	24	4
37	2026-01-13 12:28:54.282854+00	2026-01-13 12:28:54.384032+00	0.00	f	2026-01-13 12:28:54.282888+00	2026-01-13 12:28:54.383921+00	{"7": 20, "8": 24}	1	24	4
38	2026-01-20 10:42:41.883258+00	2026-01-20 10:42:41.985268+00	25.00	f	2026-01-20 10:42:41.883282+00	2026-01-20 10:42:41.985205+00	{"40": 115, "41": "True", "42": 123, "43": "True"}	1	23	11
\.


--
-- Data for Name: lms_reply; Type: TABLE DATA; Schema: public; Owner: postgres
--

COPY public.lms_reply (id, created_at, updated_at, content, is_answer, parent_reply_id, post_id, user_id) FROM stdin;
\.


--
-- Data for Name: lms_resource; Type: TABLE DATA; Schema: public; Owner: postgres
--

COPY public.lms_resource (id, created_at, updated_at, title, description, resource_type, file, external_url, is_active, "order", course_id) FROM stdin;
1	2026-01-04 08:25:17.398599+00	2026-01-04 08:25:17.398615+00	Python for Beginners - Course Materials	Download course materials and resources.	pdf		https://example.com/resources	t	1	1
2	2026-01-04 08:25:17.403428+00	2026-01-04 08:25:17.403443+00	PostgreSQL Advanced - Course Materials	Download course materials and resources.	pdf		https://example.com/resources	t	1	16
3	2026-01-04 08:25:17.40722+00	2026-01-04 08:25:17.407235+00	Git & GitHub Mastery - Course Materials	Download course materials and resources.	pdf		https://example.com/resources	t	1	19
\.


--
-- Data for Name: lms_review; Type: TABLE DATA; Schema: public; Owner: postgres
--

COPY public.lms_review (id, created_at, updated_at, rating, comment, is_verified_purchase, course_id, user_id) FROM stdin;
2	2026-01-04 08:24:37.031515+00	2026-01-04 08:24:37.03153+00	4	Great course! Learned a lot about Python for Beginners. Highly recommended!	t	1	5
3	2026-01-04 08:24:37.042162+00	2026-01-04 08:24:37.042177+00	4	Great course! Learned a lot about Python for Beginners. Highly recommended!	t	1	6
4	2026-01-04 08:24:37.048256+00	2026-01-04 08:24:37.048266+00	4	Great course! Learned a lot about PostgreSQL Advanced. Highly recommended!	t	16	2
5	2026-01-04 08:24:37.053859+00	2026-01-04 08:24:37.053873+00	5	Great course! Learned a lot about PostgreSQL Advanced. Highly recommended!	t	16	5
6	2026-01-04 08:24:37.059985+00	2026-01-04 08:24:37.059996+00	5	Great course! Learned a lot about PostgreSQL Advanced. Highly recommended!	t	16	6
7	2026-01-04 08:24:37.064972+00	2026-01-04 08:24:37.064981+00	5	Great course! Learned a lot about Git & GitHub Mastery. Highly recommended!	t	19	2
8	2026-01-04 08:24:37.070008+00	2026-01-04 08:24:37.07002+00	4	Great course! Learned a lot about Git & GitHub Mastery. Highly recommended!	t	19	5
9	2026-01-04 08:24:37.076856+00	2026-01-04 08:24:37.076871+00	4	Great course! Learned a lot about Git & GitHub Mastery. Highly recommended!	t	19	6
10	2026-01-04 08:24:37.083647+00	2026-01-04 08:24:37.083664+00	5	Great course! Learned a lot about Shopify E-commerce Mastery. Highly recommended!	t	21	2
11	2026-01-04 08:24:37.092179+00	2026-01-04 08:24:37.092194+00	4	Great course! Learned a lot about Shopify E-commerce Mastery. Highly recommended!	t	21	5
12	2026-01-04 08:24:37.098864+00	2026-01-04 08:24:37.098876+00	5	Great course! Learned a lot about Shopify E-commerce Mastery. Highly recommended!	t	21	6
13	2026-01-04 08:24:37.105388+00	2026-01-04 08:24:37.105407+00	5	Great course! Learned a lot about Django Web Development. Highly recommended!	t	2	2
14	2026-01-04 08:24:37.111136+00	2026-01-04 08:24:37.111147+00	5	Great course! Learned a lot about Django Web Development. Highly recommended!	t	2	5
15	2026-01-04 08:24:37.115905+00	2026-01-04 08:24:37.115914+00	4	Great course! Learned a lot about Django Web Development. Highly recommended!	t	2	6
16	2026-01-04 20:25:59.760719+00	2026-01-04 20:25:59.76073+00	5	Good course	f	21	10
17	2026-01-05 12:47:24.8759+00	2026-01-05 12:47:24.875912+00	5	Great test course!	f	13	3
18	2026-01-05 12:53:48.53436+00	2026-01-05 12:53:48.534373+00	5	Great course! Learned a lot about Python for Beginners. Highly recommended!	t	1	2
\.


--
-- Data for Name: lms_sessionregistration; Type: TABLE DATA; Schema: public; Owner: postgres
--

COPY public.lms_sessionregistration (id, created_at, updated_at, status, registered_at, enrollment_id, session_id) FROM stdin;
1	2026-01-08 08:29:39.403314+00	2026-01-08 08:29:39.403341+00	registered	2026-01-08 08:29:39.40337+00	3	53
2	2026-01-08 08:29:39.440152+00	2026-01-08 08:29:39.440184+00	registered	2026-01-08 08:29:39.440207+00	3	54
3	2026-01-08 08:29:39.468794+00	2026-01-08 08:29:39.468819+00	registered	2026-01-08 08:29:39.468844+00	3	55
4	2026-01-08 08:29:39.640793+00	2026-01-08 08:29:39.640883+00	registered	2026-01-08 08:29:39.640921+00	19	56
5	2026-01-08 08:29:39.681279+00	2026-01-08 08:29:39.681384+00	registered	2026-01-08 08:29:39.68162+00	19	57
6	2026-01-08 08:29:39.719219+00	2026-01-08 08:29:39.719237+00	registered	2026-01-08 08:29:39.719257+00	19	58
7	2026-01-08 08:29:39.78505+00	2026-01-08 08:29:39.785074+00	registered	2026-01-08 08:29:39.785095+00	19	1
8	2026-01-08 12:16:14.770101+00	2026-01-08 12:16:14.770119+00	registered	2026-01-08 12:16:14.770137+00	19	2
9	2026-01-09 11:46:53.638788+00	2026-01-09 11:46:53.638802+00	registered	2026-01-09 11:46:53.638818+00	3	59
10	2026-01-09 11:46:53.648598+00	2026-01-09 11:46:53.648611+00	registered	2026-01-09 11:46:53.648628+00	3	60
11	2026-01-09 11:46:53.654723+00	2026-01-09 11:46:53.654736+00	registered	2026-01-09 11:46:53.654753+00	3	61
12	2026-01-09 11:46:53.671549+00	2026-01-09 11:46:53.671555+00	registered	2026-01-09 11:46:53.671564+00	19	62
13	2026-01-09 11:46:53.677458+00	2026-01-09 11:46:53.677465+00	registered	2026-01-09 11:46:53.677474+00	19	63
14	2026-01-09 11:46:53.683483+00	2026-01-09 11:46:53.683492+00	registered	2026-01-09 11:46:53.683503+00	19	64
15	2026-01-12 11:35:10.244722+00	2026-01-12 11:35:10.244728+00	registered	2026-01-12 11:35:10.244737+00	3	65
16	2026-01-12 11:35:10.252103+00	2026-01-12 11:35:10.252109+00	registered	2026-01-12 11:35:10.252118+00	3	66
17	2026-01-12 11:35:10.256288+00	2026-01-12 11:35:10.256294+00	registered	2026-01-12 11:35:10.256302+00	3	67
18	2026-01-12 11:35:10.26927+00	2026-01-12 11:35:10.269276+00	registered	2026-01-12 11:35:10.269284+00	19	68
19	2026-01-12 11:35:10.273+00	2026-01-12 11:35:10.273006+00	registered	2026-01-12 11:35:10.273014+00	19	69
20	2026-01-12 11:35:10.276649+00	2026-01-12 11:35:10.276655+00	registered	2026-01-12 11:35:10.276663+00	19	70
48	2026-01-13 08:36:34.880079+00	2026-01-13 08:36:34.880092+00	registered	2026-01-13 08:36:34.88011+00	3	98
49	2026-01-13 08:36:34.884108+00	2026-01-13 08:36:34.884115+00	registered	2026-01-13 08:36:34.884124+00	3	99
50	2026-01-13 08:36:34.893188+00	2026-01-13 08:36:34.893198+00	registered	2026-01-13 08:36:34.893212+00	3	100
51	2026-01-13 08:36:34.920301+00	2026-01-13 08:36:34.920317+00	registered	2026-01-13 08:36:34.920336+00	19	101
52	2026-01-13 08:36:34.927621+00	2026-01-13 08:36:34.927633+00	registered	2026-01-13 08:36:34.927648+00	19	102
53	2026-01-13 08:36:34.935378+00	2026-01-13 08:36:34.935388+00	registered	2026-01-13 08:36:34.935403+00	19	103
54	2026-01-15 14:38:41.58023+00	2026-01-15 14:38:41.580248+00	registered	2026-01-15 14:38:41.580263+00	3	104
55	2026-01-15 14:38:41.590041+00	2026-01-15 14:38:41.590056+00	registered	2026-01-15 14:38:41.590067+00	3	105
56	2026-01-15 14:38:41.595687+00	2026-01-15 14:38:41.595695+00	registered	2026-01-15 14:38:41.595705+00	3	106
57	2026-01-15 14:38:41.620509+00	2026-01-15 14:38:41.62052+00	registered	2026-01-15 14:38:41.620534+00	19	107
58	2026-01-15 14:38:41.627405+00	2026-01-15 14:38:41.627419+00	registered	2026-01-15 14:38:41.627434+00	19	108
59	2026-01-15 14:38:41.636948+00	2026-01-15 14:38:41.636964+00	registered	2026-01-15 14:38:41.636986+00	19	3
60	2026-01-18 08:43:51.507174+00	2026-01-18 08:43:51.507188+00	registered	2026-01-18 08:43:51.507205+00	3	109
61	2026-01-18 08:43:51.511209+00	2026-01-18 08:43:51.51122+00	registered	2026-01-18 08:43:51.511236+00	3	110
62	2026-01-18 08:43:51.517336+00	2026-01-18 08:43:51.517347+00	registered	2026-01-18 08:43:51.517361+00	3	111
63	2026-01-18 08:43:51.538+00	2026-01-18 08:43:51.538009+00	registered	2026-01-18 08:43:51.53802+00	19	112
64	2026-01-18 08:43:51.541187+00	2026-01-18 08:43:51.541194+00	registered	2026-01-18 08:43:51.541204+00	19	113
65	2026-01-18 08:43:51.547218+00	2026-01-18 08:43:51.547225+00	registered	2026-01-18 08:43:51.547235+00	19	114
66	2026-01-18 15:21:33.387478+00	2026-01-18 15:21:33.387493+00	registered	2026-01-18 15:21:33.387509+00	19	4
67	2026-01-19 11:48:59.392128+00	2026-01-19 11:48:59.392138+00	registered	2026-01-19 11:48:59.392148+00	3	115
68	2026-01-19 11:48:59.400705+00	2026-01-19 11:48:59.400714+00	registered	2026-01-19 11:48:59.400724+00	3	116
69	2026-01-19 11:48:59.405441+00	2026-01-19 11:48:59.405449+00	registered	2026-01-19 11:48:59.405458+00	3	117
70	2026-01-19 11:48:59.420786+00	2026-01-19 11:48:59.420793+00	registered	2026-01-19 11:48:59.420802+00	19	118
71	2026-01-19 11:48:59.425669+00	2026-01-19 11:48:59.425677+00	registered	2026-01-19 11:48:59.425685+00	19	119
72	2026-01-19 11:48:59.430442+00	2026-01-19 11:48:59.43045+00	registered	2026-01-19 11:48:59.430458+00	19	120
73	2026-01-20 08:15:41.056942+00	2026-01-20 08:15:41.056961+00	registered	2026-01-20 08:15:41.05698+00	3	121
74	2026-01-20 08:15:41.064711+00	2026-01-20 08:15:41.064733+00	registered	2026-01-20 08:15:41.06475+00	3	122
75	2026-01-20 08:15:41.11233+00	2026-01-20 08:15:41.11235+00	registered	2026-01-20 08:15:41.112373+00	3	123
76	2026-01-20 08:15:41.221602+00	2026-01-20 08:15:41.221622+00	registered	2026-01-20 08:15:41.221643+00	19	124
77	2026-01-20 08:15:41.229728+00	2026-01-20 08:15:41.22975+00	registered	2026-01-20 08:15:41.229773+00	19	125
78	2026-01-20 08:15:41.294008+00	2026-01-20 08:15:41.294028+00	registered	2026-01-20 08:15:41.294048+00	19	126
79	2026-01-21 13:35:26.503333+00	2026-01-21 13:35:26.503345+00	registered	2026-01-21 13:35:26.50336+00	3	127
80	2026-01-21 13:35:26.512107+00	2026-01-21 13:35:26.512116+00	registered	2026-01-21 13:35:26.512126+00	3	128
81	2026-01-21 13:35:26.516765+00	2026-01-21 13:35:26.516772+00	registered	2026-01-21 13:35:26.516781+00	3	129
82	2026-01-21 13:35:26.533478+00	2026-01-21 13:35:26.533485+00	registered	2026-01-21 13:35:26.533493+00	19	130
83	2026-01-21 13:35:26.538982+00	2026-01-21 13:35:26.538988+00	registered	2026-01-21 13:35:26.538996+00	19	131
84	2026-01-21 13:35:26.544493+00	2026-01-21 13:35:26.5445+00	registered	2026-01-21 13:35:26.544508+00	19	132
85	2026-01-22 08:03:12.34365+00	2026-01-22 08:03:12.343665+00	registered	2026-01-22 08:03:12.343683+00	3	133
86	2026-01-22 08:03:12.3574+00	2026-01-22 08:03:12.357417+00	registered	2026-01-22 08:03:12.357438+00	3	134
87	2026-01-22 08:03:12.401985+00	2026-01-22 08:03:12.40201+00	registered	2026-01-22 08:03:12.40203+00	3	135
88	2026-01-22 08:03:12.448464+00	2026-01-22 08:03:12.448481+00	registered	2026-01-22 08:03:12.448496+00	19	136
89	2026-01-22 08:03:12.456022+00	2026-01-22 08:03:12.45604+00	registered	2026-01-22 08:03:12.456061+00	19	137
90	2026-01-22 08:03:12.480452+00	2026-01-22 08:03:12.48047+00	registered	2026-01-22 08:03:12.480489+00	19	138
91	2026-01-27 15:13:16.142492+00	2026-01-27 15:13:16.142519+00	registered	2026-01-27 15:13:16.142548+00	3	139
92	2026-01-27 15:13:16.33016+00	2026-01-27 15:13:16.330185+00	registered	2026-01-27 15:13:16.330212+00	3	140
93	2026-01-27 15:13:16.385356+00	2026-01-27 15:13:16.385382+00	registered	2026-01-27 15:13:16.38541+00	3	141
94	2026-01-27 15:13:16.467742+00	2026-01-27 15:13:16.467765+00	registered	2026-01-27 15:13:16.467791+00	19	142
95	2026-01-27 15:13:16.509867+00	2026-01-27 15:13:16.509895+00	registered	2026-01-27 15:13:16.509922+00	19	143
96	2026-01-27 15:13:16.531211+00	2026-01-27 15:13:16.531237+00	registered	2026-01-27 15:13:16.531267+00	19	144
97	2026-01-27 15:13:16.579142+00	2026-01-27 15:13:16.579164+00	registered	2026-01-27 15:13:16.57919+00	19	5
98	2026-01-27 15:13:16.587148+00	2026-01-27 15:13:16.587166+00	registered	2026-01-27 15:13:16.587185+00	19	6
99	2026-01-28 11:08:02.903113+00	2026-01-28 11:08:02.903128+00	registered	2026-01-28 11:08:02.903145+00	3	145
100	2026-01-28 11:08:02.911735+00	2026-01-28 11:08:02.911746+00	registered	2026-01-28 11:08:02.911761+00	3	146
101	2026-01-28 11:08:02.91794+00	2026-01-28 11:08:02.917952+00	registered	2026-01-28 11:08:02.917967+00	3	147
102	2026-01-28 11:08:02.936645+00	2026-01-28 11:08:02.936653+00	registered	2026-01-28 11:08:02.936664+00	19	148
103	2026-01-28 11:08:02.94184+00	2026-01-28 11:08:02.941847+00	registered	2026-01-28 11:08:02.941858+00	19	149
104	2026-01-28 11:08:02.947668+00	2026-01-28 11:08:02.947677+00	registered	2026-01-28 11:08:02.947689+00	19	150
105	2026-01-29 19:39:44.98553+00	2026-01-29 19:39:44.985544+00	registered	2026-01-29 19:39:44.98556+00	3	151
106	2026-01-29 19:39:45.000254+00	2026-01-29 19:39:45.000267+00	registered	2026-01-29 19:39:45.000282+00	3	152
107	2026-01-29 19:39:45.005906+00	2026-01-29 19:39:45.005937+00	registered	2026-01-29 19:39:45.005972+00	3	153
108	2026-01-29 19:39:45.033437+00	2026-01-29 19:39:45.033445+00	registered	2026-01-29 19:39:45.033454+00	19	154
109	2026-01-29 19:39:45.038939+00	2026-01-29 19:39:45.038952+00	registered	2026-01-29 19:39:45.038962+00	19	155
110	2026-01-29 19:39:45.046682+00	2026-01-29 19:39:45.046719+00	registered	2026-01-29 19:39:45.046734+00	19	156
111	2026-01-29 19:39:45.058951+00	2026-01-29 19:39:45.058986+00	registered	2026-01-29 19:39:45.059012+00	19	7
112	2026-02-02 11:02:43.847243+00	2026-02-02 11:02:43.847252+00	registered	2026-02-02 11:02:43.847265+00	3	157
113	2026-02-02 11:02:43.85516+00	2026-02-02 11:02:43.855169+00	registered	2026-02-02 11:02:43.855182+00	3	158
114	2026-02-02 11:02:43.85989+00	2026-02-02 11:02:43.859913+00	registered	2026-02-02 11:02:43.859922+00	3	159
115	2026-02-02 11:02:43.875996+00	2026-02-02 11:02:43.876007+00	registered	2026-02-02 11:02:43.876021+00	19	160
116	2026-02-02 11:02:43.882019+00	2026-02-02 11:02:43.882031+00	registered	2026-02-02 11:02:43.882047+00	19	161
117	2026-02-02 11:02:43.887537+00	2026-02-02 11:02:43.887546+00	registered	2026-02-02 11:02:43.887559+00	19	162
118	2026-02-02 11:02:43.893416+00	2026-02-02 11:02:43.893425+00	registered	2026-02-02 11:02:43.893437+00	19	8
119	2026-02-03 15:48:48.610937+00	2026-02-03 15:48:48.610946+00	registered	2026-02-03 15:48:48.610956+00	3	163
120	2026-02-03 15:48:48.617931+00	2026-02-03 15:48:48.617938+00	registered	2026-02-03 15:48:48.617947+00	3	164
121	2026-02-03 15:48:48.622093+00	2026-02-03 15:48:48.622099+00	registered	2026-02-03 15:48:48.622107+00	3	165
122	2026-02-03 15:48:48.637962+00	2026-02-03 15:48:48.637975+00	registered	2026-02-03 15:48:48.637989+00	19	166
123	2026-02-03 15:48:48.643875+00	2026-02-03 15:48:48.643886+00	registered	2026-02-03 15:48:48.6439+00	19	167
124	2026-02-03 15:48:48.649142+00	2026-02-03 15:48:48.649153+00	registered	2026-02-03 15:48:48.649166+00	19	168
125	2026-02-04 08:51:29.525066+00	2026-02-04 08:51:29.525079+00	registered	2026-02-04 08:51:29.525092+00	3	169
126	2026-02-04 08:51:29.529721+00	2026-02-04 08:51:29.529759+00	registered	2026-02-04 08:51:29.529776+00	3	170
127	2026-02-04 08:51:29.540979+00	2026-02-04 08:51:29.541009+00	registered	2026-02-04 08:51:29.541028+00	3	171
128	2026-02-04 08:51:29.566569+00	2026-02-04 08:51:29.566584+00	registered	2026-02-04 08:51:29.5666+00	19	172
129	2026-02-04 08:51:29.569818+00	2026-02-04 08:51:29.56983+00	registered	2026-02-04 08:51:29.569845+00	19	173
130	2026-02-04 08:51:29.577478+00	2026-02-04 08:51:29.577502+00	registered	2026-02-04 08:51:29.577523+00	19	174
\.


--
-- Data for Name: lms_tag; Type: TABLE DATA; Schema: public; Owner: postgres
--

COPY public.lms_tag (id, created_at, updated_at, name, slug) FROM stdin;
1	2026-01-03 02:12:13.529516+00	2026-01-03 02:12:13.529541+00	Python	python
2	2026-01-03 02:12:13.535105+00	2026-01-03 02:12:13.535117+00	JavaScript	javascript
3	2026-01-03 02:12:13.538093+00	2026-01-03 02:12:13.538104+00	Django	django
4	2026-01-03 02:12:13.541501+00	2026-01-03 02:12:13.541511+00	React	react
5	2026-01-03 02:12:13.546+00	2026-01-03 02:12:13.546021+00	Node.js	nodejs
6	2026-01-03 02:12:13.549815+00	2026-01-03 02:12:13.549831+00	Docker	docker
7	2026-01-03 02:12:13.552993+00	2026-01-03 02:12:13.553005+00	Kubernetes	kubernetes
8	2026-01-03 02:12:13.555935+00	2026-01-03 02:12:13.555945+00	TensorFlow	tensorflow
9	2026-01-04 08:24:35.772863+00	2026-01-04 08:24:35.77288+00	PostgreSQL	postgresql
10	2026-01-04 08:24:35.777409+00	2026-01-04 08:24:35.777423+00	Git	git
11	2026-01-04 08:24:35.780699+00	2026-01-04 08:24:35.780711+00	Shopify	shopify
\.


--
-- Data for Name: lms_wishlist; Type: TABLE DATA; Schema: public; Owner: postgres
--

COPY public.lms_wishlist (id, created_at, updated_at, course_id, user_id) FROM stdin;
1	2026-01-04 08:24:58.971071+00	2026-01-04 08:24:58.971085+00	21	2
2	2026-01-04 08:24:58.976866+00	2026-01-04 08:24:58.976879+00	2	2
3	2026-01-04 08:24:58.979848+00	2026-01-04 08:24:58.979858+00	4	2
5	2026-01-08 08:29:42.607024+00	2026-01-08 08:29:42.607049+00	24	2
6	2026-01-08 08:29:42.625247+00	2026-01-08 08:29:42.625276+00	25	2
7	2026-01-08 08:29:42.63482+00	2026-01-08 08:29:42.634846+00	19	2
8	2026-01-08 08:29:42.647578+00	2026-01-08 08:29:42.647611+00	23	2
9	2026-01-08 08:29:42.65448+00	2026-01-08 08:29:42.654507+00	16	5
10	2026-01-08 08:29:42.665365+00	2026-01-08 08:29:42.665395+00	9	5
11	2026-01-08 08:29:42.685308+00	2026-01-08 08:29:42.685333+00	16	6
12	2026-01-08 08:29:42.691647+00	2026-01-08 08:29:42.69168+00	19	6
13	2026-01-08 08:29:42.701187+00	2026-01-08 08:29:42.701242+00	19	7
14	2026-01-08 08:29:42.715124+00	2026-01-08 08:29:42.715148+00	1	7
15	2026-01-08 08:29:42.723851+00	2026-01-08 08:29:42.723885+00	25	7
16	2026-01-08 08:29:42.732199+00	2026-01-08 08:29:42.732223+00	21	8
17	2026-01-08 08:29:42.750011+00	2026-01-08 08:29:42.750051+00	24	8
18	2026-01-08 08:29:42.76331+00	2026-01-08 08:29:42.763333+00	1	9
19	2026-01-08 08:29:42.772196+00	2026-01-08 08:29:42.772219+00	25	9
20	2026-01-08 08:29:42.777786+00	2026-01-08 08:29:42.777813+00	19	9
21	2026-01-08 12:16:14.830129+00	2026-01-08 12:16:14.83014+00	16	2
22	2026-01-08 12:16:14.834409+00	2026-01-08 12:16:14.834417+00	4	5
23	2026-01-08 12:16:14.837334+00	2026-01-08 12:16:14.83734+00	22	5
24	2026-01-08 12:16:14.840052+00	2026-01-08 12:16:14.840058+00	24	5
25	2026-01-08 12:16:14.843165+00	2026-01-08 12:16:14.843173+00	2	6
26	2026-01-08 12:16:14.845601+00	2026-01-08 12:16:14.845607+00	1	6
27	2026-01-08 12:16:14.84858+00	2026-01-08 12:16:14.848586+00	21	7
28	2026-01-08 12:16:14.852173+00	2026-01-08 12:16:14.852186+00	22	8
29	2026-01-08 12:16:14.854999+00	2026-01-08 12:16:14.855013+00	5	8
30	2026-01-08 12:16:14.858234+00	2026-01-08 12:16:14.858243+00	21	9
31	2026-01-08 12:16:14.860674+00	2026-01-08 12:16:14.860682+00	22	9
32	2026-01-08 14:33:21.419497+00	2026-01-08 14:33:21.419509+00	5	2
33	2026-01-08 14:33:21.424716+00	2026-01-08 14:33:21.424729+00	2	5
34	2026-01-08 14:33:21.428419+00	2026-01-08 14:33:21.428433+00	23	5
35	2026-01-08 14:33:21.432005+00	2026-01-08 14:33:21.432016+00	5	6
36	2026-01-08 14:33:21.434484+00	2026-01-08 14:33:21.434492+00	22	6
37	2026-01-08 14:33:21.437243+00	2026-01-08 14:33:21.43725+00	2	7
38	2026-01-08 14:33:21.439565+00	2026-01-08 14:33:21.439572+00	16	7
39	2026-01-08 14:33:21.442239+00	2026-01-08 14:33:21.442248+00	5	7
40	2026-01-08 14:33:21.446441+00	2026-01-08 14:33:21.44646+00	23	8
41	2026-01-08 14:33:21.45011+00	2026-01-08 14:33:21.450127+00	19	8
42	2026-01-08 14:33:21.453588+00	2026-01-08 14:33:21.453602+00	1	8
43	2026-01-08 14:33:21.457046+00	2026-01-08 14:33:21.457056+00	24	9
44	2026-01-08 14:33:21.459769+00	2026-01-08 14:33:21.459778+00	2	9
45	2026-01-08 14:33:21.46331+00	2026-01-08 14:33:21.463325+00	5	9
46	2026-01-08 14:33:21.46658+00	2026-01-08 14:33:21.466591+00	9	9
47	2026-01-09 11:46:53.729114+00	2026-01-09 11:46:53.729123+00	1	2
48	2026-01-09 11:46:53.732749+00	2026-01-09 11:46:53.732762+00	25	5
49	2026-01-09 11:46:53.735489+00	2026-01-09 11:46:53.735502+00	21	5
50	2026-01-09 11:46:53.738568+00	2026-01-09 11:46:53.738576+00	23	6
51	2026-01-09 11:46:53.740997+00	2026-01-09 11:46:53.741003+00	4	7
52	2026-01-09 12:22:24.585031+00	2026-01-09 12:22:24.585042+00	9	2
53	2026-01-09 12:22:24.589217+00	2026-01-09 12:22:24.589228+00	22	2
54	2026-01-09 12:22:24.59459+00	2026-01-09 12:22:24.5946+00	22	7
55	2026-01-09 12:22:24.59775+00	2026-01-09 12:22:24.597757+00	9	8
56	2026-01-09 12:22:24.602663+00	2026-01-09 12:22:24.60267+00	4	9
57	2026-01-09 12:48:59.305779+00	2026-01-09 12:48:59.305804+00	1	5
58	2026-01-09 12:48:59.312968+00	2026-01-09 12:48:59.313025+00	5	5
59	2026-01-09 12:48:59.319422+00	2026-01-09 12:48:59.319439+00	24	6
60	2026-01-09 12:48:59.323786+00	2026-01-09 12:48:59.3238+00	9	6
61	2026-01-09 12:48:59.329086+00	2026-01-09 12:48:59.329103+00	4	8
62	2026-01-09 12:53:20.575351+00	2026-01-09 12:53:20.575361+00	19	5
63	2026-01-09 12:53:20.583005+00	2026-01-09 12:53:20.583021+00	23	7
64	2026-01-09 12:53:20.5882+00	2026-01-09 12:53:20.58821+00	16	8
65	2026-01-09 13:09:33.677224+00	2026-01-09 13:09:33.677237+00	9	7
66	2026-01-09 13:09:33.681712+00	2026-01-09 13:09:33.681722+00	2	8
67	2026-01-09 13:16:13.706607+00	2026-01-09 13:16:13.70667+00	5	1
68	2026-01-09 14:17:48.34715+00	2026-01-09 14:17:48.347173+00	4	6
69	2026-01-09 14:17:48.364832+00	2026-01-09 14:17:48.364852+00	25	8
70	2026-01-09 14:17:48.379043+00	2026-01-09 14:17:48.379068+00	16	9
71	2026-01-09 15:07:49.829722+00	2026-01-09 15:07:49.82973+00	25	6
72	2026-01-09 15:07:49.834789+00	2026-01-09 15:07:49.834797+00	24	7
73	2026-01-09 15:07:49.841073+00	2026-01-09 15:07:49.841079+00	23	9
74	2026-01-12 13:44:34.615123+00	2026-01-12 13:44:34.615139+00	21	6
\.


--
-- Name: auth_group_id_seq; Type: SEQUENCE SET; Schema: public; Owner: postgres
--

SELECT pg_catalog.setval('public.auth_group_id_seq', 1, false);


--
-- Name: auth_group_permissions_id_seq; Type: SEQUENCE SET; Schema: public; Owner: postgres
--

SELECT pg_catalog.setval('public.auth_group_permissions_id_seq', 1, false);


--
-- Name: auth_permission_id_seq; Type: SEQUENCE SET; Schema: public; Owner: postgres
--

SELECT pg_catalog.setval('public.auth_permission_id_seq', 168, true);


--
-- Name: auth_user_groups_id_seq; Type: SEQUENCE SET; Schema: public; Owner: postgres
--

SELECT pg_catalog.setval('public.auth_user_groups_id_seq', 1, false);


--
-- Name: auth_user_id_seq; Type: SEQUENCE SET; Schema: public; Owner: postgres
--

SELECT pg_catalog.setval('public.auth_user_id_seq', 14, true);


--
-- Name: auth_user_user_permissions_id_seq; Type: SEQUENCE SET; Schema: public; Owner: postgres
--

SELECT pg_catalog.setval('public.auth_user_user_permissions_id_seq', 1, false);


--
-- Name: django_admin_log_id_seq; Type: SEQUENCE SET; Schema: public; Owner: postgres
--

SELECT pg_catalog.setval('public.django_admin_log_id_seq', 4, true);


--
-- Name: django_content_type_id_seq; Type: SEQUENCE SET; Schema: public; Owner: postgres
--

SELECT pg_catalog.setval('public.django_content_type_id_seq', 42, true);


--
-- Name: django_migrations_id_seq; Type: SEQUENCE SET; Schema: public; Owner: postgres
--

SELECT pg_catalog.setval('public.django_migrations_id_seq', 27, true);


--
-- Name: lms_announcement_id_seq; Type: SEQUENCE SET; Schema: public; Owner: postgres
--

SELECT pg_catalog.setval('public.lms_announcement_id_seq', 37, true);


--
-- Name: lms_assignment_id_seq; Type: SEQUENCE SET; Schema: public; Owner: postgres
--

SELECT pg_catalog.setval('public.lms_assignment_id_seq', 12, true);


--
-- Name: lms_assignmentsubmission_id_seq; Type: SEQUENCE SET; Schema: public; Owner: postgres
--

SELECT pg_catalog.setval('public.lms_assignmentsubmission_id_seq', 5, true);


--
-- Name: lms_attendance_id_seq; Type: SEQUENCE SET; Schema: public; Owner: postgres
--

SELECT pg_catalog.setval('public.lms_attendance_id_seq', 119, true);


--
-- Name: lms_batch_id_seq; Type: SEQUENCE SET; Schema: public; Owner: postgres
--

SELECT pg_catalog.setval('public.lms_batch_id_seq', 6, true);


--
-- Name: lms_batchsession_id_seq; Type: SEQUENCE SET; Schema: public; Owner: postgres
--

SELECT pg_catalog.setval('public.lms_batchsession_id_seq', 174, true);


--
-- Name: lms_cart_id_seq; Type: SEQUENCE SET; Schema: public; Owner: postgres
--

SELECT pg_catalog.setval('public.lms_cart_id_seq', 12, true);


--
-- Name: lms_cartitem_id_seq; Type: SEQUENCE SET; Schema: public; Owner: postgres
--

SELECT pg_catalog.setval('public.lms_cartitem_id_seq', 110, true);


--
-- Name: lms_category_id_seq; Type: SEQUENCE SET; Schema: public; Owner: postgres
--

SELECT pg_catalog.setval('public.lms_category_id_seq', 10, true);


--
-- Name: lms_certificate_id_seq; Type: SEQUENCE SET; Schema: public; Owner: postgres
--

SELECT pg_catalog.setval('public.lms_certificate_id_seq', 1, true);


--
-- Name: lms_course_id_seq; Type: SEQUENCE SET; Schema: public; Owner: postgres
--

SELECT pg_catalog.setval('public.lms_course_id_seq', 28, true);


--
-- Name: lms_coursecategory_id_seq; Type: SEQUENCE SET; Schema: public; Owner: postgres
--

SELECT pg_catalog.setval('public.lms_coursecategory_id_seq', 25, true);


--
-- Name: lms_coursesection_id_seq; Type: SEQUENCE SET; Schema: public; Owner: postgres
--

SELECT pg_catalog.setval('public.lms_coursesection_id_seq', 144, true);


--
-- Name: lms_coursetag_id_seq; Type: SEQUENCE SET; Schema: public; Owner: postgres
--

SELECT pg_catalog.setval('public.lms_coursetag_id_seq', 42, true);


--
-- Name: lms_enrollment_id_seq; Type: SEQUENCE SET; Schema: public; Owner: postgres
--

SELECT pg_catalog.setval('public.lms_enrollment_id_seq', 25, true);


--
-- Name: lms_forum_id_seq; Type: SEQUENCE SET; Schema: public; Owner: postgres
--

SELECT pg_catalog.setval('public.lms_forum_id_seq', 3, true);


--
-- Name: lms_lecture_id_seq; Type: SEQUENCE SET; Schema: public; Owner: postgres
--

SELECT pg_catalog.setval('public.lms_lecture_id_seq', 445, true);


--
-- Name: lms_lectureprogress_id_seq; Type: SEQUENCE SET; Schema: public; Owner: postgres
--

SELECT pg_catalog.setval('public.lms_lectureprogress_id_seq', 30, true);


--
-- Name: lms_note_id_seq; Type: SEQUENCE SET; Schema: public; Owner: postgres
--

SELECT pg_catalog.setval('public.lms_note_id_seq', 9, true);


--
-- Name: lms_notification_id_seq; Type: SEQUENCE SET; Schema: public; Owner: postgres
--

SELECT pg_catalog.setval('public.lms_notification_id_seq', 1, true);


--
-- Name: lms_payment_id_seq; Type: SEQUENCE SET; Schema: public; Owner: postgres
--

SELECT pg_catalog.setval('public.lms_payment_id_seq', 64, true);


--
-- Name: lms_post_id_seq; Type: SEQUENCE SET; Schema: public; Owner: postgres
--

SELECT pg_catalog.setval('public.lms_post_id_seq', 3, true);


--
-- Name: lms_prerequisite_id_seq; Type: SEQUENCE SET; Schema: public; Owner: postgres
--

SELECT pg_catalog.setval('public.lms_prerequisite_id_seq', 1, false);


--
-- Name: lms_qanda_id_seq; Type: SEQUENCE SET; Schema: public; Owner: postgres
--

SELECT pg_catalog.setval('public.lms_qanda_id_seq', 41, true);


--
-- Name: lms_question_id_seq; Type: SEQUENCE SET; Schema: public; Owner: postgres
--

SELECT pg_catalog.setval('public.lms_question_id_seq', 47, true);


--
-- Name: lms_questionoption_id_seq; Type: SEQUENCE SET; Schema: public; Owner: postgres
--

SELECT pg_catalog.setval('public.lms_questionoption_id_seq', 138, true);


--
-- Name: lms_quiz_id_seq; Type: SEQUENCE SET; Schema: public; Owner: postgres
--

SELECT pg_catalog.setval('public.lms_quiz_id_seq', 14, true);


--
-- Name: lms_quizattempt_id_seq; Type: SEQUENCE SET; Schema: public; Owner: postgres
--

SELECT pg_catalog.setval('public.lms_quizattempt_id_seq', 38, true);


--
-- Name: lms_reply_id_seq; Type: SEQUENCE SET; Schema: public; Owner: postgres
--

SELECT pg_catalog.setval('public.lms_reply_id_seq', 1, false);


--
-- Name: lms_resource_id_seq; Type: SEQUENCE SET; Schema: public; Owner: postgres
--

SELECT pg_catalog.setval('public.lms_resource_id_seq', 3, true);


--
-- Name: lms_review_id_seq; Type: SEQUENCE SET; Schema: public; Owner: postgres
--

SELECT pg_catalog.setval('public.lms_review_id_seq', 18, true);


--
-- Name: lms_sessionregistration_id_seq; Type: SEQUENCE SET; Schema: public; Owner: postgres
--

SELECT pg_catalog.setval('public.lms_sessionregistration_id_seq', 130, true);


--
-- Name: lms_tag_id_seq; Type: SEQUENCE SET; Schema: public; Owner: postgres
--

SELECT pg_catalog.setval('public.lms_tag_id_seq', 11, true);


--
-- Name: lms_wishlist_id_seq; Type: SEQUENCE SET; Schema: public; Owner: postgres
--

SELECT pg_catalog.setval('public.lms_wishlist_id_seq', 74, true);


--
-- Name: auth_group auth_group_name_key; Type: CONSTRAINT; Schema: public; Owner: postgres
--

ALTER TABLE ONLY public.auth_group
    ADD CONSTRAINT auth_group_name_key UNIQUE (name);


--
-- Name: auth_group_permissions auth_group_permissions_group_id_permission_id_0cd325b0_uniq; Type: CONSTRAINT; Schema: public; Owner: postgres
--

ALTER TABLE ONLY public.auth_group_permissions
    ADD CONSTRAINT auth_group_permissions_group_id_permission_id_0cd325b0_uniq UNIQUE (group_id, permission_id);


--
-- Name: auth_group_permissions auth_group_permissions_pkey; Type: CONSTRAINT; Schema: public; Owner: postgres
--

ALTER TABLE ONLY public.auth_group_permissions
    ADD CONSTRAINT auth_group_permissions_pkey PRIMARY KEY (id);


--
-- Name: auth_group auth_group_pkey; Type: CONSTRAINT; Schema: public; Owner: postgres
--

ALTER TABLE ONLY public.auth_group
    ADD CONSTRAINT auth_group_pkey PRIMARY KEY (id);


--
-- Name: auth_permission auth_permission_content_type_id_codename_01ab375a_uniq; Type: CONSTRAINT; Schema: public; Owner: postgres
--

ALTER TABLE ONLY public.auth_permission
    ADD CONSTRAINT auth_permission_content_type_id_codename_01ab375a_uniq UNIQUE (content_type_id, codename);


--
-- Name: auth_permission auth_permission_pkey; Type: CONSTRAINT; Schema: public; Owner: postgres
--

ALTER TABLE ONLY public.auth_permission
    ADD CONSTRAINT auth_permission_pkey PRIMARY KEY (id);


--
-- Name: auth_user_groups auth_user_groups_pkey; Type: CONSTRAINT; Schema: public; Owner: postgres
--

ALTER TABLE ONLY public.auth_user_groups
    ADD CONSTRAINT auth_user_groups_pkey PRIMARY KEY (id);


--
-- Name: auth_user_groups auth_user_groups_user_id_group_id_94350c0c_uniq; Type: CONSTRAINT; Schema: public; Owner: postgres
--

ALTER TABLE ONLY public.auth_user_groups
    ADD CONSTRAINT auth_user_groups_user_id_group_id_94350c0c_uniq UNIQUE (user_id, group_id);


--
-- Name: auth_user auth_user_pkey; Type: CONSTRAINT; Schema: public; Owner: postgres
--

ALTER TABLE ONLY public.auth_user
    ADD CONSTRAINT auth_user_pkey PRIMARY KEY (id);


--
-- Name: auth_user_user_permissions auth_user_user_permissions_pkey; Type: CONSTRAINT; Schema: public; Owner: postgres
--

ALTER TABLE ONLY public.auth_user_user_permissions
    ADD CONSTRAINT auth_user_user_permissions_pkey PRIMARY KEY (id);


--
-- Name: auth_user_user_permissions auth_user_user_permissions_user_id_permission_id_14a6b632_uniq; Type: CONSTRAINT; Schema: public; Owner: postgres
--

ALTER TABLE ONLY public.auth_user_user_permissions
    ADD CONSTRAINT auth_user_user_permissions_user_id_permission_id_14a6b632_uniq UNIQUE (user_id, permission_id);


--
-- Name: auth_user auth_user_username_key; Type: CONSTRAINT; Schema: public; Owner: postgres
--

ALTER TABLE ONLY public.auth_user
    ADD CONSTRAINT auth_user_username_key UNIQUE (username);


--
-- Name: authtoken_token authtoken_token_pkey; Type: CONSTRAINT; Schema: public; Owner: postgres
--

ALTER TABLE ONLY public.authtoken_token
    ADD CONSTRAINT authtoken_token_pkey PRIMARY KEY (key);


--
-- Name: authtoken_token authtoken_token_user_id_key; Type: CONSTRAINT; Schema: public; Owner: postgres
--

ALTER TABLE ONLY public.authtoken_token
    ADD CONSTRAINT authtoken_token_user_id_key UNIQUE (user_id);


--
-- Name: django_admin_log django_admin_log_pkey; Type: CONSTRAINT; Schema: public; Owner: postgres
--

ALTER TABLE ONLY public.django_admin_log
    ADD CONSTRAINT django_admin_log_pkey PRIMARY KEY (id);


--
-- Name: django_content_type django_content_type_app_label_model_76bd3d3b_uniq; Type: CONSTRAINT; Schema: public; Owner: postgres
--

ALTER TABLE ONLY public.django_content_type
    ADD CONSTRAINT django_content_type_app_label_model_76bd3d3b_uniq UNIQUE (app_label, model);


--
-- Name: django_content_type django_content_type_pkey; Type: CONSTRAINT; Schema: public; Owner: postgres
--

ALTER TABLE ONLY public.django_content_type
    ADD CONSTRAINT django_content_type_pkey PRIMARY KEY (id);


--
-- Name: django_migrations django_migrations_pkey; Type: CONSTRAINT; Schema: public; Owner: postgres
--

ALTER TABLE ONLY public.django_migrations
    ADD CONSTRAINT django_migrations_pkey PRIMARY KEY (id);


--
-- Name: django_session django_session_pkey; Type: CONSTRAINT; Schema: public; Owner: postgres
--

ALTER TABLE ONLY public.django_session
    ADD CONSTRAINT django_session_pkey PRIMARY KEY (session_key);


--
-- Name: lms_announcement lms_announcement_pkey; Type: CONSTRAINT; Schema: public; Owner: postgres
--

ALTER TABLE ONLY public.lms_announcement
    ADD CONSTRAINT lms_announcement_pkey PRIMARY KEY (id);


--
-- Name: lms_assignment lms_assignment_pkey; Type: CONSTRAINT; Schema: public; Owner: postgres
--

ALTER TABLE ONLY public.lms_assignment
    ADD CONSTRAINT lms_assignment_pkey PRIMARY KEY (id);


--
-- Name: lms_assignmentsubmission lms_assignmentsubmission_enrollment_id_assignment_7a97b568_uniq; Type: CONSTRAINT; Schema: public; Owner: postgres
--

ALTER TABLE ONLY public.lms_assignmentsubmission
    ADD CONSTRAINT lms_assignmentsubmission_enrollment_id_assignment_7a97b568_uniq UNIQUE (enrollment_id, assignment_id);


--
-- Name: lms_assignmentsubmission lms_assignmentsubmission_pkey; Type: CONSTRAINT; Schema: public; Owner: postgres
--

ALTER TABLE ONLY public.lms_assignmentsubmission
    ADD CONSTRAINT lms_assignmentsubmission_pkey PRIMARY KEY (id);


--
-- Name: lms_attendance lms_attendance_enrollment_id_session_id_0952adfc_uniq; Type: CONSTRAINT; Schema: public; Owner: postgres
--

ALTER TABLE ONLY public.lms_attendance
    ADD CONSTRAINT lms_attendance_enrollment_id_session_id_0952adfc_uniq UNIQUE (enrollment_id, session_id);


--
-- Name: lms_attendance lms_attendance_pkey; Type: CONSTRAINT; Schema: public; Owner: postgres
--

ALTER TABLE ONLY public.lms_attendance
    ADD CONSTRAINT lms_attendance_pkey PRIMARY KEY (id);


--
-- Name: lms_batch lms_batch_pkey; Type: CONSTRAINT; Schema: public; Owner: postgres
--

ALTER TABLE ONLY public.lms_batch
    ADD CONSTRAINT lms_batch_pkey PRIMARY KEY (id);


--
-- Name: lms_batchsession lms_batchsession_batch_id_session_number__62e46ab8_uniq; Type: CONSTRAINT; Schema: public; Owner: postgres
--

ALTER TABLE ONLY public.lms_batchsession
    ADD CONSTRAINT lms_batchsession_batch_id_session_number__62e46ab8_uniq UNIQUE (batch_id, session_number, start_datetime);


--
-- Name: lms_batchsession lms_batchsession_pkey; Type: CONSTRAINT; Schema: public; Owner: postgres
--

ALTER TABLE ONLY public.lms_batchsession
    ADD CONSTRAINT lms_batchsession_pkey PRIMARY KEY (id);


--
-- Name: lms_cart lms_cart_pkey; Type: CONSTRAINT; Schema: public; Owner: postgres
--

ALTER TABLE ONLY public.lms_cart
    ADD CONSTRAINT lms_cart_pkey PRIMARY KEY (id);


--
-- Name: lms_cart lms_cart_user_id_key; Type: CONSTRAINT; Schema: public; Owner: postgres
--

ALTER TABLE ONLY public.lms_cart
    ADD CONSTRAINT lms_cart_user_id_key UNIQUE (user_id);


--
-- Name: lms_cartitem lms_cartitem_cart_id_course_id_4e5ed73f_uniq; Type: CONSTRAINT; Schema: public; Owner: postgres
--

ALTER TABLE ONLY public.lms_cartitem
    ADD CONSTRAINT lms_cartitem_cart_id_course_id_4e5ed73f_uniq UNIQUE (cart_id, course_id);


--
-- Name: lms_cartitem lms_cartitem_pkey; Type: CONSTRAINT; Schema: public; Owner: postgres
--

ALTER TABLE ONLY public.lms_cartitem
    ADD CONSTRAINT lms_cartitem_pkey PRIMARY KEY (id);


--
-- Name: lms_category lms_category_name_key; Type: CONSTRAINT; Schema: public; Owner: postgres
--

ALTER TABLE ONLY public.lms_category
    ADD CONSTRAINT lms_category_name_key UNIQUE (name);


--
-- Name: lms_category lms_category_pkey; Type: CONSTRAINT; Schema: public; Owner: postgres
--

ALTER TABLE ONLY public.lms_category
    ADD CONSTRAINT lms_category_pkey PRIMARY KEY (id);


--
-- Name: lms_category lms_category_slug_key; Type: CONSTRAINT; Schema: public; Owner: postgres
--

ALTER TABLE ONLY public.lms_category
    ADD CONSTRAINT lms_category_slug_key UNIQUE (slug);


--
-- Name: lms_certificate lms_certificate_certificate_number_key; Type: CONSTRAINT; Schema: public; Owner: postgres
--

ALTER TABLE ONLY public.lms_certificate
    ADD CONSTRAINT lms_certificate_certificate_number_key UNIQUE (certificate_number);


--
-- Name: lms_certificate lms_certificate_enrollment_id_key; Type: CONSTRAINT; Schema: public; Owner: postgres
--

ALTER TABLE ONLY public.lms_certificate
    ADD CONSTRAINT lms_certificate_enrollment_id_key UNIQUE (enrollment_id);


--
-- Name: lms_certificate lms_certificate_pkey; Type: CONSTRAINT; Schema: public; Owner: postgres
--

ALTER TABLE ONLY public.lms_certificate
    ADD CONSTRAINT lms_certificate_pkey PRIMARY KEY (id);


--
-- Name: lms_course lms_course_pkey; Type: CONSTRAINT; Schema: public; Owner: postgres
--

ALTER TABLE ONLY public.lms_course
    ADD CONSTRAINT lms_course_pkey PRIMARY KEY (id);


--
-- Name: lms_course lms_course_slug_key; Type: CONSTRAINT; Schema: public; Owner: postgres
--

ALTER TABLE ONLY public.lms_course
    ADD CONSTRAINT lms_course_slug_key UNIQUE (slug);


--
-- Name: lms_coursecategory lms_coursecategory_course_id_category_id_add64c39_uniq; Type: CONSTRAINT; Schema: public; Owner: postgres
--

ALTER TABLE ONLY public.lms_coursecategory
    ADD CONSTRAINT lms_coursecategory_course_id_category_id_add64c39_uniq UNIQUE (course_id, category_id);


--
-- Name: lms_coursecategory lms_coursecategory_pkey; Type: CONSTRAINT; Schema: public; Owner: postgres
--

ALTER TABLE ONLY public.lms_coursecategory
    ADD CONSTRAINT lms_coursecategory_pkey PRIMARY KEY (id);


--
-- Name: lms_coursesection lms_coursesection_pkey; Type: CONSTRAINT; Schema: public; Owner: postgres
--

ALTER TABLE ONLY public.lms_coursesection
    ADD CONSTRAINT lms_coursesection_pkey PRIMARY KEY (id);


--
-- Name: lms_coursetag lms_coursetag_course_id_tag_id_938f9835_uniq; Type: CONSTRAINT; Schema: public; Owner: postgres
--

ALTER TABLE ONLY public.lms_coursetag
    ADD CONSTRAINT lms_coursetag_course_id_tag_id_938f9835_uniq UNIQUE (course_id, tag_id);


--
-- Name: lms_coursetag lms_coursetag_pkey; Type: CONSTRAINT; Schema: public; Owner: postgres
--

ALTER TABLE ONLY public.lms_coursetag
    ADD CONSTRAINT lms_coursetag_pkey PRIMARY KEY (id);


--
-- Name: lms_enrollment lms_enrollment_pkey; Type: CONSTRAINT; Schema: public; Owner: postgres
--

ALTER TABLE ONLY public.lms_enrollment
    ADD CONSTRAINT lms_enrollment_pkey PRIMARY KEY (id);


--
-- Name: lms_enrollment lms_enrollment_user_id_course_id_a40f2752_uniq; Type: CONSTRAINT; Schema: public; Owner: postgres
--

ALTER TABLE ONLY public.lms_enrollment
    ADD CONSTRAINT lms_enrollment_user_id_course_id_a40f2752_uniq UNIQUE (user_id, course_id);


--
-- Name: lms_forum lms_forum_course_id_key; Type: CONSTRAINT; Schema: public; Owner: postgres
--

ALTER TABLE ONLY public.lms_forum
    ADD CONSTRAINT lms_forum_course_id_key UNIQUE (course_id);


--
-- Name: lms_forum lms_forum_pkey; Type: CONSTRAINT; Schema: public; Owner: postgres
--

ALTER TABLE ONLY public.lms_forum
    ADD CONSTRAINT lms_forum_pkey PRIMARY KEY (id);


--
-- Name: lms_lecture lms_lecture_pkey; Type: CONSTRAINT; Schema: public; Owner: postgres
--

ALTER TABLE ONLY public.lms_lecture
    ADD CONSTRAINT lms_lecture_pkey PRIMARY KEY (id);


--
-- Name: lms_lectureprogress lms_lectureprogress_enrollment_id_lecture_id_6bebcb35_uniq; Type: CONSTRAINT; Schema: public; Owner: postgres
--

ALTER TABLE ONLY public.lms_lectureprogress
    ADD CONSTRAINT lms_lectureprogress_enrollment_id_lecture_id_6bebcb35_uniq UNIQUE (enrollment_id, lecture_id);


--
-- Name: lms_lectureprogress lms_lectureprogress_pkey; Type: CONSTRAINT; Schema: public; Owner: postgres
--

ALTER TABLE ONLY public.lms_lectureprogress
    ADD CONSTRAINT lms_lectureprogress_pkey PRIMARY KEY (id);


--
-- Name: lms_note lms_note_pkey; Type: CONSTRAINT; Schema: public; Owner: postgres
--

ALTER TABLE ONLY public.lms_note
    ADD CONSTRAINT lms_note_pkey PRIMARY KEY (id);


--
-- Name: lms_notification lms_notification_pkey; Type: CONSTRAINT; Schema: public; Owner: postgres
--

ALTER TABLE ONLY public.lms_notification
    ADD CONSTRAINT lms_notification_pkey PRIMARY KEY (id);


--
-- Name: lms_payment lms_payment_pkey; Type: CONSTRAINT; Schema: public; Owner: postgres
--

ALTER TABLE ONLY public.lms_payment
    ADD CONSTRAINT lms_payment_pkey PRIMARY KEY (id);


--
-- Name: lms_post lms_post_pkey; Type: CONSTRAINT; Schema: public; Owner: postgres
--

ALTER TABLE ONLY public.lms_post
    ADD CONSTRAINT lms_post_pkey PRIMARY KEY (id);


--
-- Name: lms_prerequisite lms_prerequisite_course_id_required_course_id_948a6fec_uniq; Type: CONSTRAINT; Schema: public; Owner: postgres
--

ALTER TABLE ONLY public.lms_prerequisite
    ADD CONSTRAINT lms_prerequisite_course_id_required_course_id_948a6fec_uniq UNIQUE (course_id, required_course_id);


--
-- Name: lms_prerequisite lms_prerequisite_pkey; Type: CONSTRAINT; Schema: public; Owner: postgres
--

ALTER TABLE ONLY public.lms_prerequisite
    ADD CONSTRAINT lms_prerequisite_pkey PRIMARY KEY (id);


--
-- Name: lms_qanda lms_qanda_pkey; Type: CONSTRAINT; Schema: public; Owner: postgres
--

ALTER TABLE ONLY public.lms_qanda
    ADD CONSTRAINT lms_qanda_pkey PRIMARY KEY (id);


--
-- Name: lms_question lms_question_pkey; Type: CONSTRAINT; Schema: public; Owner: postgres
--

ALTER TABLE ONLY public.lms_question
    ADD CONSTRAINT lms_question_pkey PRIMARY KEY (id);


--
-- Name: lms_questionoption lms_questionoption_pkey; Type: CONSTRAINT; Schema: public; Owner: postgres
--

ALTER TABLE ONLY public.lms_questionoption
    ADD CONSTRAINT lms_questionoption_pkey PRIMARY KEY (id);


--
-- Name: lms_quiz lms_quiz_pkey; Type: CONSTRAINT; Schema: public; Owner: postgres
--

ALTER TABLE ONLY public.lms_quiz
    ADD CONSTRAINT lms_quiz_pkey PRIMARY KEY (id);


--
-- Name: lms_quizattempt lms_quizattempt_pkey; Type: CONSTRAINT; Schema: public; Owner: postgres
--

ALTER TABLE ONLY public.lms_quizattempt
    ADD CONSTRAINT lms_quizattempt_pkey PRIMARY KEY (id);


--
-- Name: lms_reply lms_reply_pkey; Type: CONSTRAINT; Schema: public; Owner: postgres
--

ALTER TABLE ONLY public.lms_reply
    ADD CONSTRAINT lms_reply_pkey PRIMARY KEY (id);


--
-- Name: lms_resource lms_resource_pkey; Type: CONSTRAINT; Schema: public; Owner: postgres
--

ALTER TABLE ONLY public.lms_resource
    ADD CONSTRAINT lms_resource_pkey PRIMARY KEY (id);


--
-- Name: lms_review lms_review_pkey; Type: CONSTRAINT; Schema: public; Owner: postgres
--

ALTER TABLE ONLY public.lms_review
    ADD CONSTRAINT lms_review_pkey PRIMARY KEY (id);


--
-- Name: lms_review lms_review_user_id_course_id_44daccc1_uniq; Type: CONSTRAINT; Schema: public; Owner: postgres
--

ALTER TABLE ONLY public.lms_review
    ADD CONSTRAINT lms_review_user_id_course_id_44daccc1_uniq UNIQUE (user_id, course_id);


--
-- Name: lms_sessionregistration lms_sessionregistration_enrollment_id_session_id_9bd654e6_uniq; Type: CONSTRAINT; Schema: public; Owner: postgres
--

ALTER TABLE ONLY public.lms_sessionregistration
    ADD CONSTRAINT lms_sessionregistration_enrollment_id_session_id_9bd654e6_uniq UNIQUE (enrollment_id, session_id);


--
-- Name: lms_sessionregistration lms_sessionregistration_pkey; Type: CONSTRAINT; Schema: public; Owner: postgres
--

ALTER TABLE ONLY public.lms_sessionregistration
    ADD CONSTRAINT lms_sessionregistration_pkey PRIMARY KEY (id);


--
-- Name: lms_tag lms_tag_name_key; Type: CONSTRAINT; Schema: public; Owner: postgres
--

ALTER TABLE ONLY public.lms_tag
    ADD CONSTRAINT lms_tag_name_key UNIQUE (name);


--
-- Name: lms_tag lms_tag_pkey; Type: CONSTRAINT; Schema: public; Owner: postgres
--

ALTER TABLE ONLY public.lms_tag
    ADD CONSTRAINT lms_tag_pkey PRIMARY KEY (id);


--
-- Name: lms_tag lms_tag_slug_key; Type: CONSTRAINT; Schema: public; Owner: postgres
--

ALTER TABLE ONLY public.lms_tag
    ADD CONSTRAINT lms_tag_slug_key UNIQUE (slug);


--
-- Name: lms_wishlist lms_wishlist_pkey; Type: CONSTRAINT; Schema: public; Owner: postgres
--

ALTER TABLE ONLY public.lms_wishlist
    ADD CONSTRAINT lms_wishlist_pkey PRIMARY KEY (id);


--
-- Name: lms_wishlist lms_wishlist_user_id_course_id_ef0c1892_uniq; Type: CONSTRAINT; Schema: public; Owner: postgres
--

ALTER TABLE ONLY public.lms_wishlist
    ADD CONSTRAINT lms_wishlist_user_id_course_id_ef0c1892_uniq UNIQUE (user_id, course_id);


--
-- Name: auth_group_name_a6ea08ec_like; Type: INDEX; Schema: public; Owner: postgres
--

CREATE INDEX auth_group_name_a6ea08ec_like ON public.auth_group USING btree (name varchar_pattern_ops);


--
-- Name: auth_group_permissions_group_id_b120cbf9; Type: INDEX; Schema: public; Owner: postgres
--

CREATE INDEX auth_group_permissions_group_id_b120cbf9 ON public.auth_group_permissions USING btree (group_id);


--
-- Name: auth_group_permissions_permission_id_84c5c92e; Type: INDEX; Schema: public; Owner: postgres
--

CREATE INDEX auth_group_permissions_permission_id_84c5c92e ON public.auth_group_permissions USING btree (permission_id);


--
-- Name: auth_permission_content_type_id_2f476e4b; Type: INDEX; Schema: public; Owner: postgres
--

CREATE INDEX auth_permission_content_type_id_2f476e4b ON public.auth_permission USING btree (content_type_id);


--
-- Name: auth_user_groups_group_id_97559544; Type: INDEX; Schema: public; Owner: postgres
--

CREATE INDEX auth_user_groups_group_id_97559544 ON public.auth_user_groups USING btree (group_id);


--
-- Name: auth_user_groups_user_id_6a12ed8b; Type: INDEX; Schema: public; Owner: postgres
--

CREATE INDEX auth_user_groups_user_id_6a12ed8b ON public.auth_user_groups USING btree (user_id);


--
-- Name: auth_user_user_permissions_permission_id_1fbb5f2c; Type: INDEX; Schema: public; Owner: postgres
--

CREATE INDEX auth_user_user_permissions_permission_id_1fbb5f2c ON public.auth_user_user_permissions USING btree (permission_id);


--
-- Name: auth_user_user_permissions_user_id_a95ead1b; Type: INDEX; Schema: public; Owner: postgres
--

CREATE INDEX auth_user_user_permissions_user_id_a95ead1b ON public.auth_user_user_permissions USING btree (user_id);


--
-- Name: auth_user_username_6821ab7c_like; Type: INDEX; Schema: public; Owner: postgres
--

CREATE INDEX auth_user_username_6821ab7c_like ON public.auth_user USING btree (username varchar_pattern_ops);


--
-- Name: authtoken_token_key_10f0b77e_like; Type: INDEX; Schema: public; Owner: postgres
--

CREATE INDEX authtoken_token_key_10f0b77e_like ON public.authtoken_token USING btree (key varchar_pattern_ops);


--
-- Name: django_admin_log_content_type_id_c4bce8eb; Type: INDEX; Schema: public; Owner: postgres
--

CREATE INDEX django_admin_log_content_type_id_c4bce8eb ON public.django_admin_log USING btree (content_type_id);


--
-- Name: django_admin_log_user_id_c564eba6; Type: INDEX; Schema: public; Owner: postgres
--

CREATE INDEX django_admin_log_user_id_c564eba6 ON public.django_admin_log USING btree (user_id);


--
-- Name: django_session_expire_date_a5c62663; Type: INDEX; Schema: public; Owner: postgres
--

CREATE INDEX django_session_expire_date_a5c62663 ON public.django_session USING btree (expire_date);


--
-- Name: django_session_session_key_c0390e0f_like; Type: INDEX; Schema: public; Owner: postgres
--

CREATE INDEX django_session_session_key_c0390e0f_like ON public.django_session USING btree (session_key varchar_pattern_ops);


--
-- Name: lms_announcement_course_id_2165cac0; Type: INDEX; Schema: public; Owner: postgres
--

CREATE INDEX lms_announcement_course_id_2165cac0 ON public.lms_announcement USING btree (course_id);


--
-- Name: lms_announcement_created_by_id_154951e0; Type: INDEX; Schema: public; Owner: postgres
--

CREATE INDEX lms_announcement_created_by_id_154951e0 ON public.lms_announcement USING btree (created_by_id);


--
-- Name: lms_assignment_course_id_37a70cef; Type: INDEX; Schema: public; Owner: postgres
--

CREATE INDEX lms_assignment_course_id_37a70cef ON public.lms_assignment USING btree (course_id);


--
-- Name: lms_assignmentsubmission_assignment_id_dbb0915b; Type: INDEX; Schema: public; Owner: postgres
--

CREATE INDEX lms_assignmentsubmission_assignment_id_dbb0915b ON public.lms_assignmentsubmission USING btree (assignment_id);


--
-- Name: lms_assignmentsubmission_enrollment_id_149e138c; Type: INDEX; Schema: public; Owner: postgres
--

CREATE INDEX lms_assignmentsubmission_enrollment_id_149e138c ON public.lms_assignmentsubmission USING btree (enrollment_id);


--
-- Name: lms_attendance_enrollment_id_1d7f2ccc; Type: INDEX; Schema: public; Owner: postgres
--

CREATE INDEX lms_attendance_enrollment_id_1d7f2ccc ON public.lms_attendance USING btree (enrollment_id);


--
-- Name: lms_attendance_session_id_7391fa49; Type: INDEX; Schema: public; Owner: postgres
--

CREATE INDEX lms_attendance_session_id_7391fa49 ON public.lms_attendance USING btree (session_id);


--
-- Name: lms_batch_course_id_2a2af9af; Type: INDEX; Schema: public; Owner: postgres
--

CREATE INDEX lms_batch_course_id_2a2af9af ON public.lms_batch USING btree (course_id);


--
-- Name: lms_batch_instructor_id_cbd96eae; Type: INDEX; Schema: public; Owner: postgres
--

CREATE INDEX lms_batch_instructor_id_cbd96eae ON public.lms_batch USING btree (instructor_id);


--
-- Name: lms_batchsession_batch_id_cf2c7d2a; Type: INDEX; Schema: public; Owner: postgres
--

CREATE INDEX lms_batchsession_batch_id_cf2c7d2a ON public.lms_batchsession USING btree (batch_id);


--
-- Name: lms_cartitem_cart_id_f70bb2d8; Type: INDEX; Schema: public; Owner: postgres
--

CREATE INDEX lms_cartitem_cart_id_f70bb2d8 ON public.lms_cartitem USING btree (cart_id);


--
-- Name: lms_cartitem_course_id_db910bd2; Type: INDEX; Schema: public; Owner: postgres
--

CREATE INDEX lms_cartitem_course_id_db910bd2 ON public.lms_cartitem USING btree (course_id);


--
-- Name: lms_category_name_bca75fda_like; Type: INDEX; Schema: public; Owner: postgres
--

CREATE INDEX lms_category_name_bca75fda_like ON public.lms_category USING btree (name varchar_pattern_ops);


--
-- Name: lms_category_parent_id_feb1bff2; Type: INDEX; Schema: public; Owner: postgres
--

CREATE INDEX lms_category_parent_id_feb1bff2 ON public.lms_category USING btree (parent_id);


--
-- Name: lms_category_slug_2f1b223c_like; Type: INDEX; Schema: public; Owner: postgres
--

CREATE INDEX lms_category_slug_2f1b223c_like ON public.lms_category USING btree (slug varchar_pattern_ops);


--
-- Name: lms_certificate_certificate_number_7ed26006_like; Type: INDEX; Schema: public; Owner: postgres
--

CREATE INDEX lms_certificate_certificate_number_7ed26006_like ON public.lms_certificate USING btree (certificate_number varchar_pattern_ops);


--
-- Name: lms_course_instructor_id_2edcb7ba; Type: INDEX; Schema: public; Owner: postgres
--

CREATE INDEX lms_course_instructor_id_2edcb7ba ON public.lms_course USING btree (instructor_id);


--
-- Name: lms_course_slug_1f3cfaa1_like; Type: INDEX; Schema: public; Owner: postgres
--

CREATE INDEX lms_course_slug_1f3cfaa1_like ON public.lms_course USING btree (slug varchar_pattern_ops);


--
-- Name: lms_coursecategory_category_id_895d6b14; Type: INDEX; Schema: public; Owner: postgres
--

CREATE INDEX lms_coursecategory_category_id_895d6b14 ON public.lms_coursecategory USING btree (category_id);


--
-- Name: lms_coursecategory_course_id_51121415; Type: INDEX; Schema: public; Owner: postgres
--

CREATE INDEX lms_coursecategory_course_id_51121415 ON public.lms_coursecategory USING btree (course_id);


--
-- Name: lms_coursesection_course_id_50e769ce; Type: INDEX; Schema: public; Owner: postgres
--

CREATE INDEX lms_coursesection_course_id_50e769ce ON public.lms_coursesection USING btree (course_id);


--
-- Name: lms_coursetag_course_id_b3f94101; Type: INDEX; Schema: public; Owner: postgres
--

CREATE INDEX lms_coursetag_course_id_b3f94101 ON public.lms_coursetag USING btree (course_id);


--
-- Name: lms_coursetag_tag_id_472eb6bc; Type: INDEX; Schema: public; Owner: postgres
--

CREATE INDEX lms_coursetag_tag_id_472eb6bc ON public.lms_coursetag USING btree (tag_id);


--
-- Name: lms_enrollment_batch_id_26bc1c47; Type: INDEX; Schema: public; Owner: postgres
--

CREATE INDEX lms_enrollment_batch_id_26bc1c47 ON public.lms_enrollment USING btree (batch_id);


--
-- Name: lms_enrollment_course_id_989457ae; Type: INDEX; Schema: public; Owner: postgres
--

CREATE INDEX lms_enrollment_course_id_989457ae ON public.lms_enrollment USING btree (course_id);


--
-- Name: lms_enrollment_user_id_2ee2c0b4; Type: INDEX; Schema: public; Owner: postgres
--

CREATE INDEX lms_enrollment_user_id_2ee2c0b4 ON public.lms_enrollment USING btree (user_id);


--
-- Name: lms_lecture_section_id_5420158b; Type: INDEX; Schema: public; Owner: postgres
--

CREATE INDEX lms_lecture_section_id_5420158b ON public.lms_lecture USING btree (section_id);


--
-- Name: lms_lectureprogress_enrollment_id_6c70235e; Type: INDEX; Schema: public; Owner: postgres
--

CREATE INDEX lms_lectureprogress_enrollment_id_6c70235e ON public.lms_lectureprogress USING btree (enrollment_id);


--
-- Name: lms_lectureprogress_lecture_id_d7e665a2; Type: INDEX; Schema: public; Owner: postgres
--

CREATE INDEX lms_lectureprogress_lecture_id_d7e665a2 ON public.lms_lectureprogress USING btree (lecture_id);


--
-- Name: lms_note_enrollment_id_7513025e; Type: INDEX; Schema: public; Owner: postgres
--

CREATE INDEX lms_note_enrollment_id_7513025e ON public.lms_note USING btree (enrollment_id);


--
-- Name: lms_note_lecture_id_c1917ebf; Type: INDEX; Schema: public; Owner: postgres
--

CREATE INDEX lms_note_lecture_id_c1917ebf ON public.lms_note USING btree (lecture_id);


--
-- Name: lms_notification_related_course_id_0e6576ad; Type: INDEX; Schema: public; Owner: postgres
--

CREATE INDEX lms_notification_related_course_id_0e6576ad ON public.lms_notification USING btree (related_course_id);


--
-- Name: lms_notification_user_id_d774485f; Type: INDEX; Schema: public; Owner: postgres
--

CREATE INDEX lms_notification_user_id_d774485f ON public.lms_notification USING btree (user_id);


--
-- Name: lms_payment_cart_id_a9cdd283; Type: INDEX; Schema: public; Owner: postgres
--

CREATE INDEX lms_payment_cart_id_a9cdd283 ON public.lms_payment USING btree (cart_id);


--
-- Name: lms_payment_course_id_55611969; Type: INDEX; Schema: public; Owner: postgres
--

CREATE INDEX lms_payment_course_id_55611969 ON public.lms_payment USING btree (course_id);


--
-- Name: lms_payment_user_id_e87d20dc; Type: INDEX; Schema: public; Owner: postgres
--

CREATE INDEX lms_payment_user_id_e87d20dc ON public.lms_payment USING btree (user_id);


--
-- Name: lms_post_forum_id_13f66887; Type: INDEX; Schema: public; Owner: postgres
--

CREATE INDEX lms_post_forum_id_13f66887 ON public.lms_post USING btree (forum_id);


--
-- Name: lms_post_user_id_db72049d; Type: INDEX; Schema: public; Owner: postgres
--

CREATE INDEX lms_post_user_id_db72049d ON public.lms_post USING btree (user_id);


--
-- Name: lms_prerequisite_course_id_b5885f19; Type: INDEX; Schema: public; Owner: postgres
--

CREATE INDEX lms_prerequisite_course_id_b5885f19 ON public.lms_prerequisite USING btree (course_id);


--
-- Name: lms_prerequisite_required_course_id_e744740b; Type: INDEX; Schema: public; Owner: postgres
--

CREATE INDEX lms_prerequisite_required_course_id_e744740b ON public.lms_prerequisite USING btree (required_course_id);


--
-- Name: lms_qanda_course_id_35e8a1f0; Type: INDEX; Schema: public; Owner: postgres
--

CREATE INDEX lms_qanda_course_id_35e8a1f0 ON public.lms_qanda USING btree (course_id);


--
-- Name: lms_question_quiz_id_f7fae637; Type: INDEX; Schema: public; Owner: postgres
--

CREATE INDEX lms_question_quiz_id_f7fae637 ON public.lms_question USING btree (quiz_id);


--
-- Name: lms_questionoption_question_id_6ad48d9e; Type: INDEX; Schema: public; Owner: postgres
--

CREATE INDEX lms_questionoption_question_id_6ad48d9e ON public.lms_questionoption USING btree (question_id);


--
-- Name: lms_quiz_course_id_b72840ad; Type: INDEX; Schema: public; Owner: postgres
--

CREATE INDEX lms_quiz_course_id_b72840ad ON public.lms_quiz USING btree (course_id);


--
-- Name: lms_quizattempt_enrollment_id_dcc0475f; Type: INDEX; Schema: public; Owner: postgres
--

CREATE INDEX lms_quizattempt_enrollment_id_dcc0475f ON public.lms_quizattempt USING btree (enrollment_id);


--
-- Name: lms_quizattempt_quiz_id_fa291986; Type: INDEX; Schema: public; Owner: postgres
--

CREATE INDEX lms_quizattempt_quiz_id_fa291986 ON public.lms_quizattempt USING btree (quiz_id);


--
-- Name: lms_reply_parent_reply_id_ba9135f4; Type: INDEX; Schema: public; Owner: postgres
--

CREATE INDEX lms_reply_parent_reply_id_ba9135f4 ON public.lms_reply USING btree (parent_reply_id);


--
-- Name: lms_reply_post_id_b26a9d22; Type: INDEX; Schema: public; Owner: postgres
--

CREATE INDEX lms_reply_post_id_b26a9d22 ON public.lms_reply USING btree (post_id);


--
-- Name: lms_reply_user_id_ca63201d; Type: INDEX; Schema: public; Owner: postgres
--

CREATE INDEX lms_reply_user_id_ca63201d ON public.lms_reply USING btree (user_id);


--
-- Name: lms_resource_course_id_f239d8a9; Type: INDEX; Schema: public; Owner: postgres
--

CREATE INDEX lms_resource_course_id_f239d8a9 ON public.lms_resource USING btree (course_id);


--
-- Name: lms_review_course_id_af5d9cfd; Type: INDEX; Schema: public; Owner: postgres
--

CREATE INDEX lms_review_course_id_af5d9cfd ON public.lms_review USING btree (course_id);


--
-- Name: lms_review_user_id_39f22bd7; Type: INDEX; Schema: public; Owner: postgres
--

CREATE INDEX lms_review_user_id_39f22bd7 ON public.lms_review USING btree (user_id);


--
-- Name: lms_sessionregistration_enrollment_id_c7ece72e; Type: INDEX; Schema: public; Owner: postgres
--

CREATE INDEX lms_sessionregistration_enrollment_id_c7ece72e ON public.lms_sessionregistration USING btree (enrollment_id);


--
-- Name: lms_sessionregistration_session_id_54601bb9; Type: INDEX; Schema: public; Owner: postgres
--

CREATE INDEX lms_sessionregistration_session_id_54601bb9 ON public.lms_sessionregistration USING btree (session_id);


--
-- Name: lms_tag_name_fc9e0d8e_like; Type: INDEX; Schema: public; Owner: postgres
--

CREATE INDEX lms_tag_name_fc9e0d8e_like ON public.lms_tag USING btree (name varchar_pattern_ops);


--
-- Name: lms_tag_slug_f0d978dc_like; Type: INDEX; Schema: public; Owner: postgres
--

CREATE INDEX lms_tag_slug_f0d978dc_like ON public.lms_tag USING btree (slug varchar_pattern_ops);


--
-- Name: lms_wishlist_course_id_0294bce9; Type: INDEX; Schema: public; Owner: postgres
--

CREATE INDEX lms_wishlist_course_id_0294bce9 ON public.lms_wishlist USING btree (course_id);


--
-- Name: lms_wishlist_user_id_6e9443f0; Type: INDEX; Schema: public; Owner: postgres
--

CREATE INDEX lms_wishlist_user_id_6e9443f0 ON public.lms_wishlist USING btree (user_id);


--
-- Name: auth_group_permissions auth_group_permissio_permission_id_84c5c92e_fk_auth_perm; Type: FK CONSTRAINT; Schema: public; Owner: postgres
--

ALTER TABLE ONLY public.auth_group_permissions
    ADD CONSTRAINT auth_group_permissio_permission_id_84c5c92e_fk_auth_perm FOREIGN KEY (permission_id) REFERENCES public.auth_permission(id) DEFERRABLE INITIALLY DEFERRED;


--
-- Name: auth_group_permissions auth_group_permissions_group_id_b120cbf9_fk_auth_group_id; Type: FK CONSTRAINT; Schema: public; Owner: postgres
--

ALTER TABLE ONLY public.auth_group_permissions
    ADD CONSTRAINT auth_group_permissions_group_id_b120cbf9_fk_auth_group_id FOREIGN KEY (group_id) REFERENCES public.auth_group(id) DEFERRABLE INITIALLY DEFERRED;


--
-- Name: auth_permission auth_permission_content_type_id_2f476e4b_fk_django_co; Type: FK CONSTRAINT; Schema: public; Owner: postgres
--

ALTER TABLE ONLY public.auth_permission
    ADD CONSTRAINT auth_permission_content_type_id_2f476e4b_fk_django_co FOREIGN KEY (content_type_id) REFERENCES public.django_content_type(id) DEFERRABLE INITIALLY DEFERRED;


--
-- Name: auth_user_groups auth_user_groups_group_id_97559544_fk_auth_group_id; Type: FK CONSTRAINT; Schema: public; Owner: postgres
--

ALTER TABLE ONLY public.auth_user_groups
    ADD CONSTRAINT auth_user_groups_group_id_97559544_fk_auth_group_id FOREIGN KEY (group_id) REFERENCES public.auth_group(id) DEFERRABLE INITIALLY DEFERRED;


--
-- Name: auth_user_groups auth_user_groups_user_id_6a12ed8b_fk_auth_user_id; Type: FK CONSTRAINT; Schema: public; Owner: postgres
--

ALTER TABLE ONLY public.auth_user_groups
    ADD CONSTRAINT auth_user_groups_user_id_6a12ed8b_fk_auth_user_id FOREIGN KEY (user_id) REFERENCES public.auth_user(id) DEFERRABLE INITIALLY DEFERRED;


--
-- Name: auth_user_user_permissions auth_user_user_permi_permission_id_1fbb5f2c_fk_auth_perm; Type: FK CONSTRAINT; Schema: public; Owner: postgres
--

ALTER TABLE ONLY public.auth_user_user_permissions
    ADD CONSTRAINT auth_user_user_permi_permission_id_1fbb5f2c_fk_auth_perm FOREIGN KEY (permission_id) REFERENCES public.auth_permission(id) DEFERRABLE INITIALLY DEFERRED;


--
-- Name: auth_user_user_permissions auth_user_user_permissions_user_id_a95ead1b_fk_auth_user_id; Type: FK CONSTRAINT; Schema: public; Owner: postgres
--

ALTER TABLE ONLY public.auth_user_user_permissions
    ADD CONSTRAINT auth_user_user_permissions_user_id_a95ead1b_fk_auth_user_id FOREIGN KEY (user_id) REFERENCES public.auth_user(id) DEFERRABLE INITIALLY DEFERRED;


--
-- Name: authtoken_token authtoken_token_user_id_35299eff_fk_auth_user_id; Type: FK CONSTRAINT; Schema: public; Owner: postgres
--

ALTER TABLE ONLY public.authtoken_token
    ADD CONSTRAINT authtoken_token_user_id_35299eff_fk_auth_user_id FOREIGN KEY (user_id) REFERENCES public.auth_user(id) DEFERRABLE INITIALLY DEFERRED;


--
-- Name: django_admin_log django_admin_log_content_type_id_c4bce8eb_fk_django_co; Type: FK CONSTRAINT; Schema: public; Owner: postgres
--

ALTER TABLE ONLY public.django_admin_log
    ADD CONSTRAINT django_admin_log_content_type_id_c4bce8eb_fk_django_co FOREIGN KEY (content_type_id) REFERENCES public.django_content_type(id) DEFERRABLE INITIALLY DEFERRED;


--
-- Name: django_admin_log django_admin_log_user_id_c564eba6_fk_auth_user_id; Type: FK CONSTRAINT; Schema: public; Owner: postgres
--

ALTER TABLE ONLY public.django_admin_log
    ADD CONSTRAINT django_admin_log_user_id_c564eba6_fk_auth_user_id FOREIGN KEY (user_id) REFERENCES public.auth_user(id) DEFERRABLE INITIALLY DEFERRED;


--
-- Name: lms_announcement lms_announcement_course_id_2165cac0_fk_lms_course_id; Type: FK CONSTRAINT; Schema: public; Owner: postgres
--

ALTER TABLE ONLY public.lms_announcement
    ADD CONSTRAINT lms_announcement_course_id_2165cac0_fk_lms_course_id FOREIGN KEY (course_id) REFERENCES public.lms_course(id) DEFERRABLE INITIALLY DEFERRED;


--
-- Name: lms_announcement lms_announcement_created_by_id_154951e0_fk_auth_user_id; Type: FK CONSTRAINT; Schema: public; Owner: postgres
--

ALTER TABLE ONLY public.lms_announcement
    ADD CONSTRAINT lms_announcement_created_by_id_154951e0_fk_auth_user_id FOREIGN KEY (created_by_id) REFERENCES public.auth_user(id) DEFERRABLE INITIALLY DEFERRED;


--
-- Name: lms_assignment lms_assignment_course_id_37a70cef_fk_lms_course_id; Type: FK CONSTRAINT; Schema: public; Owner: postgres
--

ALTER TABLE ONLY public.lms_assignment
    ADD CONSTRAINT lms_assignment_course_id_37a70cef_fk_lms_course_id FOREIGN KEY (course_id) REFERENCES public.lms_course(id) DEFERRABLE INITIALLY DEFERRED;


--
-- Name: lms_assignmentsubmission lms_assignmentsubmis_assignment_id_dbb0915b_fk_lms_assig; Type: FK CONSTRAINT; Schema: public; Owner: postgres
--

ALTER TABLE ONLY public.lms_assignmentsubmission
    ADD CONSTRAINT lms_assignmentsubmis_assignment_id_dbb0915b_fk_lms_assig FOREIGN KEY (assignment_id) REFERENCES public.lms_assignment(id) DEFERRABLE INITIALLY DEFERRED;


--
-- Name: lms_assignmentsubmission lms_assignmentsubmis_enrollment_id_149e138c_fk_lms_enrol; Type: FK CONSTRAINT; Schema: public; Owner: postgres
--

ALTER TABLE ONLY public.lms_assignmentsubmission
    ADD CONSTRAINT lms_assignmentsubmis_enrollment_id_149e138c_fk_lms_enrol FOREIGN KEY (enrollment_id) REFERENCES public.lms_enrollment(id) DEFERRABLE INITIALLY DEFERRED;


--
-- Name: lms_attendance lms_attendance_enrollment_id_1d7f2ccc_fk_lms_enrollment_id; Type: FK CONSTRAINT; Schema: public; Owner: postgres
--

ALTER TABLE ONLY public.lms_attendance
    ADD CONSTRAINT lms_attendance_enrollment_id_1d7f2ccc_fk_lms_enrollment_id FOREIGN KEY (enrollment_id) REFERENCES public.lms_enrollment(id) DEFERRABLE INITIALLY DEFERRED;


--
-- Name: lms_attendance lms_attendance_session_id_7391fa49_fk_lms_batchsession_id; Type: FK CONSTRAINT; Schema: public; Owner: postgres
--

ALTER TABLE ONLY public.lms_attendance
    ADD CONSTRAINT lms_attendance_session_id_7391fa49_fk_lms_batchsession_id FOREIGN KEY (session_id) REFERENCES public.lms_batchsession(id) DEFERRABLE INITIALLY DEFERRED;


--
-- Name: lms_batch lms_batch_course_id_2a2af9af_fk_lms_course_id; Type: FK CONSTRAINT; Schema: public; Owner: postgres
--

ALTER TABLE ONLY public.lms_batch
    ADD CONSTRAINT lms_batch_course_id_2a2af9af_fk_lms_course_id FOREIGN KEY (course_id) REFERENCES public.lms_course(id) DEFERRABLE INITIALLY DEFERRED;


--
-- Name: lms_batch lms_batch_instructor_id_cbd96eae_fk_auth_user_id; Type: FK CONSTRAINT; Schema: public; Owner: postgres
--

ALTER TABLE ONLY public.lms_batch
    ADD CONSTRAINT lms_batch_instructor_id_cbd96eae_fk_auth_user_id FOREIGN KEY (instructor_id) REFERENCES public.auth_user(id) DEFERRABLE INITIALLY DEFERRED;


--
-- Name: lms_batchsession lms_batchsession_batch_id_cf2c7d2a_fk_lms_batch_id; Type: FK CONSTRAINT; Schema: public; Owner: postgres
--

ALTER TABLE ONLY public.lms_batchsession
    ADD CONSTRAINT lms_batchsession_batch_id_cf2c7d2a_fk_lms_batch_id FOREIGN KEY (batch_id) REFERENCES public.lms_batch(id) DEFERRABLE INITIALLY DEFERRED;


--
-- Name: lms_cart lms_cart_user_id_29f88024_fk_auth_user_id; Type: FK CONSTRAINT; Schema: public; Owner: postgres
--

ALTER TABLE ONLY public.lms_cart
    ADD CONSTRAINT lms_cart_user_id_29f88024_fk_auth_user_id FOREIGN KEY (user_id) REFERENCES public.auth_user(id) DEFERRABLE INITIALLY DEFERRED;


--
-- Name: lms_cartitem lms_cartitem_cart_id_f70bb2d8_fk_lms_cart_id; Type: FK CONSTRAINT; Schema: public; Owner: postgres
--

ALTER TABLE ONLY public.lms_cartitem
    ADD CONSTRAINT lms_cartitem_cart_id_f70bb2d8_fk_lms_cart_id FOREIGN KEY (cart_id) REFERENCES public.lms_cart(id) DEFERRABLE INITIALLY DEFERRED;


--
-- Name: lms_cartitem lms_cartitem_course_id_db910bd2_fk_lms_course_id; Type: FK CONSTRAINT; Schema: public; Owner: postgres
--

ALTER TABLE ONLY public.lms_cartitem
    ADD CONSTRAINT lms_cartitem_course_id_db910bd2_fk_lms_course_id FOREIGN KEY (course_id) REFERENCES public.lms_course(id) DEFERRABLE INITIALLY DEFERRED;


--
-- Name: lms_category lms_category_parent_id_feb1bff2_fk_lms_category_id; Type: FK CONSTRAINT; Schema: public; Owner: postgres
--

ALTER TABLE ONLY public.lms_category
    ADD CONSTRAINT lms_category_parent_id_feb1bff2_fk_lms_category_id FOREIGN KEY (parent_id) REFERENCES public.lms_category(id) DEFERRABLE INITIALLY DEFERRED;


--
-- Name: lms_certificate lms_certificate_enrollment_id_b9cce718_fk_lms_enrollment_id; Type: FK CONSTRAINT; Schema: public; Owner: postgres
--

ALTER TABLE ONLY public.lms_certificate
    ADD CONSTRAINT lms_certificate_enrollment_id_b9cce718_fk_lms_enrollment_id FOREIGN KEY (enrollment_id) REFERENCES public.lms_enrollment(id) DEFERRABLE INITIALLY DEFERRED;


--
-- Name: lms_course lms_course_instructor_id_2edcb7ba_fk_auth_user_id; Type: FK CONSTRAINT; Schema: public; Owner: postgres
--

ALTER TABLE ONLY public.lms_course
    ADD CONSTRAINT lms_course_instructor_id_2edcb7ba_fk_auth_user_id FOREIGN KEY (instructor_id) REFERENCES public.auth_user(id) DEFERRABLE INITIALLY DEFERRED;


--
-- Name: lms_coursecategory lms_coursecategory_category_id_895d6b14_fk_lms_category_id; Type: FK CONSTRAINT; Schema: public; Owner: postgres
--

ALTER TABLE ONLY public.lms_coursecategory
    ADD CONSTRAINT lms_coursecategory_category_id_895d6b14_fk_lms_category_id FOREIGN KEY (category_id) REFERENCES public.lms_category(id) DEFERRABLE INITIALLY DEFERRED;


--
-- Name: lms_coursecategory lms_coursecategory_course_id_51121415_fk_lms_course_id; Type: FK CONSTRAINT; Schema: public; Owner: postgres
--

ALTER TABLE ONLY public.lms_coursecategory
    ADD CONSTRAINT lms_coursecategory_course_id_51121415_fk_lms_course_id FOREIGN KEY (course_id) REFERENCES public.lms_course(id) DEFERRABLE INITIALLY DEFERRED;


--
-- Name: lms_coursesection lms_coursesection_course_id_50e769ce_fk_lms_course_id; Type: FK CONSTRAINT; Schema: public; Owner: postgres
--

ALTER TABLE ONLY public.lms_coursesection
    ADD CONSTRAINT lms_coursesection_course_id_50e769ce_fk_lms_course_id FOREIGN KEY (course_id) REFERENCES public.lms_course(id) DEFERRABLE INITIALLY DEFERRED;


--
-- Name: lms_coursetag lms_coursetag_course_id_b3f94101_fk_lms_course_id; Type: FK CONSTRAINT; Schema: public; Owner: postgres
--

ALTER TABLE ONLY public.lms_coursetag
    ADD CONSTRAINT lms_coursetag_course_id_b3f94101_fk_lms_course_id FOREIGN KEY (course_id) REFERENCES public.lms_course(id) DEFERRABLE INITIALLY DEFERRED;


--
-- Name: lms_coursetag lms_coursetag_tag_id_472eb6bc_fk_lms_tag_id; Type: FK CONSTRAINT; Schema: public; Owner: postgres
--

ALTER TABLE ONLY public.lms_coursetag
    ADD CONSTRAINT lms_coursetag_tag_id_472eb6bc_fk_lms_tag_id FOREIGN KEY (tag_id) REFERENCES public.lms_tag(id) DEFERRABLE INITIALLY DEFERRED;


--
-- Name: lms_enrollment lms_enrollment_batch_id_26bc1c47_fk_lms_batch_id; Type: FK CONSTRAINT; Schema: public; Owner: postgres
--

ALTER TABLE ONLY public.lms_enrollment
    ADD CONSTRAINT lms_enrollment_batch_id_26bc1c47_fk_lms_batch_id FOREIGN KEY (batch_id) REFERENCES public.lms_batch(id) DEFERRABLE INITIALLY DEFERRED;


--
-- Name: lms_enrollment lms_enrollment_course_id_989457ae_fk_lms_course_id; Type: FK CONSTRAINT; Schema: public; Owner: postgres
--

ALTER TABLE ONLY public.lms_enrollment
    ADD CONSTRAINT lms_enrollment_course_id_989457ae_fk_lms_course_id FOREIGN KEY (course_id) REFERENCES public.lms_course(id) DEFERRABLE INITIALLY DEFERRED;


--
-- Name: lms_enrollment lms_enrollment_user_id_2ee2c0b4_fk_auth_user_id; Type: FK CONSTRAINT; Schema: public; Owner: postgres
--

ALTER TABLE ONLY public.lms_enrollment
    ADD CONSTRAINT lms_enrollment_user_id_2ee2c0b4_fk_auth_user_id FOREIGN KEY (user_id) REFERENCES public.auth_user(id) DEFERRABLE INITIALLY DEFERRED;


--
-- Name: lms_forum lms_forum_course_id_99a80f75_fk_lms_course_id; Type: FK CONSTRAINT; Schema: public; Owner: postgres
--

ALTER TABLE ONLY public.lms_forum
    ADD CONSTRAINT lms_forum_course_id_99a80f75_fk_lms_course_id FOREIGN KEY (course_id) REFERENCES public.lms_course(id) DEFERRABLE INITIALLY DEFERRED;


--
-- Name: lms_lecture lms_lecture_section_id_5420158b_fk_lms_coursesection_id; Type: FK CONSTRAINT; Schema: public; Owner: postgres
--

ALTER TABLE ONLY public.lms_lecture
    ADD CONSTRAINT lms_lecture_section_id_5420158b_fk_lms_coursesection_id FOREIGN KEY (section_id) REFERENCES public.lms_coursesection(id) DEFERRABLE INITIALLY DEFERRED;


--
-- Name: lms_lectureprogress lms_lectureprogress_enrollment_id_6c70235e_fk_lms_enrollment_id; Type: FK CONSTRAINT; Schema: public; Owner: postgres
--

ALTER TABLE ONLY public.lms_lectureprogress
    ADD CONSTRAINT lms_lectureprogress_enrollment_id_6c70235e_fk_lms_enrollment_id FOREIGN KEY (enrollment_id) REFERENCES public.lms_enrollment(id) DEFERRABLE INITIALLY DEFERRED;


--
-- Name: lms_lectureprogress lms_lectureprogress_lecture_id_d7e665a2_fk_lms_lecture_id; Type: FK CONSTRAINT; Schema: public; Owner: postgres
--

ALTER TABLE ONLY public.lms_lectureprogress
    ADD CONSTRAINT lms_lectureprogress_lecture_id_d7e665a2_fk_lms_lecture_id FOREIGN KEY (lecture_id) REFERENCES public.lms_lecture(id) DEFERRABLE INITIALLY DEFERRED;


--
-- Name: lms_note lms_note_enrollment_id_7513025e_fk_lms_enrollment_id; Type: FK CONSTRAINT; Schema: public; Owner: postgres
--

ALTER TABLE ONLY public.lms_note
    ADD CONSTRAINT lms_note_enrollment_id_7513025e_fk_lms_enrollment_id FOREIGN KEY (enrollment_id) REFERENCES public.lms_enrollment(id) DEFERRABLE INITIALLY DEFERRED;


--
-- Name: lms_note lms_note_lecture_id_c1917ebf_fk_lms_lecture_id; Type: FK CONSTRAINT; Schema: public; Owner: postgres
--

ALTER TABLE ONLY public.lms_note
    ADD CONSTRAINT lms_note_lecture_id_c1917ebf_fk_lms_lecture_id FOREIGN KEY (lecture_id) REFERENCES public.lms_lecture(id) DEFERRABLE INITIALLY DEFERRED;


--
-- Name: lms_notification lms_notification_related_course_id_0e6576ad_fk_lms_course_id; Type: FK CONSTRAINT; Schema: public; Owner: postgres
--

ALTER TABLE ONLY public.lms_notification
    ADD CONSTRAINT lms_notification_related_course_id_0e6576ad_fk_lms_course_id FOREIGN KEY (related_course_id) REFERENCES public.lms_course(id) DEFERRABLE INITIALLY DEFERRED;


--
-- Name: lms_notification lms_notification_user_id_d774485f_fk_auth_user_id; Type: FK CONSTRAINT; Schema: public; Owner: postgres
--

ALTER TABLE ONLY public.lms_notification
    ADD CONSTRAINT lms_notification_user_id_d774485f_fk_auth_user_id FOREIGN KEY (user_id) REFERENCES public.auth_user(id) DEFERRABLE INITIALLY DEFERRED;


--
-- Name: lms_payment lms_payment_cart_id_a9cdd283_fk_lms_cart_id; Type: FK CONSTRAINT; Schema: public; Owner: postgres
--

ALTER TABLE ONLY public.lms_payment
    ADD CONSTRAINT lms_payment_cart_id_a9cdd283_fk_lms_cart_id FOREIGN KEY (cart_id) REFERENCES public.lms_cart(id) DEFERRABLE INITIALLY DEFERRED;


--
-- Name: lms_payment lms_payment_course_id_55611969_fk_lms_course_id; Type: FK CONSTRAINT; Schema: public; Owner: postgres
--

ALTER TABLE ONLY public.lms_payment
    ADD CONSTRAINT lms_payment_course_id_55611969_fk_lms_course_id FOREIGN KEY (course_id) REFERENCES public.lms_course(id) DEFERRABLE INITIALLY DEFERRED;


--
-- Name: lms_payment lms_payment_user_id_e87d20dc_fk_auth_user_id; Type: FK CONSTRAINT; Schema: public; Owner: postgres
--

ALTER TABLE ONLY public.lms_payment
    ADD CONSTRAINT lms_payment_user_id_e87d20dc_fk_auth_user_id FOREIGN KEY (user_id) REFERENCES public.auth_user(id) DEFERRABLE INITIALLY DEFERRED;


--
-- Name: lms_post lms_post_forum_id_13f66887_fk_lms_forum_id; Type: FK CONSTRAINT; Schema: public; Owner: postgres
--

ALTER TABLE ONLY public.lms_post
    ADD CONSTRAINT lms_post_forum_id_13f66887_fk_lms_forum_id FOREIGN KEY (forum_id) REFERENCES public.lms_forum(id) DEFERRABLE INITIALLY DEFERRED;


--
-- Name: lms_post lms_post_user_id_db72049d_fk_auth_user_id; Type: FK CONSTRAINT; Schema: public; Owner: postgres
--

ALTER TABLE ONLY public.lms_post
    ADD CONSTRAINT lms_post_user_id_db72049d_fk_auth_user_id FOREIGN KEY (user_id) REFERENCES public.auth_user(id) DEFERRABLE INITIALLY DEFERRED;


--
-- Name: lms_prerequisite lms_prerequisite_course_id_b5885f19_fk_lms_course_id; Type: FK CONSTRAINT; Schema: public; Owner: postgres
--

ALTER TABLE ONLY public.lms_prerequisite
    ADD CONSTRAINT lms_prerequisite_course_id_b5885f19_fk_lms_course_id FOREIGN KEY (course_id) REFERENCES public.lms_course(id) DEFERRABLE INITIALLY DEFERRED;


--
-- Name: lms_prerequisite lms_prerequisite_required_course_id_e744740b_fk_lms_course_id; Type: FK CONSTRAINT; Schema: public; Owner: postgres
--

ALTER TABLE ONLY public.lms_prerequisite
    ADD CONSTRAINT lms_prerequisite_required_course_id_e744740b_fk_lms_course_id FOREIGN KEY (required_course_id) REFERENCES public.lms_course(id) DEFERRABLE INITIALLY DEFERRED;


--
-- Name: lms_qanda lms_qanda_course_id_35e8a1f0_fk_lms_course_id; Type: FK CONSTRAINT; Schema: public; Owner: postgres
--

ALTER TABLE ONLY public.lms_qanda
    ADD CONSTRAINT lms_qanda_course_id_35e8a1f0_fk_lms_course_id FOREIGN KEY (course_id) REFERENCES public.lms_course(id) DEFERRABLE INITIALLY DEFERRED;


--
-- Name: lms_question lms_question_quiz_id_f7fae637_fk_lms_quiz_id; Type: FK CONSTRAINT; Schema: public; Owner: postgres
--

ALTER TABLE ONLY public.lms_question
    ADD CONSTRAINT lms_question_quiz_id_f7fae637_fk_lms_quiz_id FOREIGN KEY (quiz_id) REFERENCES public.lms_quiz(id) DEFERRABLE INITIALLY DEFERRED;


--
-- Name: lms_questionoption lms_questionoption_question_id_6ad48d9e_fk_lms_question_id; Type: FK CONSTRAINT; Schema: public; Owner: postgres
--

ALTER TABLE ONLY public.lms_questionoption
    ADD CONSTRAINT lms_questionoption_question_id_6ad48d9e_fk_lms_question_id FOREIGN KEY (question_id) REFERENCES public.lms_question(id) DEFERRABLE INITIALLY DEFERRED;


--
-- Name: lms_quiz lms_quiz_course_id_b72840ad_fk_lms_course_id; Type: FK CONSTRAINT; Schema: public; Owner: postgres
--

ALTER TABLE ONLY public.lms_quiz
    ADD CONSTRAINT lms_quiz_course_id_b72840ad_fk_lms_course_id FOREIGN KEY (course_id) REFERENCES public.lms_course(id) DEFERRABLE INITIALLY DEFERRED;


--
-- Name: lms_quizattempt lms_quizattempt_enrollment_id_dcc0475f_fk_lms_enrollment_id; Type: FK CONSTRAINT; Schema: public; Owner: postgres
--

ALTER TABLE ONLY public.lms_quizattempt
    ADD CONSTRAINT lms_quizattempt_enrollment_id_dcc0475f_fk_lms_enrollment_id FOREIGN KEY (enrollment_id) REFERENCES public.lms_enrollment(id) DEFERRABLE INITIALLY DEFERRED;


--
-- Name: lms_quizattempt lms_quizattempt_quiz_id_fa291986_fk_lms_quiz_id; Type: FK CONSTRAINT; Schema: public; Owner: postgres
--

ALTER TABLE ONLY public.lms_quizattempt
    ADD CONSTRAINT lms_quizattempt_quiz_id_fa291986_fk_lms_quiz_id FOREIGN KEY (quiz_id) REFERENCES public.lms_quiz(id) DEFERRABLE INITIALLY DEFERRED;


--
-- Name: lms_reply lms_reply_parent_reply_id_ba9135f4_fk_lms_reply_id; Type: FK CONSTRAINT; Schema: public; Owner: postgres
--

ALTER TABLE ONLY public.lms_reply
    ADD CONSTRAINT lms_reply_parent_reply_id_ba9135f4_fk_lms_reply_id FOREIGN KEY (parent_reply_id) REFERENCES public.lms_reply(id) DEFERRABLE INITIALLY DEFERRED;


--
-- Name: lms_reply lms_reply_post_id_b26a9d22_fk_lms_post_id; Type: FK CONSTRAINT; Schema: public; Owner: postgres
--

ALTER TABLE ONLY public.lms_reply
    ADD CONSTRAINT lms_reply_post_id_b26a9d22_fk_lms_post_id FOREIGN KEY (post_id) REFERENCES public.lms_post(id) DEFERRABLE INITIALLY DEFERRED;


--
-- Name: lms_reply lms_reply_user_id_ca63201d_fk_auth_user_id; Type: FK CONSTRAINT; Schema: public; Owner: postgres
--

ALTER TABLE ONLY public.lms_reply
    ADD CONSTRAINT lms_reply_user_id_ca63201d_fk_auth_user_id FOREIGN KEY (user_id) REFERENCES public.auth_user(id) DEFERRABLE INITIALLY DEFERRED;


--
-- Name: lms_resource lms_resource_course_id_f239d8a9_fk_lms_course_id; Type: FK CONSTRAINT; Schema: public; Owner: postgres
--

ALTER TABLE ONLY public.lms_resource
    ADD CONSTRAINT lms_resource_course_id_f239d8a9_fk_lms_course_id FOREIGN KEY (course_id) REFERENCES public.lms_course(id) DEFERRABLE INITIALLY DEFERRED;


--
-- Name: lms_review lms_review_course_id_af5d9cfd_fk_lms_course_id; Type: FK CONSTRAINT; Schema: public; Owner: postgres
--

ALTER TABLE ONLY public.lms_review
    ADD CONSTRAINT lms_review_course_id_af5d9cfd_fk_lms_course_id FOREIGN KEY (course_id) REFERENCES public.lms_course(id) DEFERRABLE INITIALLY DEFERRED;


--
-- Name: lms_review lms_review_user_id_39f22bd7_fk_auth_user_id; Type: FK CONSTRAINT; Schema: public; Owner: postgres
--

ALTER TABLE ONLY public.lms_review
    ADD CONSTRAINT lms_review_user_id_39f22bd7_fk_auth_user_id FOREIGN KEY (user_id) REFERENCES public.auth_user(id) DEFERRABLE INITIALLY DEFERRED;


--
-- Name: lms_sessionregistration lms_sessionregistrat_enrollment_id_c7ece72e_fk_lms_enrol; Type: FK CONSTRAINT; Schema: public; Owner: postgres
--

ALTER TABLE ONLY public.lms_sessionregistration
    ADD CONSTRAINT lms_sessionregistrat_enrollment_id_c7ece72e_fk_lms_enrol FOREIGN KEY (enrollment_id) REFERENCES public.lms_enrollment(id) DEFERRABLE INITIALLY DEFERRED;


--
-- Name: lms_sessionregistration lms_sessionregistrat_session_id_54601bb9_fk_lms_batch; Type: FK CONSTRAINT; Schema: public; Owner: postgres
--

ALTER TABLE ONLY public.lms_sessionregistration
    ADD CONSTRAINT lms_sessionregistrat_session_id_54601bb9_fk_lms_batch FOREIGN KEY (session_id) REFERENCES public.lms_batchsession(id) DEFERRABLE INITIALLY DEFERRED;


--
-- Name: lms_wishlist lms_wishlist_course_id_0294bce9_fk_lms_course_id; Type: FK CONSTRAINT; Schema: public; Owner: postgres
--

ALTER TABLE ONLY public.lms_wishlist
    ADD CONSTRAINT lms_wishlist_course_id_0294bce9_fk_lms_course_id FOREIGN KEY (course_id) REFERENCES public.lms_course(id) DEFERRABLE INITIALLY DEFERRED;


--
-- Name: lms_wishlist lms_wishlist_user_id_6e9443f0_fk_auth_user_id; Type: FK CONSTRAINT; Schema: public; Owner: postgres
--

ALTER TABLE ONLY public.lms_wishlist
    ADD CONSTRAINT lms_wishlist_user_id_6e9443f0_fk_auth_user_id FOREIGN KEY (user_id) REFERENCES public.auth_user(id) DEFERRABLE INITIALLY DEFERRED;


--
-- PostgreSQL database dump complete
--

\unrestrict QfPgTEuZzayvLXgCUxt3Hsc8Fo7J5Lkog7GKBYXjszeh8Fk8rIWwbYFuP4oFZ1L

